169938 42 27
131926 27 8
175730 39 9
187383 31 2
134752 30 34
12471 60 20
28558 37 12
127449 49 30
41860 63 28
51353 41 0
55159 43 18
2049 52 28
72716 34 41
210673 46 32
81524 57 5
84152 11 35
181822 65 2
17465 28 24
1998 44 46
201380 38 8
183424 51 20
86305 59 48
70574 65 22
80463 71 15
89102 42 48
74259 33 49
172119 22 5
91022 40 23
178008 21 38
191262 42 14
25602 26 8
118235 60 2
79628 44 2
143196 63 47
17485 53 33
206688 57 23
145623 35 17
19398 52 32
157514 19 36
149798 41 29
138783 50 36
77825 42 2
115761 43 14
134853 30 39
71126 53 0
23535 48 43
120592 24 17
206314 23 39
63871 53 13
134396 68 4
158494 24 2
124869 24 3
80008 32 48
148438 13 15
81473 39 46
136856 32 45
184011 18 8
52483 51 4
26772 34 34
28228 47 45
76322 37 9
216330 58 19
96750 54 19
194624 41 21
105176 27 44
64015 47 29
124560 19 11
189664 48 46
79533 66 27
156575 34 33
2291 55 32
15962 59 32
162281 24 15
88286 35 36
84036 61 45
162841 62 6
53969 47 13
8299 47 3
104373 28 28
5968 52 10
30780 47 25
139886 57 27
192851 28 12
47961 57 10
76291 13 34
130812 69 33
45896 28 5
119330 37 9
219515 56 43
174154 49 14
62129 47 15
162379 51 3
40577 38 1
18097 43 12
102368 67 17
178253 31 1
52679 50 22
138468 30 29
158516 43 29
102005 43 43
213242 33 46
205660 33 12
138421 45 11
148914 36 42
13304 59 35
154620 35 19
83653 49 24
17100 66 43
44674 41 42
121662 60 33
55031 39 34
5918 49 0
207163 34 10
194464 55 47
215864 58 33
4115 55 47
123659 44 19
59627 38 12
30449 52 21
69378 17 24
93994 67 1
117823 61 39
109003 43 37
200974 66 48
4510 59 33
170967 28 32
107075 41 44
55307 43 30
137934 36 41
121594 56 41
213163 54 21
4341 51 25
148297 52 24
158054 41 16
120966 35 20
189977 21 27
209231 66 41
112689 45 38
90366 60 20
130700 36 16
92922 59 24
56834 60 37
41832 48 42
50432 46 10
139498 33 49
14405 24 10
76935 48 32
83796 38 0
64615 35 39
111634 66 20
214132 59 0
25711 54 36
187338 32 26
166684 40 23
176627 39 16
184884 28 29
191207 36 43
171154 35 21
15117 39 17
44877 58 0
99105 22 49
21283 45 29
36446 52 14
18228 49 16
121238 47 47
208641 31 48
89067 53 18
23532 39 30
59640 42 14
139290 39 44
89975 49 24
209978 51 21
141787 40 27
18241 25 19
134996 25 1
63654 18 36
59688 44 26
63114 37 19
94813 39 32
8653 61 40
41084 60 43
159680 51 30
24428 49 23
111684 24 25
196845 40 30
173896 38 0
82142 59 2
7402 43 21
46910 48 30
79704 43 3
81865 46 7
85429 26 44
215399 30 25
96758 45 35
189128 52 35
176633 44 36
101799 62 22
176449 61 15
136794 32 18
44505 25 2
16702 25 39
169791 21 46
9038 41 21
205147 38 2
197871 56 42
97842 49 40
199566 51 40
147499 72 22
146935 61 3
97003 48 45
29345 62 33
189111 44 28
152423 58 23
120507 31 42
130608 38 48
26472 46 16
24665 33 43
213107 26 31
36302 43 48
214305 30 39
124272 48 17
181406 29 11
23682 44 32
35919 60 26
201746 36 40
188358 59 20
174844 46 31
93772 58 44
30753 53 41
198896 31 30
119760 48 29
174092 45 38
93901 29 42
84224 51 22
28878 50 17
56293 30 18
137351 13 37
219047 40 27
185444 28 5
193897 59 1
170514 40 26
57067 57 17
126085 68 4
218276 51 34
125285 64 40
51025 47 8
7878 60 11
132744 63 4
202531 27 37
13697 34 44
172235 54 15
8008 37 37
135180 50 5
140636 51 6
22461 30 8
189739 45 4
195833 34 43
108852 34 17
6424 60 14
5174 40 9
165369 37 38
1884 68 12
13794 56 45
41487 30 43
161020 42 22
136514 34 11
132022 33 19
41351 64 9
125309 48 10
54798 55 3
29224 56 16
195656 47 22
19410 39 18
76712 54 29
123582 67 16
193376 60 16
18770 36 24
131227 46 20
2603 25 24
216196 34 29
134637 39 11
50913 51 18
41995 49 25
61907 34 38
14822 45 38
187438 27 39
141938 44 36
143943 45 31
21367 34 28
200394 46 20
42232 60 49
29161 43 36
190555 54 29
49081 22 16
214452 59 17
199962 60 25
161162 56 9
187376 51 45
35925 43 35
132693 44 7
48056 64 40
146982 53 20
113634 29 5
186698 38 10
177167 34 39
136096 41 49
23956 61 1
56110 59 43
77303 59 4
106908 53 17
116483 61 4
48294 34 28
191832 62 2
79476 44 0
54644 37 39
68756 65 7
140093 58 40
12136 33 3
94875 38 2
168271 45 9
89656 34 40
107648 58 16
171419 35 20
53418 48 21
184456 38 25
120819 39 47
66870 60 0
5344 37 42
68048 38 29
8716 41 9
191808 20 31
183589 34 6
96544 39 11
3769 65 4
162263 57 11
137458 68 40
103363 28 38
183563 41 32
106150 57 3
64849 43 26
185936 46 21
133938 48 27
44128 41 42
134040 19 38
105829 59 12
138946 64 14
76304 64 4
131872 59 22
107389 41 24
80954 50 5
57981 50 5
105894 66 25
106571 16 39
27291 49 2
200890 32 49
152340 40 22
190728 30 49
126477 62 6
92338 39 10
129508 29 42
70352 53 25
24485 64 18
10103 20 9
220484 35 13
47957 25 26
7777 49 3
39222 35 2
96708 45 23
4021 62 1
176976 43 23
12445 41 19
163586 53 29
15715 32 8
136656 29 37
55995 31 24
114726 63 16
70334 59 0
26035 27 3
216995 61 14
65344 35 12
202127 55 8
213695 48 3
180410 53 26
136007 30 2
45712 29 24
82401 42 48
180351 24 44
213629 62 20
24723 56 5
39786 51 49
20601 63 34
81058 40 12
171450 55 14
137980 39 29
173696 39 46
168693 55 27
93149 49 32
109649 61 14
38424 54 35
151118 49 34
164670 55 32
11430 55 11
81196 43 42
134647 31 2
36391 45 1
32350 44 46
127591 60 16
64996 22 31
129631 47 10
73817 20 39
27549 46 33
166787 52 14
108610 66 10
220486 37 24
16644 37 18
76135 36 38
189355 53 19
208506 26 21
212867 41 7
30610 48 20
51284 51 18
199981 30 49
169955 26 11
146607 45 15
77903 58 42
200487 29 37
152251 36 48
11774 17 1
197510 34 48
178753 70 4
124790 67 27
35126 33 34
186397 62 40
187715 42 22
141585 37 48
179571 52 32
117978 57 19
159724 43 23
10677 41 39
136917 61 45
117301 33 42
23952 35 35
163462 41 8
62581 33 28
56859 39 23
147072 42 27
43598 59 0
166497 31 48
184913 57 48
211132 32 37
192075 46 23
32610 45 43
169539 30 17
110610 50 48
216251 61 45
92617 57 31
174630 36 36
210631 28 41
24875 31 21
109289 45 45
107686 69 34
133933 35 29
67265 38 30
159381 44 34
84190 40 16
125031 47 29
37258 44 40
196191 41 44
52105 26 41
4833 21 6
62202 33 36
30430 49 4
129908 43 7
149836 48 12
198576 34 23
123662 67 33
204046 41 10
86599 36 10
37416 47 42
146107 44 23
84531 71 4
204911 41 14
117958 57 5
4927 41 32
99344 54 22
25053 52 34
184785 49 46
4593 25 46
116518 32 18
217744 37 24
1448 40 41
137740 33 25
212632 29 24
144810 42 38
158016 36 39
26321 50 17
193474 69 47
140793 36 1
28136 43 14
72571 56 10
171844 62 34
211121 37 37
94108 38 9
4973 19 15
187680 62 33
64097 38 34
2506 27 22
58081 49 35
34501 51 25
110455 27 21
130255 39 26
141998 41 37
125262 50 19
120568 46 31
55154 50 30
173610 65 15
133960 44 12
164306 49 32
152545 42 40
2033 60 38
197825 19 28
109333 42 29
141536 32 5
15054 42 5
81373 50 35
163063 46 27
119249 47 40
14138 32 35
160454 20 46
91868 65 0
22607 59 38
34173 27 49
41485 44 15
153383 34 38
47513 39 14
154406 51 47
85520 42 33
134029 46 10
80186 64 22
122667 64 19
43639 48 17
125072 44 20
107677 40 44
41915 33 48
186505 56 44
2192 28 13
186456 36 36
100939 56 30
218964 29 6
61579 63 22
121740 43 28
220469 43 34
43289 43 44
140119 40 30
130079 23 8
178894 59 14
193347 67 43
75190 50 30
121158 34 22
138458 42 45
214048 62 43
106329 18 16
126914 24 36
177505 30 34
217243 51 45
185513 28 38
105434 35 36
160120 39 23
12933 60 0
53571 57 10
65702 22 16
133105 37 26
75478 41 42
2348 45 16
156089 18 8
140734 31 24
100625 25 19
98244 41 25
215340 70 24
154317 37 31
198116 62 25
123479 57 6
8646 51 16
30544 35 43
107647 27 49
186850 36 8
105405 28 5
46414 46 1
174411 59 1
211894 63 3
91678 35 38
151433 25 21
210264 68 31
97325 31 21
168364 49 8
26241 59 33
190074 53 4
13067 45 13
65161 42 30
79834 30 44
41842 36 45
5649 49 14
158851 60 10
209930 23 45
19971 43 14
121757 57 31
120371 33 41
77939 45 15
97709 67 14
96428 51 48
83629 40 37
149283 34 17
195120 51 35
137603 38 11
219165 40 19
59176 34 29
27230 39 49
189582 42 12
116088 45 10
206815 39 13
59611 58 9
220242 38 31
112314 33 46
95425 40 30
174012 34 21
105174 30 9
193957 27 41
99083 63 23
181407 57 10
213556 42 22
156521 32 12
183096 38 20
154739 63 36
73525 48 25
186684 22 5
198295 62 7
153587 53 42
203274 13 15
168788 54 30
179195 69 33
203360 45 7
99875 45 3
116297 54 19
192906 65 7
44501 29 3
27862 37 16
29200 46 27
79293 48 5
121580 33 19
170932 42 5
93431 57 10
51507 31 46
173040 33 25
4325 41 2
90981 52 16
114377 35 23
76285 43 24
50812 45 34
147141 45 43
14419 38 12
91490 47 31
164824 59 44
55855 18 27
188549 56 16
4603 23 48
181699 28 2
111882 49 48
198214 46 47
191391 60 0
12835 30 6
63814 21 36
114758 43 44
92020 41 17
57050 34 10
53454 60 43
11257 33 29
213791 61 39
119306 21 39
172549 60 42
216022 31 6
21907 25 38
1074 53 40
124352 57 37
14672 28 8
3816 40 12
165730 30 41
195220 52 8
21802 36 46
193270 27 21
197544 47 9
87352 49 34
117466 44 36
81254 44 42
157245 42 46
11768 30 44
16812 34 38
160917 58 3
49686 37 29
131304 57 7
89438 31 36
115722 19 5
118901 31 40
27143 31 46
202004 29 36
156981 31 8
90002 26 16
182976 62 10
181580 71 20
191835 54 40
172166 52 19
39348 60 14
148281 47 6
93355 44 5
77801 26 5
195907 53 19
143974 31 45
69068 40 28
191840 15 44
61124 34 18
199068 31 18
181066 45 3
63666 37 11
121880 68 33
38489 51 39
63624 37 42
129438 50 7
65373 29 41
201175 27 28
125647 46 42
175128 29 9
180876 37 46
40908 27 41
176602 41 2
102784 34 45
155744 57 19
21723 60 17
93476 54 11
202174 50 26
4888 43 43
43440 34 4
9252 24 36
35128 46 49
106338 59 39
170381 29 18
198944 54 29
116482 37 1
146012 59 43
197048 34 16
27426 26 21
162731 44 10
57940 60 0
202183 28 1
138363 50 46
117977 58 19
84873 56 19
54153 22 48
23023 52 48
160098 60 12
41719 58 20
30047 39 40
71582 29 11
79892 64 5
109021 20 30
90548 28 8
166644 56 22
127076 33 5
79572 29 39
37261 39 15
26707 39 22
85345 43 28
111668 39 41
136460 36 46
95951 35 28
103312 61 31
31147 45 26
192934 39 41
85 44 49
140602 59 4
53814 36 0
108958 38 9
172293 42 3
164298 34 37
26817 34 44
73944 56 47
78441 60 20
126289 23 15
61562 20 14
157434 17 27
55317 62 15
142982 57 15
104358 29 37
96899 53 23
85806 56 33
173108 51 13
160430 31 46
95682 43 13
119358 50 27
99211 37 8
24542 40 3
133217 40 39
15938 56 29
92483 54 43
174509 50 17
209201 21 8
157293 16 36
85587 37 42
47726 32 13
11218 59 14
82850 42 43
139193 39 47
166335 48 24
21988 66 4
6526 36 13
79757 38 28
76489 45 37
95493 50 25
158478 43 8
2148 41 28
35415 23 8
52041 58 47
81947 59 35
205021 61 1
189609 50 11
57808 58 43
96413 62 26
87692 31 27
10114 39 42
104010 61 0
154041 56 28
167939 55 19
36058 38 1
208273 31 47
109536 20 18
73331 28 9
110470 44 19
181115 57 33
67570 43 43
64546 26 32
116820 44 41
123052 30 30
79606 54 27
53515 71 27
37972 35 14
160661 53 43
81431 59 6
208448 48 39
78772 26 11
48275 28 46
199723 53 26
57886 23 35
29842 43 23
33896 56 1
165940 46 34
191467 37 42
137418 50 8
157229 32 19
101716 26 11
156958 49 48
42112 25 22
140814 34 19
7212 60 14
132666 45 13
66557 36 45
127092 32 41
124169 24 37
113340 20 22
71272 62 9
106706 51 27
206422 36 3
144243 23 3
139673 38 29
111547 46 15
89465 52 0
11741 27 2
28856 39 13
78495 36 29
159311 36 3
133559 53 18
212645 33 14
124311 45 2
194430 27 41
91997 46 17
68863 42 8
7198 32 12
36769 52 45
156227 70 40
179443 33 44
192321 22 3
170018 56 20
168653 34 10
57665 48 47
62482 21 37
35143 33 41
99178 59 33
152037 32 29
153179 62 48
79048 69 33
207168 37 31
82957 48 16
198528 60 24
7163 31 36
16678 47 12
75042 61 9
196837 49 31
37526 44 48
219278 53 4
127255 24 28
54083 56 4
112908 49 39
47089 63 10
22800 29 0
24333 36 3
35713 32 7
41736 39 31
217746 53 20
115563 55 45
114253 43 14
157705 53 32
8132 19 41
96802 45 12
197180 59 48
203810 55 38
203506 63 31
166783 57 27
167109 56 37
49157 41 29
29516 36 14
216302 38 18
11681 46 34
196116 64 4
163556 60 25
99095 46 1
141116 44 33
164892 34 45
93305 48 42
132800 49 2
118357 46 14
138789 26 21
186042 34 21
4094 36 28
143561 40 25
33054 58 16
84465 47 7
204572 25 36
108590 62 39
194447 50 13
49040 62 32
134196 55 1
58127 39 2
170505 47 20
156219 55 9
50480 39 32
28491 57 33
34977 41 10
81392 67 3
209713 38 40
168791 37 7
183773 24 3
155653 66 10
34634 70 8
182240 46 33
213784 31 3
6849 67 15
185142 27 26
154797 28 30
144993 41 22
218852 42 32
138874 36 5
191951 30 30
131992 59 23
186119 54 24
143903 54 38
136030 39 24
77639 28 49
65151 34 17
141670 60 2
151791 48 30
169208 66 14
219430 37 10
123902 19 44
189822 50 10
43228 63 9
121977 30 5
23544 38 3
69395 34 25
152063 65 7
140629 23 5
13725 50 26
155762 38 22
134216 24 44
164162 30 29
162675 41 34
142222 63 40
155734 54 44
210648 39 24
129261 68 4
207060 59 33
55165 67 33
58391 30 38
154971 46 15
23311 48 13
150848 53 5
229 36 25
44100 19 35
62805 35 7
13625 70 14
92254 40 3
9686 36 7
206369 34 42
208420 55 44
34725 54 48
164829 32 28
113077 21 11
100736 47 21
13941 36 7
83855 60 25
47708 60 34
27829 58 25
11234 56 46
43555 46 26
200081 39 39
23880 37 36
79330 22 3
97453 32 21
57332 57 18
135605 42 20
38805 27 13
8419 53 7
75355 25 48
196341 29 0
30280 41 18
137946 44 23
15669 45 11
203788 55 40
62619 42 8
78176 17 3
2892 36 11
176649 35 36
4838 61 46
205909 30 37
110929 36 16
85328 56 26
180374 18 18
177977 47 38
214763 43 13
50663 54 18
166114 60 0
169347 64 44
219898 23 35
49857 59 33
137741 30 29
170688 42 9
137701 18 20
156082 30 49
71067 52 1
63834 39 29
60388 29 0
173673 62 9
214526 44 31
150573 65 14
163566 33 2
88833 35 13
7146 34 45
100866 30 26
116020 51 26
218475 34 40
111443 57 42
106368 31 11
121284 61 28
108977 49 44
206952 34 9
88671 42 46
142848 41 24
816 53 45
138086 19 1
144444 48 47
117381 67 38
160800 42 4
27252 25 46
150175 54 44
120023 30 8
192815 42 45
157706 33 16
58268 32 19
172986 39 37
50743 28 30
19660 41 23
63942 49 18
165987 42 38
188717 38 37
7596 66 17
45214 43 32
168583 61 35
195036 41 42
11837 59 33
75044 69 20
138710 33 24
167246 24 41
146258 50 33
68493 72 10
37988 61 14
156432 60 14
162027 39 49
138627 19 12
34584 45 41
159308 71 33
218867 37 6
90058 36 10
15457 46 4
192085 40 30
168270 46 4
51874 29 30
160175 54 8
12814 50 39
170062 28 7
44137 26 32
173857 56 19
29734 33 40
26570 68 36
23267 67 40
43444 33 30
47480 31 37
37320 39 1
117057 47 14
217997 39 30
39624 64 6
127790 40 13
23017 29 10
156928 47 31
185718 45 31
202632 38 6
98774 40 28
214680 68 20
89701 35 42
98031 23 15
121378 39 49
6453 35 41
109657 51 47
130729 59 19
108001 44 9
69547 45 15
25636 27 5
76861 42 16
193285 44 23
5848 58 13
71711 49 43
146821 49 30
99933 36 29
91360 46 27
140765 46 47
84601 54 33
180322 57 14
154179 38 27
137564 64 41
14951 23 46
212169 31 42
126860 65 10
113791 61 32
169200 60 33
135828 35 6
193160 29 6
31207 48 16
110303 32 45
180646 25 2
48340 70 33
174272 38 36
23026 26 49
118629 41 41
179713 25 8
94860 15 23
146272 25 36
85990 53 4
151036 28 2
139919 35 35
101500 23 31
187641 39 34
13310 35 21
100666 54 14
25941 36 46
56196 29 29
153188 41 34
40423 49 47
93961 49 32
59062 49 12
68501 31 35
87907 44 44
54876 35 7
138473 41 14
216880 32 22
11286 35 0
104489 68 49
35370 53 32
78480 22 38
6467 40 13
35489 29 42
101390 51 31
107632 51 13
193072 17 15
146216 19 8
211550 32 49
62301 38 35
160970 30 38
109221 51 41
194741 38 37
94796 64 19
82673 65 34
196521 55 23
73082 48 19
25824 58 32
75900 46 7
66157 37 3
160503 41 7
5354 46 10
52146 40 13
179943 60 39
157908 52 6
219264 29 5
33047 54 0
64616 25 4
22482 34 16
143022 39 11
67638 38 29
19055 43 49
131751 34 13
176937 48 13
115280 50 14
192434 60 47
85451 44 28
178178 28 31
64960 26 10
10247 61 21
210533 35 42
61649 65 4
130902 57 20
73117 43 31
158660 45 47
106370 55 28
62443 26 31
20452 27 42
57100 64 22
139513 70 47
97635 20 0
21444 28 48
10341 28 15
162507 41 38
219776 52 7
195983 26 9
21845 43 6
102575 48 22
129917 48 6
176229 46 16
109400 71 38
130971 61 28
26346 60 46
94858 60 14
108007 26 9
135236 23 2
119430 38 24
66529 60 40
34762 34 2
211361 55 7
2316 49 0
61008 55 20
216305 34 27
163236 48 5
12047 34 18
100840 47 44
31292 25 44
17716 55 47
41097 61 30
196809 32 17
126532 50 0
36407 40 19
111824 49 19
151719 43 39
186112 27 34
86554 32 8
205960 45 30
170738 39 32
220228 29 21
186866 38 1
178575 56 7
163248 54 8
210585 45 44
96518 54 22
28429 49 32
195921 62 4
201880 49 43
20895 22 42
4106 38 16
41421 50 46
146900 59 29
161358 22 29
120554 37 18
109172 44 16
157513 47 37
167314 29 45
82977 43 9
168415 32 35
148034 63 4
174853 39 16
177621 62 31
199547 56 20
79233 30 25
136477 39 26
107494 58 43
190981 40 4
117146 44 13
141455 43 32
196431 63 39
203088 62 42
84587 35 44
177389 37 14
19922 68 49
200977 35 19
72904 19 39
50648 36 23
53404 41 7
218665 44 31
36688 41 22
178627 44 34
152298 30 18
30798 50 43
74116 36 2
45838 25 32
180915 53 5
82819 44 45
180177 28 35
157834 25 26
104383 42 27
79191 29 28
32734 29 42
185676 27 34
106211 41 32
220657 48 30
75001 58 0
64620 53 7
104104 28 26
101015 36 20
198875 52 29
122791 28 3
149236 58 40
63937 19 2
145 25 11
168531 16 30
35959 31 48
165294 48 17
90026 42 19
13989 44 45
139174 27 39
45385 57 6
198234 60 0
25409 41 24
176136 65 10
157219 42 44
5680 65 31
64472 34 21
86840 37 37
14331 48 0
89651 32 37
97892 29 5
123576 31 43
204632 59 40
75153 45 29
138543 29 48
177437 28 12
115619 43 27
82866 42 6
13463 42 29
21007 28 9
179924 22 22
176499 22 35
56272 40 12
2450 66 2
202928 28 9
82715 45 31
185224 40 2
117174 63 22
196927 27 29
17253 47 24
187987 65 2
52352 27 16
4471 40 10
137750 21 22
8596 27 11
150082 44 7
54504 60 17
101599 54 39
158156 31 35
206081 24 34
158288 39 20
128460 30 7
71218 58 28
31074 41 25
60009 31 27
144372 46 27
31747 64 17
51460 48 0
215854 30 39
37322 52 37
5286 31 46
208905 38 36
133327 52 14
136402 46 5
205738 41 46
76858 26 21
135695 31 27
198364 47 28
30652 32 31
72251 32 45
218199 55 13
53271 40 6
215108 28 31
213926 56 13
63843 35 25
3084 28 9
63118 60 48
17510 41 0
86496 40 3
189278 37 34
211703 63 17
144298 33 26
74009 66 48
15186 39 22
154931 39 23
139637 58 40
158587 31 13
163016 43 18
69806 21 2
116788 43 32
203577 34 42
135260 48 15
35866 53 22
129786 39 42
195103 34 47
72686 27 37
5882 31 44
54313 33 19
219833 22 36
198409 19 35
19083 36 10
113763 23 22
140796 38 34
125742 60 23
113229 41 15
161047 56 19
2404 40 26
111050 34 19
100032 57 48
80869 41 29
4 41 4
92629 43 11
9391 43 6
92500 32 30
49525 42 23
83842 53 11
199498 29 30
53289 32 31
79509 52 42
36878 36 29
79285 43 13
16305 28 26
37633 40 29
7767 35 42
182298 61 11
142259 31 7
87420 29 20
133637 44 44
5119 60 28
110337 47 47
219629 34 38
205804 39 37
27702 16 2
146310 57 26
120399 41 46
86733 29 28
116688 17 5
91560 42 13
53719 46 8
2090 41 39
105293 32 3
169614 48 47
48413 58 22
106372 13 39
153145 56 15
96529 47 27
124025 24 4
155592 69 4
108883 26 10
92265 36 11
152666 53 29
1479 23 21
44249 44 2
34622 61 13
127871 55 47
107125 55 41
17741 35 46
167386 19 8
127945 39 35
151690 65 10
112744 46 18
63912 41 12
157125 18 3
179168 61 33
209904 65 42
166370 32 6
195902 36 43
74319 57 11
63168 63 4
159304 34 23
42752 35 44
113749 41 43
172784 43 33
175404 32 13
65708 26 11
150547 40 18
131609 67 31
207862 28 12
36184 35 29
158947 61 26
173937 54 11
39567 39 35
146564 45 40
81576 65 13
204576 53 26
16022 31 26
157704 42 46
101960 34 23
174170 41 36
106659 39 22
113313 29 14
105501 56 18
8272 47 40
88888 53 41
125120 40 18
185009 49 13
181276 50 28
17899 53 31
6625 48 39
142411 33 3
80366 38 24
196223 28 21
204592 56 25
205009 33 29
115173 59 20
57335 49 22
57129 61 12
38366 46 17
76480 50 30
56595 23 3
23434 61 17
115720 30 46
88343 62 40
20932 58 19
61994 58 39
69049 45 10
217461 46 38
6416 25 14
135931 35 26
205558 35 16
108350 42 18
145092 34 5
206186 59 10
205649 49 18
177585 44 40
113362 38 24
52534 44 13
22746 68 4
194079 61 9
15563 41 42
95605 40 49
163331 67 4
126542 62 21
164853 50 7
198933 21 0
79070 21 37
110561 68 40
51080 38 23
16974 38 14
125193 36 26
8026 42 14
200603 34 43
58856 37 14
5771 30 42
180503 50 25
172797 46 43
49210 40 5
23928 27 38
161485 39 36
130473 61 40
187022 30 43
85358 52 37
164678 37 47
188019 43 43
19925 44 37
197263 15 8
79295 30 18
82955 21 6
185258 47 29
40174 27 35
189597 20 6
170065 44 43
151983 80 47
197795 54 5
149447 63 1
175701 59 12
78151 25 1
119969 38 13
171638 63 11
133254 61 36
199635 67 33
211487 72 37
128090 61 5
146291 60 14
212771 30 18
94146 53 4
96516 46 21
208702 34 38
218101 25 0
203973 62 28
154065 25 30
118719 53 41
36739 32 10
53181 41 21
165058 64 27
45051 20 11
215216 26 39
94353 34 39
169886 24 3
54568 34 34
126290 58 32
131493 55 32
53086 44 26
11057 24 8
11927 33 10
173475 64 9
159153 69 17
63265 20 40
195988 37 42
160821 61 28
209992 37 13
78646 50 9
196997 47 34
7156 23 0
54123 64 39
204737 50 34
42045 48 42
121310 61 3
199155 45 0
71061 30 4
53614 51 10
6661 46 25
177800 49 23
167669 30 37
7732 44 1
195434 35 45
199501 32 26
140221 62 40
20563 23 2
201317 31 43
96358 38 8
219491 72 40
175210 29 11
185681 27 21
126610 22 37
118643 66 48
55616 26 3
211597 62 29
210704 38 38
57679 41 11
213162 65 17
176264 67 18
208604 62 11
204569 41 12
81107 53 33
205160 61 10
12026 65 40
175340 36 42
16392 44 44
171776 42 22
193008 39 8
156487 47 35
130497 30 26
105104 26 47
57507 27 8
57583 34 29
175667 43 3
111615 60 10
71299 23 29
122330 59 0
29501 25 5
98532 61 42
60428 39 48
58211 17 39
47296 56 14
44466 44 24
211006 47 18
42937 27 26
82838 31 18
136992 29 38
83169 37 46
37931 67 17
148817 70 13
213255 53 20
79621 52 8
32030 55 48
218722 64 4
18490 64 35
82813 44 10
154921 39 13
207032 53 19
121120 43 10
115767 28 45
147898 71 4
72994 46 26
167220 31 45
202569 46 38
141905 40 46
56370 61 29
54019 31 7
116022 27 9
173015 65 22
166417 46 43
160260 24 2
9571 58 45
59112 31 8
116547 61 36
75934 42 1
101896 46 46
88750 53 44
151589 46 15
78167 61 11
204441 59 10
83403 35 25
174682 39 23
69563 58 4
57097 48 25
55747 57 34
141452 43 38
79668 49 18
213311 40 43
74936 36 32
76446 43 29
56849 67 20
16642 38 34
3505 46 8
59403 47 22
127509 31 14
209164 43 8
72944 38 1
67417 28 9
199415 54 1
34044 32 11
94939 26 18
171236 56 27
126395 35 9
154787 22 2
25813 59 20
76194 60 14
116819 39 11
93086 25 3
64539 35 5
205697 44 36
24968 39 14
172125 35 31
205522 21 37
104365 43 25
125104 36 22
56240 57 20
118204 68 4
129694 52 19
213601 29 17
190254 29 22
82174 53 44
76736 25 36
44134 29 14
111058 35 49
72531 38 2
34168 38 23
25675 32 12
4057 33 45
124149 41 18
169326 30 37
33838 31 7
3453 58 9
128236 22 45
33741 59 28
25806 43 8
219950 39 12
158996 46 45
120032 36 30
216932 56 48
153574 41 7
195746 25 45
65841 48 23
110194 43 31
117274 21 2
102313 31 45
155591 44 40
214036 44 19
40428 53 28
211499 41 40
67114 21 15
7820 43 2
11719 16 44
83754 34 5
75769 42 20
100511 56 23
47138 57 40
40728 36 15
203349 43 42
108441 49 10
160987 25 30
33441 30 39
164966 34 36
182995 39 17
63929 34 15
213575 45 25
4134 62 43
215364 40 47
68711 37 32
41434 62 40
24519 28 42
174406 49 43
32794 60 14
168104 51 11
6983 53 34
45464 46 23
206243 62 34
209042 20 31
37577 25 12
136130 49 8
107102 53 23
183000 37 38
23158 30 5
76105 27 5
2685 29 49
9834 63 49
78150 48 31
122549 34 49
145279 36 31
8037 64 9
95009 41 23
603 52 42
8199 32 14
92450 60 44
205574 41 43
138965 51 4
200942 50 48
214873 34 5
173575 36 6
192051 41 28
186004 56 49
147698 27 21
14488 37 43
102125 54 0
144692 68 48
39029 65 24
76445 19 47
76455 49 41
172402 42 13
41901 71 40
25659 40 8
420 32 22
101268 54 6
30506 54 19
65945 23 6
4323 55 20
180807 50 28
2523 60 18
20686 50 27
80867 37 11
212859 31 0
143276 20 3
8962 33 46
153411 63 14
118125 44 17
35327 68 25
3299 28 38
216820 58 33
202292 47 46
131247 50 0
119314 39 1
69822 33 24
208935 62 34
68718 44 23
45529 66 34
189372 53 13
206920 64 14
71530 53 13
73424 35 28
187649 29 27
160151 28 22
139417 35 35
58846 43 17
146428 28 12
9885 26 8
217286 50 49
643 61 33
65983 31 6
132774 19 36
195734 48 39
138037 31 38
3715 34 39
70995 46 13
68774 69 16
190842 62 9
144611 59 49
155911 13 19
119016 27 39
12189 45 20
193219 44 49
26494 61 4
63563 54 4
81409 37 1
77414 30 34
92316 53 31
83205 69 4
55207 23 36
126032 39 10
194310 39 22
133436 30 2
76534 52 31
147777 61 20
137802 39 41
100700 59 4
190450 71 13
56623 30 17
198684 45 15
204443 67 10
56602 29 30
30745 58 1
61787 24 35
104916 31 22
164900 12 2
207913 50 25
2447 54 48
87236 32 27
164243 42 42
115663 24 28
149198 39 20
159123 47 32
110809 66 22
96493 57 33
107696 35 17
218326 64 27
59483 39 25
26131 52 44
201120 65 40
70826 33 3
170089 60 2
17230 46 22
123454 28 29
41665 44 33
21855 37 30
140663 45 40
176332 36 35
16620 61 40
181014 27 2
90858 15 44
110275 69 40
63579 18 46
146816 34 37
194308 56 43
170358 62 22
117149 37 28
200483 51 37
168498 31 24
41866 37 38
208169 20 35
182496 50 6
9695 47 0
32380 62 25
50286 42 17
155236 50 4
160391 52 0
31410 24 27
44122 61 46
147687 49 0
75192 62 22
187108 45 32
120275 66 9
108033 47 11
90358 65 28
130445 38 41
191096 63 13
40343 23 2
176296 56 48
113830 42 1
80664 48 31
15386 40 21
215615 46 3
153509 24 36
77521 65 8
199657 65 25
48815 68 37
84568 66 40
77048 48 47
35379 61 18
122851 41 26
38965 34 31
56086 48 46
45074 51 6
219105 29 18
176079 62 13
139951 46 12
108999 32 7
100152 46 34
80872 43 24
11063 45 45
48659 35 12
91939 30 20
206221 60 33
12616 36 31
3446 46 5
140785 32 8
201720 64 14
220217 58 33
55364 45 44
16891 64 2
83404 59 33
220826 44 0
56899 37 43
3803 45 3
159777 40 27
186771 49 27
173754 22 15
59766 42 4
136317 25 19
46433 26 8
58192 41 41
116379 42 20
210618 40 21
24661 68 4
35230 43 41
187299 20 35
69937 52 25
190931 34 6
5456 34 21
11047 44 0
79111 23 3
130689 40 0
97692 28 25
165198 21 5
9545 31 6
80923 25 27
218283 57 40
175062 51 37
124659 60 14
215335 44 47
137943 61 32
126059 58 48
72938 48 47
95306 50 12
25241 44 24
161355 43 26
81628 39 21
92912 25 32
38225 26 24
19452 53 8
29420 30 44
181139 42 18
49633 37 21
69109 60 48
53881 34 26
209292 52 14
137312 28 30
177697 32 7
110711 38 17
193414 20 48
215992 40 32
122181 44 6
139743 51 20
137813 50 40
47824 42 18
203845 36 37
206256 58 4
12102 64 49
160548 61 1
58138 55 14
55362 33 0
95838 32 11
31136 26 39
217086 66 1
169715 47 49
132253 45 21
82702 55 0
73700 55 24
172329 41 12
206084 36 17
37887 55 10
23348 36 13
112418 37 30
196154 39 0
42150 47 32
194178 42 18
103535 41 22
165905 43 43
110074 34 46
10788 40 31
103521 40 11
85572 21 16
220037 65 33
47391 36 29
138153 27 6
12860 64 18
200736 22 37
113778 50 10
52751 46 27
218004 45 1
133741 22 19
213191 35 18
90494 62 41
195634 45 46
42195 30 21
98890 61 40
149194 59 42
147348 39 46
58094 47 24
121724 23 11
65505 36 42
189553 44 45
184791 56 9
27422 42 30
198908 34 49
112954 67 40
185020 21 45
143722 49 27
65454 21 38
10458 43 30
205822 25 8
37624 55 12
154378 50 1
127499 55 6
124711 55 17
83145 57 25
98145 43 13
14620 54 13
66208 37 17
98056 52 22
203726 46 23
89544 54 33
166321 39 34
89361 23 39
109798 33 3
101944 48 47
8594 19 8
109883 30 18
11365 28 30
166019 35 28
55827 51 13
77259 46 45
64495 48 4
193073 27 49
48449 29 30
126302 68 1
70805 28 25
104563 24 24
186542 24 34
205130 44 49
115670 53 44
123929 46 15
39185 45 25
168780 36 49
111477 37 39
106523 52 40
25203 46 39
50853 36 46
43728 49 41
21669 51 10
213475 56 7
70541 46 16
86811 48 36
7065 39 29
151061 43 13
183090 47 32
145131 52 39
25234 39 40
67616 60 18
62729 54 43
61631 27 28
116305 30 12
47191 18 45
121268 46 31
30894 43 3
10665 49 32
73643 45 16
135750 47 34
40236 40 31
178615 31 34
43066 57 9
144887 46 37
177142 55 19
212053 20 35
196915 43 47
57181 38 24
13727 38 18
28693 57 47
207052 28 12
50681 31 36
53678 53 18
114362 53 44
196928 53 43
33261 26 18
86274 60 43
180553 59 14
67109 48 22
162596 26 42
138969 54 33
19641 35 6
87460 61 49
39879 35 3
44897 36 5
149204 49 29
214221 52 33
31867 45 31
119447 16 32
207117 48 47
181917 37 38
192737 43 48
25896 31 11
200009 47 20
78829 41 2
184215 46 29
217340 40 23
40106 63 19
136202 48 32
170159 44 6
36404 22 21
180265 40 12
117710 51 0
153824 62 7
109168 66 24
90315 35 14
5055 40 9
23501 39 26
660 60 15
162080 44 31
178275 32 40
125303 66 12
139843 28 7
124747 59 0
70003 22 44
101313 28 7
112537 33 11
137060 63 20
98867 35 26
111894 41 46
167999 43 41
23246 57 19
95529 25 45
153033 64 19
79574 16 21
74574 49 7
87629 37 37
193968 21 46
94620 36 28
111371 47 30
164458 48 7
28645 43 4
210185 31 39
31824 48 22
50399 42 44
167497 49 25
177223 27 43
178020 51 25
92845 24 38
126325 31 16
5830 39 34
189225 42 16
97668 24 42
97380 54 11
130496 52 23
173757 31 30
163507 31 7
94917 60 40
46127 49 36
114048 36 16
209316 29 41
214247 42 45
179133 35 23
123601 24 29
55004 42 47
216533 31 7
213463 59 0
200871 30 34
195048 58 19
36992 36 47
33071 53 13
63806 44 46
36033 42 19
122250 41 39
13452 49 21
134792 59 48
141803 50 1
33884 41 17
130466 43 40
164515 37 49
145019 26 22
210512 29 24
28361 28 3
130695 35 21
188251 45 27
78252 28 35
53037 50 7
206428 36 25
55907 47 32
96328 31 42
143723 60 28
69821 44 45
112449 57 32
129083 42 9
215124 31 32
154836 27 23
121047 16 41
147893 37 8
214923 47 22
150538 47 11
72416 39 29
140293 32 16
117917 39 15
118698 26 30
192220 28 12
5740 46 16
109363 41 28
220241 47 23
105376 44 40
195197 46 29
88274 37 38
18413 68 15
211355 32 3
177684 18 36
62179 34 1
208242 65 10
110619 67 24
134628 43 20
38910 62 0
63718 35 43
147865 50 49
189793 53 21
8678 25 24
90971 35 38
211189 53 8
75368 36 15
131983 50 49
72558 26 21
1477 55 10
172639 50 43
81171 57 38
168738 47 24
97691 21 2
197072 48 30
12438 35 31
88862 54 13
61015 31 3
167758 24 11
10981 60 41
196929 60 26
212893 35 0
26078 46 12
52563 60 25
101284 50 23
15510 41 10
133727 23 8
171185 50 49
146828 67 7
78532 49 3
173834 34 35
115222 46 44
25005 48 14
111817 62 47
32831 30 2
123012 36 49
170495 61 35
111409 27 48
153305 45 24
149002 69 44
43742 60 41
53004 36 25
103246 43 27
64401 29 37
27727 63 12
13456 34 49
117748 31 15
27574 39 19
23260 23 38
153910 22 35
181436 33 22
62174 43 24
129497 65 10
90190 35 35
180183 54 3
136976 44 44
41895 63 47
11532 25 16
18076 34 16
120240 51 49
97813 39 19
83286 58 14
137381 59 24
31180 58 48
122337 54 33
63932 27 37
159313 41 24
145705 25 27
147163 41 15
45815 41 46
74023 61 27
155617 28 22
171768 38 15
30380 53 33
139569 35 39
37835 55 25
27984 31 38
183241 69 47
56696 65 15
199888 27 21
195784 42 5
12999 28 31
97215 62 41
3862 47 21
128749 59 22
92796 65 25
57563 41 11
107263 35 0
99448 25 8
3893 35 38
26264 24 24
197548 36 5
3077 37 29
219346 29 41
217763 46 17
15215 43 21
77821 54 12
214462 64 32
46077 28 12
59039 47 27
140285 52 25
129188 64 24
41981 27 39
102699 38 9
126871 56 45
63538 42 42
179038 52 23
29663 42 28
76308 57 7
22652 35 44
14553 55 40
40797 24 27
174733 55 39
26732 38 18
73413 27 13
6436 50 43
116109 43 35
158452 52 43
174475 59 14
204744 40 21
37670 63 19
148492 64 12
146943 29 18
54517 29 11
91094 38 45
113175 42 13
114833 46 28
57732 33 36
5001 35 47
127294 54 1
30122 60 14
145841 54 38
136206 31 45
118254 64 10
212561 36 3
46691 40 29
106443 33 45
55808 26 46
1995 27 37
189694 37 39
20770 13 15
65754 47 5
214061 36 32
173547 35 8
170 60 8
45791 37 41
193951 60 37
6868 20 21
156042 40 37
21756 47 16
24635 30 49
206671 40 25
64165 65 13
187485 50 33
48981 28 39
142072 57 2
181891 36 15
28128 31 7
17677 67 4
166345 35 45
123388 44 17
120564 64 9
52596 24 18
185871 39 8
182763 39 31
203573 35 37
8379 44 6
212022 40 25
75084 59 0
108228 25 38
220397 65 33
106167 46 41
117942 61 13
190135 54 19
106652 32 44
77919 56 3
15246 43 24
183234 35 15
120578 37 24
213270 52 28
11483 59 9
22343 40 1
43842 58 45
8394 26 31
160015 50 10
172189 19 39
10562 21 36
115007 57 47
42984 14 35
167694 59 48
142981 30 11
197018 72 9
24454 65 28
139445 40 31
125913 30 42
213797 31 31
13093 41 47
96368 21 10
219284 43 5
66260 30 25
171218 31 22
184360 41 44
197775 37 37
66914 38 18
153634 36 36
207681 51 12
94695 25 37
109051 31 29
178617 33 2
30484 43 8
161360 37 10
5128 44 1
66722 57 40
4131 40 0
165678 33 36
210994 40 44
47704 63 20
80896 30 5
179850 45 31
41939 35 6
71431 35 5
215346 28 5
181492 54 13
219365 46 16
108770 28 41
84942 37 30
41444 41 24
171463 45 34
143687 52 17
168526 60 39
74520 54 24
176456 33 48
11064 41 12
1567 35 7
16924 39 5
94255 34 11
67010 28 8
177607 56 33
193301 47 11
59732 53 35
80414 61 23
171680 50 40
132007 58 33
15849 66 9
151944 48 24
81662 45 17
183280 24 31
93462 64 23
18641 28 18
92275 31 3
168450 39 42
103542 39 42
170480 43 0
6858 39 37
64949 38 6
127657 38 24
218676 33 40
81752 66 46
127170 39 2
194244 35 33
7573 26 22
158123 45 32
93492 41 23
71818 49 18
45893 50 45
134756 20 39
1575 28 41
93913 61 33
185353 53 32
155417 33 46
197698 32 21
200663 23 5
98923 42 40
31645 32 16
109091 50 44
80158 30 30
133420 59 41
78364 63 26
3706 27 29
71482 26 10
138184 39 48
28493 55 33
146168 42 1
209114 64 40
135813 39 3
4817 46 47
114524 47 28
328 40 45
207287 57 47
83141 58 31
33116 36 6
18558 51 47
90460 42 15
71610 39 23
82138 28 26
135222 54 19
113223 54 18
63221 68 36
138976 62 43
208540 52 34
80367 41 18
194642 36 34
3889 34 35
189218 47 20
67001 50 16
117717 31 0
188515 53 7
209736 17 36
105138 55 7
99154 32 35
90290 62 28
118855 44 0
47035 36 34
85040 61 40
198603 43 10
107385 51 8
55812 36 44
124059 61 2
90508 55 15
163511 42 47
42145 46 12
101939 37 37
214102 33 2
29335 40 22
186043 46 27
169254 45 19
129413 23 45
103721 39 43
103276 44 22
134612 38 46
25543 30 5
28996 45 47
205362 36 44
91673 62 25
218725 44 18
40635 40 43
130203 39 36
178773 33 9
185401 26 16
117673 55 22
70244 48 8
201397 33 9
48870 32 26
103354 19 2
51809 29 20
165 34 13
115616 42 37
131759 15 5
72756 40 1
15568 47 34
9978 37 40
141084 29 39
47052 42 19
179234 49 33
66445 32 28
122483 49 20
152537 50 39
62033 50 24
155583 28 3
202132 29 46
218461 56 40
24250 53 38
64395 43 32
14535 51 24
21302 53 28
215688 46 34
161683 36 19
5012 59 40
190805 23 5
18281 31 5
121331 45 43
170673 37 44
99793 66 4
216466 28 45
185931 46 32
91717 47 41
115419 33 22
172163 20 3
186495 47 30
176545 56 14
158183 49 12
30764 21 39
125065 59 33
31047 34 15
55894 29 36
200478 52 4
115062 26 12
97973 47 16
195461 41 39
147031 56 15
208881 37 31
199427 33 36
143937 37 36
7411 47 23
130286 47 19
150485 54 34
20289 37 4
33379 43 4
43575 38 31
170462 44 17
193387 52 47
166465 54 33
133817 65 33
159699 43 38
56715 53 33
107901 33 1
111080 37 0
165461 48 47
196567 53 19
46599 31 36
162709 29 27
156211 57 10
204462 61 26
92957 42 20
131269 52 48
160174 33 37
146391 45 26
88702 41 37
9636 45 5
146028 69 40
170151 41 27
114183 40 44
187700 55 33
196056 44 16
204674 44 13
117598 40 12
10237 44 9
202139 62 34
86538 26 11
66727 49 13
86382 51 21
138913 70 25
35173 21 2
42063 25 0
174362 40 5
116446 60 23
201236 30 27
4029 68 9
159690 32 13
70774 43 45
215626 50 24
211058 60 30
42296 29 19
205041 63 33
203635 58 49
42317 42 33
158435 28 35
105424 49 33
17214 52 41
82336 42 46
144781 28 7
52027 33 44
114137 20 13
152174 32 27
216997 50 27
162685 45 24
154578 24 49
193496 39 29
113579 47 47
4852 57 30
97714 64 40
93460 39 32
205272 38 36
193394 71 15
149763 40 37
196691 51 33
104819 64 9
207301 40 41
18819 32 16
26766 45 36
149034 51 19
214083 28 1
27920 48 25
136998 61 20
155717 36 19
100868 40 19
144734 43 14
212857 39 43
20054 54 17
202924 40 26
193097 52 21
171426 35 3
24575 44 17
17452 31 26
81731 34 7
89140 54 16
172294 60 13
46663 31 3
113823 63 11
173510 56 34
11045 35 23
151057 31 41
104164 53 46
30120 41 13
137871 62 34
16371 32 49
59536 12 15
45472 48 28
171558 19 48
62512 25 39
18727 67 25
67299 38 2
31887 62 20
126177 61 32
78658 53 45
53101 48 43
61056 26 10
206392 49 13
111997 54 7
18321 17 39
148193 29 0
175068 29 46
103855 29 38
25363 36 47
195742 54 36
75385 35 36
98519 66 31
36597 35 13
380 56 40
83178 44 46
116740 37 31
148930 26 18
87408 50 8
159687 41 22
180916 40 6
19848 49 41
205457 24 46
179595 36 44
140572 46 2
26467 42 33
69616 49 20
48689 65 40
109463 32 2
53846 65 24
50977 23 2
82321 28 39
184875 45 3
186259 45 43
85405 43 49
69613 49 44
20522 36 9
75782 65 4
173555 67 19
207921 32 49
2096 71 48
202969 51 22
162137 49 25
47237 69 13
123534 17 36
199748 48 41
202658 30 22
190594 48 21
79437 72 13
164078 40 7
127782 54 1
129667 37 21
38138 30 9
28310 47 28
21334 36 18
4947 28 36
161524 42 27
80090 55 22
193318 32 37
83565 49 31
101753 42 24
149514 38 21
109092 61 48
169650 56 39
122448 40 6
85625 44 3
44600 55 21
46850 65 12
2830 41 21
13472 62 25
108824 45 18
67047 36 18
19535 70 6
8432 69 11
148843 30 42
68968 63 33
194033 65 40
108 39 16
118444 44 26
103674 64 4
122275 33 18
173410 20 41
39331 22 2
72761 64 39
104336 43 28
112273 62 21
31725 50 21
156873 49 2
17415 47 35
163084 36 32
110066 34 40
53001 35 11
123019 45 29
99420 44 28
85759 46 18
41215 57 20
145662 49 14
174402 43 35
155402 39 8
32124 54 14
166083 48 31
178605 61 45
82694 42 30
217386 57 30
116794 45 31
107612 60 16
110365 43 31
88681 50 34
79566 53 33
158361 55 30
164393 43 47
61705 31 46
176467 65 4
21224 29 21
199864 38 12
114124 69 12
158747 32 21
182251 63 26
53146 39 44
206579 47 24
56146 26 49
162928 39 9
66252 60 40
137958 45 18
119012 29 17
116622 50 22
56708 29 41
58480 60 41
133025 50 48
149104 29 46
193632 54 34
104707 39 23
176863 54 16
110377 43 30
216950 54 33
186365 31 27
189446 35 12
211165 39 48
138602 41 44
12691 43 3
132627 32 30
87469 34 16
190904 38 9
142500 21 42
19027 45 2
18139 62 13
60662 40 6
217969 46 5
72353 38 46
11587 63 25
652 38 3
122749 17 7
188091 47 22
99998 60 0
115471 62 33
147861 63 40
143055 67 40
36452 26 37
93929 40 32
185608 57 13
170574 39 8
170600 29 43
155506 43 31
3925 36 30
215091 25 38
73553 67 40
60663 37 43
33614 57 1
61018 62 38
57923 54 23
139473 32 49
185950 58 16
154277 35 11
128594 51 16
3648 29 24
135891 54 30
156589 47 22
41962 27 11
144273 17 16
105739 50 31
44730 48 49
218383 48 34
44197 42 0
179033 38 43
102998 33 7
34294 41 12
155700 53 35
61867 30 11
112206 25 30
159398 57 0
151386 27 39
53877 40 41
193368 49 47
178527 25 1
55575 43 34
3116 38 31
26791 63 1
186107 62 13
28627 41 27
130362 34 29
185776 30 26
83000 30 31
128905 32 26
992 53 20
195481 36 18
153675 43 41
196205 43 6
4361 60 14
52677 48 20
101973 31 20
161759 39 49
15542 34 15
110012 36 23
82709 43 12
210448 37 5
51504 51 29
107306 59 0
36075 29 15
99031 25 22
35706 45 39
4787 39 41
143600 34 36
139383 40 40
73091 63 37
67820 48 27
150416 50 23
154840 67 20
944 49 6
35242 45 40
154980 44 19
108779 56 47
72905 33 12
80478 13 15
182051 64 9
53457 61 2
159546 52 42
100954 36 29
91907 28 48
201310 48 22
127504 36 47
104296 33 18
188014 41 13
160084 42 48
57522 56 12
1026 40 47
41815 36 31
134347 47 16
87216 46 31
203877 21 35
68086 32 19
52388 62 44
134818 69 43
203391 47 34
101022 41 45
103680 58 3
111641 39 48
43553 42 28
160833 55 27
84488 61 19
99599 28 6
108000 25 6
68763 46 34
79195 39 29
172443 48 46
106072 37 24
110767 61 8
25728 16 46
100873 13 15
73568 50 1
163903 44 39
131154 24 15
11213 50 41
202899 70 17
45229 19 2
106126 56 25
145171 36 41
34053 63 30
172075 41 14
164101 33 34
8729 55 33
137150 53 21
215456 48 1
138822 61 20
211692 47 29
138973 32 43
140081 27 5
26812 34 24
101930 50 22
109602 48 10
55157 24 44
105982 25 9
182047 40 28
80370 50 36
70742 34 16
51054 41 47
87347 60 14
208719 34 38
94494 28 48
163559 40 14
151685 27 42
53540 23 46
72891 60 17
131454 30 2
137155 31 37
57234 31 28
69718 19 10
133708 58 41
172631 45 23
1627 45 25
61959 57 7
82025 51 11
151336 35 1
103251 34 34
145531 23 8
162296 51 8
71802 31 2
27969 27 36
84194 65 39
147071 59 14
191737 63 27
102061 48 20
103564 54 15
107929 27 41
178099 43 47
146403 52 32
181857 39 23
152470 47 19
115856 30 11
199950 55 32
172610 37 11
4751 47 38
9362 38 0
194087 47 23
38690 58 34
134182 24 3
160227 48 12
198447 17 3
109013 25 37
155148 36 46
100678 25 3
170666 51 35
173684 23 36
62258 20 36
110893 60 14
6937 45 32
85378 41 10
73724 29 15
13847 41 44
67462 41 9
209632 50 19
21878 29 26
139660 36 46
177155 47 13
81235 48 31
147783 65 33
14363 40 33
27749 47 31
83407 61 37
163876 37 13
213244 38 26
103293 42 11
202075 64 17
185052 42 21
78469 23 48
189714 27 42
157696 62 8
157573 47 4
42354 34 46
29333 37 28
45377 51 25
148091 66 42
174970 46 49
207757 41 12
157093 65 40
153826 54 33
167376 25 45
19729 52 43
64958 50 18
172113 47 19
31502 35 19
117480 36 18
133509 42 45
203643 43 49
46632 63 16
113550 33 10
61859 28 3
189488 61 40
58243 43 11
182243 33 20
72971 55 0
179675 50 35
12057 47 40
63117 40 6
115266 63 39
132773 53 18
91222 46 12
66038 32 45
193528 36 45
203215 34 4
190273 52 17
18524 41 33
187189 60 36
174624 37 31
11356 22 5
181023 38 8
42506 23 3
110980 59 47
126900 46 21
53566 62 4
100777 46 2
4824 62 49
838 33 7
199393 38 47
190441 64 3
167417 60 29
157493 27 31
205356 26 46
47121 20 30
28978 51 14
157907 61 14
35302 55 4
109745 69 40
194364 34 18
172992 61 14
74752 14 15
22772 61 0
138352 32 49
140406 29 42
91504 69 48
126993 43 35
199025 50 43
161052 25 15
184437 25 18
113893 31 26
56402 51 19
10469 58 28
98151 23 46
89756 44 47
9949 28 44
47590 68 4
163375 39 13
11280 23 31
183632 28 21
216477 29 42
45570 37 7
204906 45 16
130580 61 42
62690 29 11
165695 59 16
167509 65 24
79594 45 22
100609 52 18
195500 47 1
19597 32 46
120847 37 12
40223 23 8
85707 24 35
187983 14 22
97083 42 41
126089 30 41
190400 48 36
66680 35 27
44060 58 27
117316 60 1
162469 29 30
67404 49 22
127046 62 19
194000 49 30
141413 56 4
56516 68 41
53880 43 41
142716 13 36
37428 45 44
5268 48 4
14086 55 26
44153 61 32
14282 47 33
102134 34 36
40702 41 39
103758 37 7
9124 44 24
81007 40 31
27198 44 35
38587 51 13
112362 30 3
180413 60 1
115098 50 23
207571 41 41
113147 47 8
150631 48 4
148420 28 0
212944 38 3
179 32 34
14507 58 31
189924 67 9
137280 36 3
33780 44 10
186630 28 49
137147 43 8
60378 54 29
44952 41 45
39587 51 25
101605 58 15
174085 41 18
36676 33 18
20128 59 34
51035 33 7
63974 27 28
214490 68 40
50553 30 37
89963 35 27
83835 42 43
95709 64 32
196899 49 19
113611 39 1
116956 46 1
193628 21 3
4856 34 38
54250 58 21
29704 49 6
83244 37 18
127196 51 0
124630 63 44
126165 15 8
212719 60 27
29421 52 33
159130 64 48
119948 55 26
116550 33 21
207280 62 35
93048 60 29
42065 48 15
31397 60 21
159434 13 15
201157 50 15
19447 42 34
122925 61 11
219304 41 26
71546 61 25
182061 57 29
119134 65 0
58915 34 49
151687 30 39
89621 36 29
114386 33 9
66087 48 12
41946 33 44
89233 61 14
61686 27 36
210054 26 18
25577 40 9
28450 37 18
124899 30 42
43080 27 38
96198 26 36
171191 33 37
157650 48 32
42528 56 47
209860 61 14
143891 51 30
97942 43 22
192017 48 43
107262 50 7
73170 35 1
215196 32 41
87473 48 45
53729 46 22
14475 64 20
176199 60 14
53122 61 40
220418 19 46
30822 43 39
26087 39 16
93423 55 35
113722 37 35
122439 46 15
148829 42 16
49377 40 21
142482 50 13
100119 28 33
169381 54 25
160752 58 27
112668 48 46
51398 38 31
77625 37 22
44957 28 9
211008 48 26
170882 54 34
10320 38 12
51388 52 18
52163 40 17
174820 18 36
7002 38 46
215939 68 39
2835 52 8
50105 44 9
32707 55 35
71725 28 3
187596 37 46
128967 46 11
653 32 20
10178 28 37
50466 24 14
111382 28 6
115416 61 14
85482 68 20
47081 28 41
149059 46 3
6042 41 33
204539 31 18
77136 49 33
128269 46 13
89798 36 36
109208 65 14
5340 39 22
183669 46 6
102251 31 0
160509 38 45
120590 35 31
13026 57 0
187210 55 15
45163 46 19
142622 42 42
150561 60 3
200522 64 15
192649 61 14
103350 39 22
181092 55 27
64377 37 10
99235 39 27
41396 31 47
133320 31 24
152586 40 32
209420 60 0
110575 28 25
91682 56 18
159077 52 40
68649 39 24
69190 56 16
16035 42 49
183645 59 4
13483 40 26
7138 20 30
182707 35 3
58681 44 17
126510 49 18
13819 37 17
126760 40 9
36840 53 2
29339 42 22
118972 63 33
130399 30 37
178945 29 31
54558 44 32
196957 43 27
113928 32 42
219717 46 19
12978 31 26
146742 40 41
144800 42 22
173355 57 39
11094 19 29
158193 55 48
15303 45 33
6393 47 10
205087 51 17
112366 60 0
176038 49 44
72599 35 2
95656 65 15
13152 36 16
179838 44 44
193817 27 29
73042 13 36
107483 24 24
187377 57 39
209219 38 26
48859 62 32
31200 47 32
173201 29 36
156349 37 21
195288 61 4
60937 43 7
158401 50 45
136386 30 11
135403 47 48
197007 54 40
97168 40 37
72103 47 4
177283 63 19
174030 39 1
85538 45 26
99232 29 10
20046 46 9
149155 39 40
145098 65 48
185897 43 31
180675 39 37
175801 32 35
40038 53 21
97042 69 32
113618 57 23
83525 64 29
137330 53 13
62547 30 35
90506 24 39
124970 53 15
177456 38 8
193018 39 49
211993 59 40
85259 38 24
137889 47 42
100952 59 10
52439 41 26
217668 35 43
175446 55 34
144599 47 27
14 44 34
22312 19 15
52087 68 40
177431 47 37
61914 57 5
160143 46 7
91571 35 44
76028 29 29
147778 43 6
128299 54 19
19409 55 32
35869 68 12
154309 35 11
124958 40 27
163550 30 2
84467 51 46
81080 27 44
216383 39 7
17057 38 34
102610 57 46
102907 32 38
200262 66 17
215564 52 6
62521 42 49
97712 29 1
13432 26 41
127288 33 26
219706 22 9
9854 45 27
72480 31 5
201027 39 20
32628 46 29
199324 49 16
123893 61 23
207920 64 33
27199 29 37
213304 29 3
119719 59 7
196159 17 3
149292 37 28
2136 45 45
76545 49 20
181317 39 7
214670 69 40
202885 18 35
97859 48 6
207761 40 0
196276 54 17
83152 57 5
191484 45 42
24241 43 18
139831 37 28
174623 53 17
104548 64 19
205005 25 1
163870 37 21
89539 36 31
207489 64 20
116470 61 46
72243 46 46
134226 39 41
200868 29 28
3688 65 15
187026 36 27
89254 44 5
179302 38 45
112319 38 29
76484 34 38
84332 30 21
106222 30 33
133962 61 17
65530 60 12
84413 48 41
52448 69 9
108448 36 44
207007 18 40
153606 33 23
68116 39 35
10967 37 32
160446 46 13
118556 24 27
102683 47 42
3976 43 22
176280 51 45
123235 37 26
197338 53 23
210028 38 37
217031 42 17
91112 47 2
43302 48 36
132664 53 9
126641 29 24
26280 32 28
114577 65 22
32916 65 29
135758 39 36
81075 52 33
51554 63 43
111231 48 10
210597 44 22
192664 32 49
218667 34 12
9805 25 26
64622 35 2
122994 46 24
70126 46 34
212479 40 24
208001 52 18
118307 50 40
164373 30 15
116942 57 40
12639 66 39
74128 45 4
148522 59 10
204996 25 38
143507 35 5
173375 53 49
34761 60 0
134779 37 39
169664 52 33
73319 28 37
158252 62 17
210230 68 34
214541 56 3
90909 47 14
34828 53 43
71874 29 25
97586 50 34
108123 34 46
44305 40 6
127584 36 49
396 59 48
89689 61 40
39630 31 42
940 35 46
6700 36 45
124042 36 48
103171 32 37
102461 44 6
171891 25 49
168251 32 22
69708 26 21
93028 45 16
103764 29 3
208181 46 27
73695 30 13
103124 35 16
35877 46 24
70361 29 8
176340 31 44
211765 64 17
15953 50 15
121683 30 30
179527 16 24
100951 47 18
75379 60 0
115494 55 30
204662 36 30
15969 60 4
82966 60 0
79612 68 4
40255 35 36
26339 62 20
42091 68 47
74340 49 10
127730 46 9
138652 54 18
215128 19 28
15591 25 5
170179 38 5
205293 63 32
151825 35 10
40746 54 32
125363 43 7
190107 45 41
12404 38 12
153463 49 9
11564 57 26
201287 56 19
127671 29 42
168903 26 8
53805 37 6
119773 27 38
167112 42 24
175894 65 32
138322 48 8
162858 52 17
215022 47 24
177503 71 40
211451 59 26
219844 33 2
77210 44 42
55020 52 4
126199 42 7
214994 53 10
214244 60 35
169241 18 41
144420 51 14
53005 46 35
97672 15 25
129032 39 36
28086 51 40
210024 37 28
48230 48 17
102519 36 22
118297 43 15
42734 39 39
64612 66 47
180139 27 45
59130 37 32
100818 22 46
172665 47 17
182555 41 8
146466 64 20
92769 30 49
111333 61 23
152047 48 31
37398 52 4
174543 40 42
215285 43 13
128881 25 1
88287 65 17
48255 33 17
33551 34 43
210795 40 37
59842 68 28
21705 36 8
137755 25 35
22774 47 26
6384 45 35
41916 31 30
124495 47 35
89193 29 2
185424 53 35
82360 35 48
97000 35 11
208674 57 17
190221 64 48
184123 39 25
123681 25 48
32290 29 30
86149 37 37
96379 45 43
81101 61 18
146839 41 11
116938 42 24
183455 50 46
112697 32 11
147169 39 9
37169 43 47
10290 43 14
213454 39 49
11830 56 10
217566 41 17
138256 56 44
149004 38 5
202381 46 7
156550 44 39
7927 60 39
220798 34 12
19195 52 49
26461 56 37
131455 49 8
48860 29 5
199901 27 43
199642 18 17
63746 37 35
214417 24 3
45233 35 46
26950 49 9
123349 54 40
125755 33 21
36955 44 17
18997 64 39
220164 41 0
16580 59 45
64704 33 7
116143 41 24
79643 24 35
15650 39 5
196599 69 43
215905 54 27
71114 44 46
87876 49 27
107974 52 31
48202 34 38
69682 55 27
89100 50 42
185465 56 44
102046 25 38
136344 58 40
106327 35 39
212546 48 26
28821 54 10
85988 54 23
149649 52 17
173523 31 7
140203 56 44
127497 38 19
80059 50 3
47366 27 10
190560 48 29
74404 63 43
141460 60 0
65144 38 23
28139 38 27
147173 38 47
14540 34 48
141795 30 30
135826 36 39
91083 46 32
159495 59 25
135658 46 38
114281 30 46
77739 47 27
130389 53 28
73755 58 1
49255 38 16
125246 63 35
50149 55 26
160666 23 36
201830 17 18
129879 53 23
87362 38 16
36045 58 12
37740 28 38
93779 52 11
129670 36 29
160033 37 36
123804 29 30
164529 37 15
192584 47 49
167916 23 26
80755 45 21
2389 38 1
64397 64 27
99797 41 13
65443 34 45
97374 27 26
4932 46 1
21436 42 16
184583 43 21
98172 54 28
165224 48 17
208240 34 11
139226 34 30
129029 49 21
144450 30 46
62305 41 28
200187 26 34
36239 50 7
18783 28 41
184790 58 20
111270 61 23
169829 44 10
8247 28 16
113736 20 35
64892 45 12
136857 35 14
153173 38 19
129463 33 49
184612 40 4
141999 29 41
5610 26 12
52176 31 18
29509 32 31
180079 58 41
149813 21 3
111203 27 11
68905 34 12
97050 51 40
146401 44 43
191237 60 14
180473 37 41
50626 43 45
16619 25 9
36129 47 39
166892 37 1
164308 56 11
160944 46 22
120322 61 23
61878 36 35
150524 37 19
202027 35 21
172250 61 29
33593 60 2
73571 41 31
181527 44 37
68949 36 7
167171 59 33
27374 41 44
19043 33 28
143668 40 42
6544 21 44
168115 49 22
151571 45 21
180044 39 2
118425 41 23
82263 44 44
196 26 39
72838 35 12
51565 30 41
178312 45 0
40587 18 6
41819 63 15
174078 46 35
138265 43 6
95083 17 32
146332 47 44
76852 47 22
106714 61 15
110336 56 27
175287 39 2
98705 47 21
32435 37 0
119415 26 43
73105 47 46
130596 17 39
202685 22 39
198252 29 18
189434 35 24
61448 49 1
48280 47 16
95764 51 28
209077 26 31
120116 54 47
129106 38 24
133605 42 9
119560 35 24
124549 36 49
44745 53 41
10291 44 47
18501 55 7
69692 45 22
169066 39 30
119384 57 5
92429 57 5
189857 48 2
79287 57 16
70848 32 24
176487 40 43
125354 34 19
193306 23 42
127240 56 45
32518 32 30
71073 32 11
174213 46 4
56322 35 16
48641 37 25
26418 44 1
86657 43 26
219149 66 9
190761 47 5
151460 28 42
148006 36 10
143011 25 36
102600 44 21
79399 25 35
115628 36 47
64576 36 48
188453 77 40
41128 36 43
34629 14 49
10721 31 8
191198 37 27
75307 39 39
46984 60 13
92392 24 6
116091 54 0
218065 32 12
97288 67 40
193133 35 38
81194 35 0
124385 73 33
220349 36 11
38009 42 18
83308 65 2
48848 58 49
88817 45 45
116509 51 31
67211 48 20
99218 61 30
43754 48 1
19784 34 3
52209 31 0
118680 40 42
159224 29 0
107691 48 0
12709 62 41
186128 33 45
90165 43 35
62983 54 44
176725 58 34
27394 32 49
121972 44 37
63786 52 24
37675 15 27
168998 35 17
178886 63 19
144910 64 22
23334 51 41
147871 45 8
113178 24 20
102170 65 44
106921 58 20
93432 47 42
216334 61 15
182266 23 36
169006 34 8
101842 26 49
167188 39 8
162647 60 33
139896 29 29
199690 65 40
165836 32 3
64986 38 0
100636 55 43
132244 43 7
219394 62 25
36458 47 16
46748 43 47
173662 18 35
199001 26 7
149673 40 21
205229 42 11
45539 36 46
124338 65 23
45438 58 16
113654 51 27
65850 36 6
35955 52 47
90620 39 38
155189 22 8
30939 39 34
27025 68 15
39819 38 18
159339 53 23
209378 56 8
103221 59 13
165915 26 40
195977 61 28
52400 17 17
78973 48 10
49092 31 8
2827 15 15
87291 42 13
58654 22 17
141125 47 22
53893 61 10
126780 30 24
104167 43 38
197527 70 23
126359 65 22
126615 60 17
202527 65 8
185568 46 33
104849 51 33
55668 39 38
11475 53 32
37203 38 45
86166 23 31
117311 34 22
114083 32 22
154063 43 45
109174 58 10
5575 43 18
90901 43 30
126263 35 44
42743 52 7
196025 45 5
156450 51 42
116179 35 4
190292 39 44
49304 25 9
196248 49 49
134063 14 11
51619 31 5
21542 26 3
160235 44 13
179253 69 28
143999 33 41
129617 70 1
210485 53 24
110331 39 32
24174 52 12
186735 64 3
175628 15 23
70105 52 15
205991 35 38
124868 35 31
150321 39 5
114262 30 9
57838 66 11
158040 23 27
140196 53 42
29769 52 32
115230 45 32
19851 50 10
64872 32 35
35360 50 25
12556 48 18
159493 45 10
132023 53 35
113237 42 13
165402 54 37
189448 57 20
52408 66 20
127601 62 41
139384 40 28
215857 34 5
53021 38 41
158461 59 27
82225 39 26
112538 34 32
196242 32 20
145455 64 14
85371 35 8
155376 14 5
34373 62 4
90241 47 38
182032 42 31
31677 15 49
153455 48 25
159915 53 33
164327 32 28
10302 60 41
176465 30 36
141741 46 19
62066 65 9
109894 56 42
75078 53 35
133226 45 12
160074 60 27
106285 40 16
37329 44 10
57030 71 39
151102 33 19
214418 47 17
194292 41 42
85533 45 38
141440 47 49
179387 16 17
31086 46 27
139785 43 11
113214 56 24
84849 33 43
35216 68 14
181968 59 28
203757 51 44
133829 30 42
13362 49 13
128473 29 17
67845 47 45
27041 30 26
200161 56 6
52848 61 39
110824 45 4
165719 37 45
48347 60 27
94621 20 3
1595 44 3
89356 30 30
90797 45 28
86571 60 34
205015 64 9
143285 47 6
142567 44 42
130500 36 13
70595 41 33
166638 54 26
132246 66 22
149745 41 3
21545 42 2
46461 25 42
160844 49 26
57900 20 24
4219 35 23
131477 39 45
54025 58 12
78580 35 32
198640 30 6
11282 45 28
163645 31 27
113427 44 32
219451 45 49
212004 47 39
202575 37 39
119733 34 23
55674 51 20
139536 36 48
50455 21 34
152480 36 34
4809 32 32
11760 62 39
49149 49 9
95571 29 48
108831 51 25
165646 49 31
69078 51 33
114078 48 27
123276 43 21
171342 38 28
178432 36 20
127736 44 13
22980 49 15
155114 38 22
189354 31 48
97838 48 16
193343 50 23
82978 57 27
26389 48 24
83661 40 2
79531 18 46
199839 40 1
187527 28 30
137257 28 4
192101 38 26
105546 43 28
124415 34 9
176687 43 34
83417 30 49
150811 63 24
142337 27 13
6632 64 22
129598 42 13
211100 58 45
202104 39 43
11906 44 6
66461 52 8
210965 55 27
153819 24 36
108322 54 5
12732 36 47
115758 46 36
202262 50 44
202991 43 43
152627 26 24
168699 63 24
182717 49 32
83677 35 31
56247 47 38
161905 46 29
17147 32 45
178830 21 34
7144 47 37
163665 61 33
63876 30 26
74147 67 20
218403 50 14
88145 14 30
205774 49 18
193374 46 36
108127 31 46
154396 50 34
56382 40 17
184991 37 7
4989 52 0
144962 21 49
51916 49 15
161982 32 32
178119 36 13
174832 52 21
60818 36 15
204350 43 22
12504 60 17
161010 53 9
189095 65 5
105859 30 43
182993 31 36
24041 36 47
189581 23 30
132519 30 29
16993 52 24
155754 50 12
123825 20 45
4096 19 27
91652 46 7
162538 57 20
184031 45 1
189663 39 7
101873 36 41
121962 70 1
212075 39 49
45419 30 21
32526 54 9
96414 48 45
59082 56 17
31586 66 15
72083 29 45
113548 42 24
37721 39 28
46134 39 31
44323 54 22
154916 56 43
147853 51 39
85441 56 49
12822 41 31
15945 67 34
104043 41 7
99406 63 48
116817 53 1
118838 29 1
144078 65 23
179815 16 44
14047 56 20
57740 35 46
55516 37 6
175181 44 34
65152 32 21
106906 45 26
63792 37 6
145920 61 33
206125 44 42
99081 33 7
110282 65 40
206564 43 38
203114 45 16
41758 45 6
6297 51 42
85913 35 5
64821 49 9
181101 44 2
50747 31 5
54358 32 5
21200 63 26
184238 47 30
130129 62 21
180988 37 2
150979 65 25
6805 72 14
93644 36 20
183712 38 38
174703 53 12
50753 28 26
2269 44 19
2008 54 48
219455 35 17
117362 39 7
53978 46 16
85486 30 7
27635 46 30
154174 45 10
85555 58 18
66280 32 28
205324 46 16
164117 46 42
77725 16 41
42116 23 5
104238 30 42
25572 34 3
40311 36 21
152087 46 10
213353 47 13
60471 40 24
96930 31 45
25608 45 39
134544 30 41
82625 40 19
46888 40 6
78878 55 27
153070 41 24
37806 36 24
193281 59 28
105697 37 24
131749 54 22
170424 35 38
126080 52 20
83871 17 48
85480 30 42
64062 25 45
30 44 24
218956 58 41
58894 60 20
148137 38 4
203714 27 12
90578 64 19
95779 52 38
168718 48 26
168131 47 4
79202 48 34
150923 30 38
117751 60 2
166062 56 32
203890 34 42
35211 46 20
196432 25 21
100654 44 2
42863 44 22
137647 17 49
91983 61 6
110406 51 19
34776 45 13
125271 37 9
140558 35 2
218414 32 46
105282 65 0
620 42 36
131927 68 40
81758 34 25
201090 54 36
117262 61 33
23245 56 22
55407 22 42
26134 48 1
108502 32 21
103713 35 42
137422 49 7
18759 36 49
167260 44 0
176741 47 42
61642 62 28
160160 45 31
196604 64 27
108548 54 30
88281 28 15
200101 51 45
127155 45 27
199771 65 3
17212 72 12
210690 52 47
111024 38 24
26142 57 20
95711 21 8
116343 61 5
119985 36 39
53624 50 44
25256 44 20
131842 59 47
66574 46 19
180537 43 31
83051 47 1
160090 58 14
25060 60 28
68534 45 23
85620 21 18
13885 63 4
83381 46 45
154957 62 48
28731 13 6
111820 28 41
174823 35 49
151005 59 14
40643 41 12
214853 40 26
115638 48 34
179687 62 44
200565 64 12
65823 48 33
178656 69 34
28690 69 7
205363 39 24
4774 43 34
205483 42 43
167899 44 16
183594 34 29
167713 22 8
114342 39 30
58371 64 9
166935 53 16
204987 43 30
29857 63 17
197882 44 19
137224 56 32
167172 39 32
213584 36 11
191991 30 9
53975 53 10
20111 46 47
11032 44 34
189444 22 39
21398 33 7
143563 23 12
29083 38 29
167258 49 38
26400 35 30
156634 45 39
20844 24 9
155518 52 4
48542 28 2
167781 63 10
187816 42 12
78267 29 49
45502 48 3
80116 38 31
124503 29 21
96181 44 29
218894 54 15
147832 37 3
55264 61 43
131367 38 2
158634 19 15
59306 28 27
210177 46 47
204458 53 36
17044 38 39
197844 43 42
89558 66 35
156333 38 0
77320 50 22
8155 68 15
8815 55 39
191442 35 2
137472 36 1
180814 34 13
180818 53 14
140199 49 14
98880 26 5
179270 40 27
75256 46 0
179335 47 28
108243 67 20
114972 42 44
175305 47 11
143745 23 44
790 29 46
201122 35 37
96499 62 4
211934 31 13
73837 21 2
103269 52 11
181427 36 41
203554 66 1
20039 15 16
133476 31 5
29834 57 27
1076 39 34
193242 58 7
66824 38 45
112065 31 2
62200 58 37
169446 57 24
100608 29 11
210771 32 45
96848 41 45
2910 35 13
15462 25 35
28175 37 2
98776 64 22
41920 40 29
72020 39 12
14347 36 12
42257 19 35
50185 47 27
143193 25 35
152877 67 33
139519 60 0
90075 36 49
219778 39 8
160095 34 29
75248 35 44
200997 44 16
206113 25 31
129477 60 39
158543 41 28
42071 58 22
97554 60 8
214318 31 39
17482 40 19
390 35 36
130534 39 3
175016 49 8
110707 18 29
160783 55 42
50191 39 49
119489 28 11
74531 54 4
68622 13 5
116850 45 1
217410 57 48
84599 59 35
156791 26 7
177548 47 18
26336 41 3
17762 33 28
100602 29 7
219315 54 45
197192 23 31
142799 37 48
82697 46 14
197019 65 2
132575 29 48
21136 51 32
124321 16 13
158590 39 38
202061 61 18
121674 59 16
150160 53 48
123141 46 22
133417 61 20
63996 33 20
208788 38 16
24529 32 49
94675 26 22
173869 58 24
91496 17 46
29109 36 37
160216 64 17
79184 47 16
135579 35 38
161097 64 35
172231 31 28
75415 59 0
78093 29 49
108793 53 49
5826 46 24
176082 62 4
212329 20 35
83800 46 46
7268 50 5
160895 35 41
4031 35 25
209568 64 31
20004 47 33
201502 65 16
59610 32 28
120161 36 48
172515 29 29
131099 42 23
90997 53 41
173400 40 26
42083 41 13
72339 39 25
192665 40 23
116191 41 43
62322 64 37
42527 33 47
123761 24 8
13474 53 10
96191 19 29
151949 40 48
213599 31 40
17112 38 6
130547 23 38
93955 58 40
116818 48 18
132685 55 36
28307 55 35
6628 64 15
91877 36 42
213576 29 7
109100 64 17
84269 65 17
51403 38 15
127349 50 45
159295 12 15
153254 58 32
84211 36 27
93295 18 45
67630 56 5
21898 46 9
188585 28 42
11283 53 43
112044 59 20
162808 43 19
77268 66 11
101760 38 22
194816 61 44
67272 54 1
165436 20 0
41288 33 30
4398 69 10
193508 36 47
31777 38 23
144708 55 7
59413 22 37
15010 50 9
3249 51 48
163784 39 23
164439 29 0
1208 53 32
15529 48 43
26921 44 3
61213 49 38
61660 28 49
75387 51 24
115489 51 20
168154 53 26
137076 38 17
199259 56 7
11514 43 27
61103 43 25
123931 34 28
40979 22 37
169957 56 3
171751 44 37
121908 49 28
106621 64 49
26066 28 10
138160 27 36
89323 44 34
120117 46 44
199899 40 46
10262 46 38
130162 58 48
140237 55 20
219948 66 15
29925 46 4
74441 34 9
186063 29 12
103716 43 33
149996 38 32
198380 28 35
122487 45 49
195143 28 2
97289 65 32
155988 34 2
30873 42 2
216487 37 26
122654 34 6
51820 28 6
78464 57 1
98262 42 20
199014 42 29
9666 32 46
200902 61 23
92289 65 19
116223 57 3
73541 21 38
62912 36 21
7672 45 15
106507 64 47
28930 65 25
104422 41 32
67437 54 32
201113 30 49
218451 63 32
130665 50 0
59461 52 22
127598 50 48
180854 42 16
45222 36 36
54133 38 31
26789 52 16
150395 58 35
118913 60 40
199017 18 8
204871 41 33
52906 15 35
101441 61 6
141477 28 49
101583 32 12
169560 31 41
86589 36 30
75124 35 46
99488 56 9
60929 34 6
209325 61 47
31385 42 3
89965 37 5
116944 25 49
63848 53 28
194440 26 14
175158 33 29
82735 62 19
213627 53 5
37285 34 25
114392 48 13
185116 61 22
146901 47 26
110604 63 1
178996 24 46
201121 42 46
15279 43 5
123781 65 48
31506 53 15
187868 41 40
8258 49 0
9029 46 25
15270 29 41
132502 37 29
134632 16 15
126782 37 23
74398 37 45
176154 48 47
13371 36 26
9467 40 2
132542 34 3
84552 62 2
188675 57 20
122255 51 27
45355 13 15
134247 46 16
4256 35 38
151830 40 15
173969 49 13
184237 37 21
17047 51 37
83335 46 19
97053 32 36
166137 50 28
98256 45 17
148383 49 6
62698 28 17
174537 28 23
152170 29 34
116058 35 22
217443 61 2
153667 64 9
140806 30 12
5396 35 18
146285 30 48
142915 68 20
21798 49 18
60142 22 37
175410 32 37
187317 49 43
10067 19 45
154706 59 0
113815 60 25
200807 44 26
14376 41 12
41433 51 24
65010 38 12
188186 48 48
61270 40 2
49898 68 4
83880 63 4
184425 35 9
74778 34 27
175320 60 22
12497 34 41
59085 62 33
195478 42 11
197361 30 48
77848 51 40
211807 46 32
75273 61 46
212085 42 37
46131 25 28
209059 51 11
53338 50 9
96394 29 31
79247 55 11
97361 59 36
106526 68 44
134805 21 39
169785 31 15
198381 40 45
215843 52 32
215202 24 10
33319 54 14
181569 44 1
99160 40 7
73371 27 11
125134 55 19
40462 44 6
62184 24 1
115334 37 31
52431 68 3
156927 18 30
182827 31 9
35433 64 25
163195 30 28
181282 31 17
104446 50 45
24339 43 43
162198 33 5
183901 58 29
209934 21 10
88780 70 33
70431 46 0
156991 26 19
110778 29 9
103803 56 20
32302 52 46
60332 56 32
44002 48 26
108858 61 5
131530 63 33
158929 36 33
153464 45 15
47043 33 49
1539 29 14
31130 33 5
149367 55 41
125806 17 9
181097 63 11
85179 60 0
17745 28 0
2002 36 14
126974 34 38
89082 40 11
178642 36 41
212454 45 28
200142 46 47
38554 53 13
169280 57 26
213641 45 8
214394 52 21
166477 39 19
34547 31 18
214644 17 46
81508 54 3
182610 29 48
158132 65 41
93732 41 6
51378 52 9
181438 29 10
142269 51 21
101186 28 12
142643 27 38
177995 59 42
199562 55 3
7727 67 28
134219 18 7
100668 53 43
157029 21 49
135178 23 41
38374 60 41
14150 45 44
19960 64 10
167892 21 45
210213 42 35
185099 38 29
59599 60 21
104097 48 0
48263 38 1
114418 41 21
125288 55 15
95501 44 31
32015 58 29
49020 54 1
151419 40 1
109933 55 4
213216 44 15
182566 28 44
174196 34 10
155727 61 0
73317 47 15
140885 46 30
188387 27 49
39438 41 9
109822 42 23
152219 63 35
139606 30 22
3607 38 18
1973 32 31
29721 30 28
184181 32 9
160343 54 20
153012 58 46
34817 47 28
25276 41 16
140549 53 43
4535 39 27
174480 25 11
123941 50 42
74427 40 25
180144 35 11
7946 57 13
158066 39 46
101478 50 5
40833 55 15
137034 55 30
3461 61 46
49653 45 28
25006 28 12
197673 59 12
134229 12 15
155730 54 19
160939 46 1
129159 29 35
200966 41 29
47502 36 29
148777 36 5
194588 60 26
7690 63 10
455 72 37
93007 72 48
149816 31 29
172007 41 1
128226 36 18
138368 52 1
81276 51 16
43421 43 16
139584 26 13
218328 34 38
142163 61 20
56799 62 33
173792 30 49
172088 38 31
162996 35 8
150901 32 12
206686 51 1
763 41 32
65509 61 20
3732 52 47
9832 27 17
61549 60 33
7419 59 32
161678 51 49
175552 33 5
36977 60 0
176328 52 39
190271 53 36
192492 26 48
200044 45 0
208979 28 3
219132 31 8
12369 28 30
125351 23 28
136828 33 11
140359 29 16
155485 41 42
57375 44 6
128535 52 0
171847 36 46
214640 47 31
856 40 11
765 41 45
113481 64 40
169579 59 19
143373 39 34
26810 35 45
103349 36 3
197588 40 47
144772 64 33
130168 31 41
177414 25 26
217492 42 46
200528 52 27
192021 47 23
113809 42 8
24534 35 30
195358 36 14
37544 59 11
72343 51 43
72595 65 20
14719 25 9
121696 55 26
189806 54 47
118705 18 3
114481 39 48
156729 40 39
73981 34 11
79161 39 49
111842 45 31
38871 30 19
205735 37 23
43222 28 9
49624 43 17
77847 23 14
55280 21 25
102353 55 28
120550 15 41
80362 42 32
195145 51 13
63616 32 46
133686 44 43
162341 35 5
139767 65 24
140805 49 17
22181 54 33
48593 65 30
124862 47 20
76870 65 22
67551 34 13
196817 55 6
53136 64 37
3678 48 23
193009 15 2
6681 25 23
4874 31 36
85469 44 31
212904 20 2
153138 51 16
154139 31 7
118960 32 26
108051 42 17
55339 36 15
62061 37 11
170183 26 38
44418 51 48
89926 41 42
41336 41 23
176223 37 49
68613 45 24
210941 55 30
120633 47 20
32009 41 11
207824 39 16
88802 54 9
192831 64 32
37292 54 43
180890 27 35
72254 39 13
39774 20 23
109542 24 8
164436 55 17
137988 60 14
136667 60 5
152390 45 19
86094 46 18
128722 49 28
107694 48 49
27546 31 44
44438 42 10
124123 47 1
33953 28 36
207382 22 48
128503 39 39
28095 39 49
81729 38 40
18571 29 45
83264 40 16
111245 47 3
186960 44 38
11678 53 28
106873 56 23
44177 43 30
186529 39 34
38179 38 1
117037 29 18
52436 30 11
115791 59 44
204866 66 19
127444 54 14
148217 42 20
25063 30 35
41781 43 27
6767 37 42
116474 59 18
116349 29 44
162947 21 8
98495 55 29
132771 35 45
19408 13 15
132558 29 27
85166 36 34
187954 29 1
166495 36 8
12010 29 30
61080 54 33
208226 26 2
40542 32 4
44668 43 9
89158 49 47
127198 52 42
189768 57 10
99085 21 1
56839 38 10
65008 64 33
84653 50 27
191620 47 1
34336 36 43
95993 54 23
210310 54 30
99780 58 23
40235 31 38
153356 69 26
26253 47 47
111322 33 45
206679 56 42
189992 51 2
18179 28 27
217403 27 36
3762 64 27
132266 48 47
208443 59 13
145227 57 30
59110 30 30
173683 47 24
26046 39 16
171976 43 21
83496 28 19
7048 42 19
159841 38 37
57458 29 43
43637 49 33
207543 56 20
20706 40 22
83811 41 20
131907 26 31
141762 37 28
213159 63 8
79821 59 40
167416 47 12
169686 53 15
116805 63 47
156099 40 13
142958 45 28
99746 31 34
171199 35 6
113768 67 47
103930 41 32
50440 44 26
99023 28 15
106199 39 48
65065 35 35
5237 20 1
44079 44 3
133195 55 41
129857 33 38
211675 31 10
155949 27 39
197022 28 26
179464 47 13
20947 47 20
202513 55 16
193603 40 14
15741 71 6
124145 38 3
174224 21 38
180393 36 24
93915 46 46
77180 40 31
219071 44 19
88860 58 12
204689 54 1
85605 52 21
174673 35 10
25476 43 7
209076 50 20
168560 52 15
123610 31 27
60781 55 26
217681 44 43
167893 18 39
40898 52 8
117878 61 33
165764 47 7
142611 38 19
42218 33 2
119620 20 49
51514 60 14
115662 65 10
203053 60 14
53346 56 4
126343 47 42
192619 36 43
155588 25 7
62333 60 7
65794 64 12
23929 36 15
212300 42 49
82198 41 10
46035 33 16
78461 32 13
204220 68 16
154536 42 24
123730 49 12
85444 67 4
149600 38 37
155025 32 8
116028 55 4
190247 43 16
59289 36 47
158437 56 43
129563 60 30
65514 43 42
164889 59 20
215060 54 15
55576 51 32
204600 64 47
190799 55 28
67201 36 3
128340 62 48
155289 64 48
42927 43 24
46641 40 12
53739 35 23
56744 65 16
1079 24 31
127833 47 48
87796 46 29
149902 48 0
19375 46 4
73329 36 15
138934 35 11
207282 56 47
77073 21 5
161822 54 9
7482 67 33
178088 50 20
138971 40 43
7540 48 46
134839 27 35
166958 62 20
127655 44 43
34680 43 42
26068 54 14
101815 70 28
79629 63 12
153619 43 47
208714 51 28
220499 62 24
955 66 48
11059 26 9
39183 39 39
64507 47 2
64056 40 2
39299 44 3
213772 43 18
90032 19 19
208500 45 28
22177 28 46
145552 52 10
83524 32 24
186168 48 16
86426 54 12
113571 65 3
163136 35 46
144738 50 23
168881 39 45
6374 36 33
97529 44 47
208941 64 22
111719 57 12
208682 39 44
141121 37 36
27715 40 27
59353 33 39
110869 53 21
29467 45 34
35708 46 11
15352 26 42
204284 57 44
133400 59 32
84312 45 45
84329 40 27
116338 16 7
107922 24 24
166503 71 40
47299 60 23
21744 61 22
173166 43 16
133620 68 48
83641 51 7
90788 45 25
28006 30 9
32700 64 39
111014 42 32
57727 55 45
155234 29 3
110664 23 46
22658 44 38
206139 39 3
190778 41 12
168359 52 25
72421 63 45
220734 46 31
146704 67 16
188268 19 9
181100 43 29
187969 51 20
60502 37 7
205563 51 11
125669 42 17
108138 53 12
9135 41 6
153262 69 23
94279 48 10
127025 10 8
146333 67 17
204694 38 23
193031 55 31
35349 41 36
169587 51 21
60176 50 1
87705 25 48
203821 49 43
104515 66 34
128824 48 35
100645 55 22
135742 66 22
96154 44 1
73649 59 4
114363 17 39
79424 35 27
158604 37 12
6030 26 28
195382 15 25
156603 44 43
72501 39 36
212596 63 29
177243 43 25
206218 55 33
110157 46 37
135000 19 3
147530 50 17
156980 47 20
42421 32 6
219783 45 10
105905 64 34
51608 40 11
121579 27 4
34756 31 2
11153 62 22
199428 17 22
191489 54 34
112878 30 30
119148 32 22
53906 21 3
3915 30 49
12000 71 47
9624 49 16
10287 65 41
189387 64 1
149023 30 30
49598 37 15
165469 33 1
131684 35 39
219453 51 33
46233 46 34
23314 44 31
175188 32 45
8531 39 18
145274 48 16
28901 63 36
87963 29 35
161045 53 18
65038 45 12
193065 36 20
121236 33 7
84828 32 44
7702 47 2
105284 41 24
160152 51 20
62905 38 3
131086 25 12
56933 60 19
18293 26 17
219294 26 38
42900 66 15
8929 51 35
161389 55 26
173071 31 18
55160 31 27
44481 36 6
183305 54 47
71585 33 32
220077 33 43
27287 34 48
133405 25 30
209252 33 42
193505 55 32
119837 23 48
68477 44 25
177806 47 30
207576 57 35
118789 56 20
67698 65 42
201469 49 5
202151 44 18
127783 61 10
75139 63 4
212551 48 32
72237 63 49
126342 43 4
185671 55 40
30066 45 12
99811 33 23
181109 32 36
179140 28 42
95532 42 38
56561 49 17
96530 39 8
163466 35 27
139794 34 13
39803 38 32
105095 37 29
82074 53 40
81587 62 14
164729 57 30
68201 69 33
53654 54 48
182719 34 23
96727 31 21
160832 19 27
154927 37 38
116484 29 37
182254 41 13
109435 41 3
112491 29 9
99922 44 29
133799 31 2
13217 43 34
194445 57 5
45651 51 33
85614 43 39
26137 31 37
81682 47 43
56548 43 42
87336 35 2
20720 53 47
130919 44 17
180697 43 32
8492 34 3
25069 65 40
198945 69 6
124040 34 42
32172 52 42
14003 42 6
102497 51 34
43616 41 8
23717 47 32
170678 55 0
11869 45 10
46696 36 45
6761 39 38
62453 59 43
96666 21 9
37748 46 14
187917 27 38
47954 38 29
118047 35 16
104666 44 8
205473 70 25
196476 53 15
77434 36 4
177060 31 24
37870 35 31
154330 71 22
176196 66 33
190511 33 26
109113 61 6
179711 33 25
96199 34 42
146190 38 35
8222 62 30
180623 26 30
451 34 3
218691 67 33
33921 39 16
88836 33 23
109615 63 43
23396 56 29
172374 29 38
35079 55 24
154547 51 12
78892 54 25
94454 52 44
190691 46 22
83519 50 16
73546 42 22
44497 28 30
129005 58 32
52490 62 32
111336 63 33
219904 44 44
84548 66 48
196864 45 3
146037 37 2
9222 25 21
16137 67 4
217055 26 21
133140 65 9
70416 28 29
152080 66 4
179719 52 43
20464 41 24
17203 30 27
220243 44 32
140541 33 27
195692 39 21
191760 55 32
142166 70 13
142724 36 2
206438 31 44
154116 43 6
55235 33 23
190207 44 38
7027 39 1
87131 31 48
163820 15 15
211824 29 34
108093 45 38
207186 23 28
161553 46 49
145644 56 38
151152 66 34
101139 50 1
17137 19 35
215810 51 26
54791 28 18
113536 35 14
218625 58 44
149958 40 18
98191 57 34
109545 35 26
55107 33 43
90001 33 18
93755 38 6
50456 22 11
63469 35 16
198017 37 7
64236 40 10
100183 46 19
101138 39 16
44647 51 3
113189 51 24
72412 64 12
2916 39 22
126581 47 35
212204 66 10
133271 35 0
157308 62 0
13321 32 38
22833 44 26
173604 50 20
91169 31 9
214555 39 26
77380 42 27
85205 50 1
105539 24 6
154062 40 41
83472 59 22
114009 33 8
173263 24 48
215278 43 47
22901 61 6
120462 23 44
144065 39 14
157616 53 14
60311 54 5
151888 50 23
201165 37 28
162167 41 34
15784 38 35
89815 45 49
86725 67 33
17396 37 21
46112 42 6
184448 49 49
202668 48 23
141640 34 48
154345 30 14
216053 60 15
40264 36 37
4360 27 16
191611 47 45
168880 31 30
78081 56 17
194520 42 44
90386 52 40
142481 42 21
183517 53 20
114948 62 17
79401 28 36
31947 45 3
149598 44 0
61970 40 8
98529 54 34
28298 32 3
184617 36 19
74114 30 6
137180 52 6
114796 41 15
53068 36 15
61527 48 27
197155 66 40
107058 55 24
163746 25 26
184719 17 36
197606 33 37
11474 52 28
140186 35 46
116096 41 1
103522 40 7
55725 71 12
154321 62 20
84596 38 47
45660 58 19
206152 57 1
80605 52 27
63736 33 41
1785 28 36
142860 57 16
70050 50 9
7005 55 23
163587 55 14
78363 61 6
96997 42 14
186434 34 18
211082 64 45
132784 33 7
156792 65 15
103783 42 49
156635 46 14
161963 55 13
40890 60 23
211909 39 45
51890 65 22
11854 42 0
171473 52 47
37344 33 2
63561 64 22
186111 26 24
87815 31 9
95826 30 18
185023 37 11
41993 37 10
95020 32 47
58246 40 14
174566 26 15
148971 61 12
57699 53 43
95777 36 26
192303 48 47
14598 51 31
178679 36 21
217742 25 5
173913 27 30
121832 28 30
102362 36 21
102976 17 25
150177 48 33
177919 34 5
114558 42 18
45147 67 4
102835 52 10
131359 63 25
205225 43 45
169899 31 46
85188 41 5
121731 40 5
71600 35 49
131134 24 8
213357 46 31
95169 50 26
8095 38 39
8652 39 5
126069 13 15
197624 50 16
72255 31 36
49156 52 36
57040 26 21
91287 70 35
170096 42 1
62300 30 7
43186 50 26
166807 31 25
58643 57 24
73524 45 39
73420 18 45
48785 42 20
171103 27 29
183943 45 33
193052 45 26
75402 46 29
92273 53 45
78608 27 13
128847 45 47
38058 33 38
217494 39 47
48702 30 49
172621 57 30
110577 51 37
45330 32 28
146811 35 43
67996 20 17
148954 64 25
170822 35 6
52998 38 5
139560 13 49
37923 37 14
37265 51 20
102680 32 21
9585 28 5
184808 68 32
75281 43 4
179318 62 0
20200 53 17
38017 44 44
70076 62 28
167103 38 32
184348 47 44
194859 42 17
117659 46 16
131616 57 16
116271 16 5
23179 38 49
8467 44 43
183575 45 36
52104 57 1
201883 51 23
214815 23 11
11613 54 30
62177 36 11
25943 59 36
112361 56 47
113883 60 33
199791 41 6
114285 31 5
205056 34 34
49742 65 47
45232 31 18
33433 62 43
110479 35 0
30975 43 6
24985 47 4
31495 38 45
76676 27 43
124599 69 4
62615 41 29
24284 71 5
203466 53 47
215635 45 8
31954 53 5
176663 35 9
159410 38 29
215176 39 34
197058 36 43
177546 33 8
136363 47 31
123845 20 36
71399 58 1
197158 43 20
113015 54 33
151153 43 18
47692 31 45
194931 51 26
79020 53 27
59537 67 27
213674 59 37
182793 42 7
188577 64 4
147813 35 34
138506 36 44
45850 34 21
182649 25 9
175436 53 40
142977 37 14
65736 43 6
124158 42 16
118381 43 27
29716 57 44
148869 55 35
197865 42 32
115316 66 13
31380 57 23
182194 49 39
54350 41 18
182940 38 31
117214 39 9
143443 62 43
213989 62 27
202529 41 11
208650 51 39
57990 30 2
151262 30 16
99841 68 15
197276 25 34
217210 47 34
63411 52 15
49909 51 14
96577 35 27
30344 55 43
184184 60 17
2438 25 21
54463 47 19
124797 40 0
201839 40 17
49934 31 15
172297 25 36
118914 40 38
130136 60 1
48584 48 26
187848 44 47
194605 48 30
46674 47 22
101915 41 44
68941 64 5
163044 48 17
62664 22 41
207013 29 43
159246 54 4
31904 23 36
97016 49 43
86927 45 35
127896 40 1
34621 48 12
104908 54 41
206255 21 37
149667 33 24
72687 54 37
59639 36 22
96582 60 45
23101 45 27
110163 51 15
94367 50 45
102056 23 49
217725 52 19
89582 35 24
177046 62 38
216222 28 41
62031 27 44
163127 61 44
143137 59 20
211569 23 36
145226 62 7
12477 64 14
140007 46 19
119345 62 41
60695 31 2
93503 52 36
141883 49 15
136573 58 15
70037 41 39
23851 45 37
11612 59 27
4001 63 13
142706 36 36
185169 28 3
167529 51 40
151458 51 8
8112 31 35
158097 44 18
147726 61 18
3484 45 25
198429 50 49
14322 37 11
51312 33 17
31536 50 43
45311 63 18
169735 30 2
153899 43 5
140830 53 49
151532 52 47
114370 50 17
43197 33 43
202478 51 6
123917 66 16
101346 39 26
122309 50 47
3431 28 30
77024 40 24
117213 67 4
74951 39 31
8857 41 40
154699 53 18
7279 36 28
96219 38 47
98704 62 40
4619 71 19
95749 18 46
121713 49 6
181275 57 33
101687 37 7
82071 31 13
184205 45 7
46710 13 15
75524 28 30
146633 60 0
187660 30 31
193354 46 45
80074 46 15
108042 36 6
168585 56 48
75095 53 8
49677 50 10
93297 48 25
56956 38 27
122273 29 11
171616 22 32
61009 29 39
213680 44 30
65866 45 18
159070 31 26
199805 62 32
185005 19 23
152290 23 3
142949 27 36
156895 36 26
26283 53 13
166455 65 20
172044 42 21
90281 17 46
154928 34 22
11484 62 26
194001 37 47
188175 49 42
215353 33 49
37813 28 49
208827 52 41
174135 42 17
78372 26 30
181254 44 29
148302 54 14
50118 42 12
108068 45 6
54986 31 29
27203 38 28
20809 60 4
182805 49 29
92757 69 40
211107 61 5
83940 29 2
92755 56 35
132147 53 29
196664 43 47
23747 60 7
22062 32 19
146734 40 38
180034 56 15
173055 59 9
215283 19 2
163968 47 1
2171 37 6
183673 42 24
205983 37 29
121597 34 38
152258 26 12
76634 57 5
173692 33 47
11338 40 13
54060 41 5
199933 34 7
135850 57 16
5541 42 34
185545 56 45
168989 44 23
114636 23 32
149653 56 35
133937 40 38
1413 45 11
143652 35 3
174169 24 1
45420 31 21
94538 50 33
16042 49 23
166509 37 46
128574 14 23
206903 28 3
55590 45 31
5170 23 23
50180 49 10
84341 54 13
69579 60 32
24144 39 45
58676 44 27
168356 58 32
106564 57 20
42050 61 34
136365 48 11
4153 41 43
6072 39 5
182922 25 16
51143 62 40
213938 64 20
64460 16 31
32445 29 3
189031 17 0
119436 38 6
207323 62 21
3608 26 38
203258 63 13
56038 23 6
138640 26 18
115576 47 33
86497 46 23
74600 53 20
137009 30 12
110679 62 23
77773 52 30
22768 50 39
96069 30 32
217186 47 40
19817 37 12
212998 64 49
14632 47 38
38788 27 11
123797 35 23
111810 45 16
189167 31 41
66957 39 9
192631 57 25
3196 22 36
208758 64 39
66503 38 37
47707 28 36
130084 63 22
69194 67 48
205282 53 8
178843 38 21
114881 23 9
176758 50 31
171839 59 23
176562 28 39
211277 31 7
12968 34 27
211760 49 13
135574 27 18
197314 46 21
198110 28 2
9905 42 35
203142 24 35
22503 51 30
115275 43 17
22255 64 27
73220 60 14
187463 56 8
210101 53 25
24957 49 44
119251 61 0
3228 38 19
108760 12 5
97384 44 18
12836 29 25
131964 59 33
22111 30 31
60631 29 49
32686 35 41
212468 34 39
120922 39 42
191682 51 27
207482 39 16
110895 44 43
75339 49 34
156238 37 9
84256 53 13
166514 38 39
55191 38 44
186962 44 22
14223 52 34
110487 20 34
160250 33 24
107357 32 34
220512 50 4
24642 33 2
172012 46 27
175598 59 32
23912 67 14
190829 59 17
201863 47 8
70746 32 36
192900 42 30
211249 43 22
65789 61 25
21661 59 14
180694 38 27
110179 53 15
128513 64 47
159262 62 2
179997 28 38
58609 30 3
186541 44 49
156228 36 44
185402 45 42
146905 68 33
128338 56 41
158370 26 39
197451 41 39
159194 46 28
106052 49 29
45211 44 21
76318 26 15
83081 40 3
178442 29 18
54516 31 25
201000 64 4
184581 38 34
155548 42 16
66485 25 3
135060 44 19
184539 32 11
133369 33 43
160695 32 39
199734 63 1
184015 30 26
14793 30 6
179447 43 42
82983 36 30
124880 62 20
152468 25 11
110704 38 2
66654 43 36
61740 52 26
99632 59 33
153573 64 41
11776 26 47
1125 23 2
2108 71 6
187788 47 10
89488 36 5
147546 58 27
61348 51 25
197306 33 21
42970 44 17
189007 40 21
126866 44 39
137247 58 32
6344 18 37
202032 15 15
173533 28 42
66469 49 43
12572 35 4
94387 64 37
201530 43 14
176281 61 4
22529 49 43
41229 40 39
1772 37 6
184113 29 3
84308 63 5
86467 42 26
206086 27 46
48366 27 38
153793 57 11
167878 56 25
208622 35 41
119622 59 27
89523 35 0
95913 40 2
185985 49 9
131393 37 7
194386 57 11
4125 35 23
50351 51 33
79882 46 7
54918 20 15
77462 53 48
39184 40 30
172944 18 41
86695 34 11
183861 36 26
60538 55 2
164885 45 48
117649 19 2
2313 49 41
99817 46 23
214943 33 36
188359 37 49
161185 18 24
178474 55 37
105396 53 7
82918 49 28
93506 23 13
93962 45 42
121665 25 46
22610 33 11
41419 24 3
147351 42 17
131406 47 12
166862 44 42
112371 61 40
94242 23 45
158753 36 39
153450 26 21
39186 43 49
9950 42 33
45050 40 20
146116 44 12
146359 27 41
99147 36 41
60328 35 36
4423 25 36
116616 27 0
146230 53 39
199224 37 6
98107 47 17
58606 42 20
179653 35 29
120233 47 22
104783 40 18
29561 55 41
162759 68 24
66168 50 33
30268 36 39
186748 30 25
15921 22 38
1085 43 19
102195 62 34
80140 50 32
160399 56 12
41720 43 34
35609 42 0
96185 46 36
189469 47 15
54765 45 47
212834 51 8
110970 53 33
194928 24 47
97012 66 4
153269 39 32
171222 71 33
196215 61 20
153147 71 25
132958 50 1
38747 30 21
49936 62 7
66015 45 38
53479 44 35
145324 59 33
182988 37 24
92554 23 36
19651 43 7
191002 51 17
56974 58 24
96593 59 0
31419 36 4
88396 29 47
91711 33 17
147303 46 40
67794 45 43
95853 30 44
78283 30 7
199286 55 37
98835 33 6
59387 23 38
194988 55 11
15159 43 39
69985 59 25
94871 63 5
181190 33 36
98535 56 42
126872 49 27
196600 29 37
104522 40 11
161065 66 0
68155 46 42
150536 44 15
12552 36 49
50775 35 35
118433 44 36
53773 33 15
172197 37 49
40770 23 49
136188 46 43
82680 35 13
77461 32 12
218520 24 21
92840 49 34
118757 41 42
172817 45 46
37648 42 7
123723 59 43
37834 33 37
116336 63 48
115681 47 23
167555 33 11
163257 34 10
93673 47 5
84699 44 27
97873 68 33
165795 58 5
157755 53 33
134132 62 15
12407 47 35
22708 26 38
36144 46 27
28779 56 0
77357 36 13
157605 30 38
81319 67 20
202334 55 0
155902 27 0
138347 48 34
151412 36 0
70427 60 14
156974 56 40
75197 38 39
18342 53 18
51908 29 2
95301 66 13
128046 42 12
133385 53 14
30369 36 27
177053 36 33
112507 21 44
138739 62 1
203280 64 18
67347 45 37
188363 15 25
76267 31 12
37684 30 7
126503 69 40
120310 26 47
24774 21 46
133745 31 8
10736 57 49
21774 67 48
74108 61 8
102915 40 17
176870 46 10
76059 42 3
96949 41 35
15697 41 23
90711 54 19
192932 37 41
76361 44 7
102273 45 31
147447 50 23
109493 54 40
66035 61 45
18117 26 39
90514 36 44
125098 45 49
7907 23 7
115068 35 21
85229 22 35
53251 34 17
34050 32 5
55175 37 44
35225 36 49
12569 18 19
141711 50 27
59159 35 14
128089 21 35
193666 36 16
59634 67 40
56959 28 5
871 62 33
17411 53 7
53358 61 7
171486 62 4
4679 36 32
37667 29 17
37551 56 46
88573 41 30
213636 53 27
220201 64 3
133279 65 35
66777 52 13
5590 46 34
134288 34 16
28798 27 2
215145 51 47
195433 22 46
196436 61 24
171744 38 45
125495 36 3
188587 15 45
169709 47 32
3173 43 36
36983 21 36
132858 47 17
41508 42 21
40795 64 0
28547 62 7
60235 29 45
196309 21 0
10385 47 20
73512 24 26
192235 48 32
217260 35 2
22532 25 34
186381 33 8
159011 40 3
24809 39 42
193635 28 16
213571 40 16
205439 37 15
133185 37 14
173986 28 11
54843 47 18
55385 64 16
65685 46 2
95142 39 13
209557 33 48
57373 64 0
168333 44 23
134278 65 4
74970 29 9
197697 45 43
22083 23 10
46473 49 26
199660 45 29
72637 35 32
4911 62 33
98034 65 31
156307 25 36
55297 44 22
146369 38 7
88955 24 11
155779 40 48
127793 56 7
33346 53 6
84549 24 48
220693 41 47
176287 69 28
177457 63 19
174469 64 11
218553 36 22
64913 49 37
173178 40 5
92877 51 9
87920 60 14
164837 27 31
185307 26 23
209735 56 14
20229 43 6
29299 39 47
88859 58 4
22381 58 40
166385 38 37
198451 31 9
46449 49 20
131411 47 27
201547 57 28
219623 65 9
140076 53 47
178639 24 35
184355 40 18
111029 46 24
126957 57 19
96888 55 29
213341 28 36
49237 37 7
1617 64 48
167395 13 5
138621 70 33
16452 60 40
128627 59 22
114213 23 45
184702 41 22
90048 29 21
31002 39 49
190827 39 8
201737 49 31
18440 20 35
5364 48 32
180279 50 2
91576 39 5
57452 50 45
99086 58 32
217223 49 47
218314 46 40
97922 25 12
31911 40 17
97485 39 43
218465 30 7
161746 45 7
155874 43 35
164592 52 33
192466 26 36
81257 14 15
70135 36 29
150131 45 48
199550 58 28
9310 56 29
154789 30 24
124384 67 1
22373 44 20
219051 42 39
123460 46 42
106759 38 27
93563 49 40
49935 23 34
51826 30 12
150409 62 0
50969 46 26
186849 64 20
128724 67 40
210313 51 48
121347 55 35
150134 34 0
23840 56 43
60295 48 23
24961 64 2
128202 35 36
184197 59 49
149959 40 10
206178 56 1
82944 42 10
17496 34 16
199615 49 17
8410 32 49
202240 40 40
193896 32 38
84899 28 39
177734 39 26
170935 66 0
146112 35 20
198580 40 18
59325 34 30
40798 36 37
28965 36 21
182716 31 41
107805 30 11
101966 58 47
86455 49 47
146341 58 20
172472 36 44
209342 26 9
13296 55 49
165337 56 0
189188 42 37
202887 64 4
150025 35 34
115705 39 31
205763 57 33
173227 36 18
54777 34 39
80324 56 29
105496 20 27
79783 12 39
140014 33 30
108906 40 27
19096 65 31
29790 35 21
12626 37 47
149990 29 18
45095 56 24
157992 50 19
35388 26 18
128287 43 3
30711 46 16
152392 49 16
100147 21 30
119398 31 45
12585 46 32
213232 40 43
67537 49 1
31899 49 23
106040 57 17
53364 58 33
48768 60 22
207479 36 12
149284 27 41
155163 56 29
58449 43 32
54678 29 3
197437 45 47
168764 50 13
196357 41 29
131803 42 31
109180 28 42
190422 47 10
39738 51 9
191077 50 41
80105 55 43
45097 44 30
29001 31 19
204935 62 22
18266 57 15
168850 44 2
154316 35 38
178077 43 12
150574 32 28
201168 29 30
191424 59 40
202861 32 49
74988 34 39
18651 20 44
33962 44 23
91799 61 43
81788 37 37
216804 65 46
77384 62 7
133638 40 17
25830 30 29
78565 28 15
211908 41 1
120864 42 28
59806 29 48
31735 37 37
60547 44 3
112711 47 38
30250 46 45
199548 62 17
14599 46 45
128144 37 3
116274 43 30
160194 46 33
8662 34 13
151331 26 41
10744 51 47
25860 64 7
212592 29 41
164057 30 7
142126 38 36
168245 65 4
210689 50 4
156262 67 20
133814 25 28
135922 63 34
154481 16 0
139983 47 27
192000 52 40
158001 53 4
44117 48 1
179834 29 14
216551 52 29
104586 62 4
67320 48 0
26822 63 19
157141 32 48
103401 32 8
75859 30 46
205002 21 35
110997 34 22
46455 63 9
131287 50 20
90089 47 35
202942 28 11
65072 56 18
214086 60 41
6807 27 24
160831 41 16
173202 41 47
185964 67 38
121602 45 35
175479 56 6
65700 34 24
8142 46 1
55592 23 22
34671 23 46
197552 30 8
217 32 49
32464 30 34
95794 43 20
100682 26 12
137159 40 21
31993 66 39
201395 32 14
134864 62 17
155541 32 23
133316 35 29
193725 61 14
90500 33 1
194966 62 47
141400 56 12
72693 43 26
55112 55 7
27837 15 8
136002 46 15
42254 42 47
180 21 42
202931 45 0
73440 58 16
166298 60 37
104251 52 40
178885 51 7
207229 29 38
91674 23 10
24369 45 6
11228 26 8
87664 59 0
166072 30 42
55051 26 45
209720 47 33
194189 56 27
44967 39 26
58023 55 20
17733 58 37
78796 50 41
207667 57 29
144142 61 39
187579 34 6
63542 34 21
59689 55 16
9318 51 20
126380 34 45
170004 30 26
10603 30 46
179118 48 17
138054 39 14
65668 49 7
98342 50 5
48094 51 5
170941 54 11
9612 61 0
143047 62 13
62527 54 14
53573 44 30
153996 32 12
13407 38 33
109195 47 20
182357 38 48
220046 54 22
148884 49 49
26750 35 20
100964 45 20
169922 25 37
129587 47 46
22147 43 42
84136 64 17
11518 48 1
5491 22 38
142587 67 3
26777 36 38
92600 51 13
162624 25 30
22015 62 4
96061 32 1
68553 35 2
127799 69 17
211959 47 39
155586 32 31
213354 53 43
112433 67 47
32853 25 11
192936 57 14
78707 51 6
151640 64 4
10105 56 42
100383 51 39
50052 59 14
11792 46 47
54337 36 45
136756 23 37
204711 68 46
80183 24 39
106185 71 8
145338 68 33
87825 64 38
52582 23 25
3867 45 15
96664 35 6
63773 42 32
71396 47 28
92855 61 49
72675 31 46
214922 29 10
168092 55 24
90853 50 5
151569 23 38
217203 47 33
166526 41 6
76566 46 21
95312 24 6
65912 36 15
40332 54 40
108079 54 24
101675 50 0
14356 31 44
48088 43 46
66634 64 2
30246 45 31
197001 22 14
22895 66 2
189602 19 19
202348 44 8
124798 51 13
174042 44 28
128095 31 38
195223 22 2
50396 41 13
73260 46 10
110376 32 32
195178 40 39
114098 46 31
178264 47 13
8217 29 46
152808 49 8
207644 60 29
50205 36 46
202466 59 5
2017 54 35
70251 38 30
182169 24 15
139083 29 49
88596 62 41
7363 50 8
67689 46 25
77565 38 22
106187 46 46
7430 48 26
118877 40 46
122990 44 7
34153 63 29
37350 48 4
101712 71 1
90303 45 40
40042 48 35
48699 43 17
189383 27 44
113582 45 1
88694 40 12
142704 33 19
189525 44 42
8686 42 37
15482 56 37
132334 44 26
161934 36 19
218035 34 19
57608 66 4
186097 29 49
86310 54 40
57949 21 39
195485 66 19
14755 44 24
157669 59 1
19050 42 23
197132 19 39
142891 35 31
166803 43 9
211457 57 9
153999 66 23
188016 63 21
124284 59 32
72131 62 47
125284 31 30
107911 47 44
45993 37 34
65944 31 22
1052 52 8
3876 39 31
39695 66 4
198513 55 21
66614 51 5
164700 31 30
69537 33 8
123964 28 5
77979 69 17
179221 35 22
184158 46 36
20246 47 47
5979 37 7
187633 46 12
165454 24 29
116197 22 2
202925 58 17
10145 49 32
17528 31 2
118561 48 24
214271 65 9
124146 25 34
35795 29 45
74746 33 6
62332 20 5
211534 26 46
74444 50 28
56977 43 6
66678 47 15
52425 61 40
99827 56 20
48968 66 25
215099 26 28
17441 37 31
203549 31 3
145883 55 17
153890 71 40
216212 25 12
119995 25 46
131965 50 42
52499 31 21
110770 43 42
197229 32 44
41987 27 49
38897 58 10
192927 39 19
46468 36 27
194396 44 29
162834 37 25
89247 72 7
184626 39 10
173335 35 6
28486 49 12
21053 19 26
164108 29 46
181405 32 6
21702 33 42
161208 57 10
141022 51 28
101431 44 27
191664 57 27
165238 29 34
70799 34 1
147568 32 6
60490 49 15
94736 36 18
33580 25 2
72260 32 30
63019 33 12
7329 31 44
29052 42 31
163506 39 26
194465 26 30
113752 52 13
73680 37 40
131101 62 40
156921 35 1
76124 66 9
214349 57 31
118744 40 47
138679 34 6
110348 64 25
9202 31 36
66405 42 6
196652 56 25
206037 42 34
171894 45 6
158493 41 19
156663 60 9
64356 47 24
43161 23 35
107488 43 48
136260 29 31
15182 46 33
103176 34 39
187869 43 29
183004 35 8
162123 51 36
153775 56 4
2644 43 21
43922 71 48
26863 27 35
136372 50 36
161986 57 21
63310 48 29
195129 67 28
25389 59 14
98067 27 5
149827 50 47
108005 52 43
24110 42 15
166440 51 29
140937 65 6
52857 43 9
77724 54 12
172432 34 24
213846 31 7
144953 48 19
110184 31 39
190735 35 21
126099 30 37
113264 37 23
20499 55 23
74008 38 8
97229 25 12
163548 32 46
15735 43 13
138493 51 27
86742 55 6
171375 36 46
193443 45 41
52492 33 37
11297 39 44
60683 37 37
180171 34 2
124204 34 21
115299 43 30
102852 33 23
61519 48 46
166123 61 13
203741 22 2
89016 41 29
30914 27 24
138927 28 17
116557 53 25
47925 36 9
13733 69 40
147954 46 22
149484 31 7
16717 48 17
84203 41 42
192849 19 35
77699 49 35
104856 49 23
40636 35 35
55455 68 4
112500 41 10
57865 49 7
44430 33 41
6415 25 30
22410 43 45
141471 35 23
105968 28 38
103452 46 35
151555 45 37
199146 39 32
55564 62 12
60227 64 1
206158 35 7
57485 43 31
198033 39 21
185602 70 48
50895 52 29
215767 24 36
120306 34 3
113753 47 42
17805 31 42
13095 29 45
163188 29 13
137378 37 6
110584 33 32
29938 31 26
7445 26 21
35187 53 9
155716 40 32
24252 41 46
35283 44 33
75952 39 10
69005 53 41
183959 53 49
5065 43 20
66551 41 39
121059 68 48
81815 51 25
12689 27 41
201297 42 47
12113 54 24
151090 40 5
143923 69 44
195696 63 8
140950 42 11
70252 56 2
179968 54 17
172408 36 47
130853 56 9
187354 37 18
63567 40 44
39834 36 18
67767 33 34
111555 42 49
62224 39 13
211786 22 2
82033 52 33
200295 66 33
41383 35 16
201679 21 13
78256 56 8
395 21 8
175366 63 43
147168 37 28
10360 39 10
141214 43 9
11694 61 18
10993 48 15
107513 53 0
18856 40 27
180607 56 10
101661 29 19
131913 57 4
43911 44 20
35468 28 21
68628 62 11
123778 57 1
214728 44 18
94714 60 42
98267 46 14
78357 47 26
83812 30 37
33764 58 13
215880 24 8
185719 34 16
101632 33 25
179763 32 8
119425 39 29
65634 58 31
169598 21 44
165118 40 13
175159 68 40
65473 36 29
89515 57 41
89827 38 38
95723 44 39
100822 42 36
212166 21 35
158086 42 16
52259 35 10
195567 43 31
110822 45 35
86774 38 31
98411 39 5
33622 35 34
62052 37 47
35902 32 21
115490 47 46
85971 46 14
48098 45 23
14022 40 6
136884 19 42
157984 33 0
97123 32 7
154009 33 38
93821 35 7
194993 26 3
24586 34 1
11623 27 16
146057 51 30
52586 23 44
63198 70 20
199580 30 37
41988 60 20
24186 57 25
9917 65 40
90277 61 33
8738 37 6
140669 60 14
188141 33 37
66359 51 49
108707 59 42
217764 53 41
8376 59 4
34802 41 1
208744 51 9
113331 19 36
154867 42 49
126938 50 4
42919 42 31
15689 39 6
73268 61 20
60031 28 19
210046 70 25
102588 42 17
50940 24 10
83268 25 35
69319 37 11
185237 66 15
163983 45 19
122480 47 47
144802 40 41
205186 29 46
23084 45 25
176814 29 48
179284 45 1
18990 54 47
49593 32 27
14011 34 7
61071 34 30
206118 32 44
125986 32 16
209877 36 46
184597 56 7
157084 54 12
128846 33 12
153908 21 44
173155 26 38
87677 54 14
43679 27 17
146583 66 40
144238 32 11
32694 40 26
141766 63 6
131774 44 40
106678 47 29
52472 66 4
107658 52 4
40874 48 26
49408 61 40
43403 35 28
43833 63 35
64151 33 1
34763 41 15
138071 26 2
189705 35 36
192550 38 16
47987 15 18
127665 31 6
131234 37 39
113681 34 0
50867 58 38
190270 30 42
22081 27 36
114523 45 13
74565 43 41
194825 53 28
91029 40 23
201749 66 10
80644 55 30
197493 32 21
106002 50 7
148390 59 38
182475 36 21
63458 27 45
121932 46 2
73743 42 40
174763 45 36
183967 68 15
19332 38 2
36039 42 45
20894 33 39
98061 63 40
194284 39 39
11758 29 30
17785 45 9
214538 60 14
66400 30 48
148754 38 16
148163 39 38
62166 46 43
6477 32 36
67645 47 14
69834 28 7
188774 31 28
150344 31 21
32525 43 48
188200 27 21
141779 61 10
137877 49 0
161741 61 12
150187 19 36
16821 61 37
103918 36 42
17821 31 26
21654 48 46
119720 67 44
70370 19 35
76013 27 7
147910 38 24
80461 56 13
86110 49 12
50728 72 5
18505 51 48
27960 23 5
158575 49 47
48974 57 33
168599 30 19
124793 49 9
16671 48 49
45735 64 23
43423 62 7
24872 49 47
190052 31 43
112002 37 25
185877 46 20
162932 39 5
201511 50 13
17247 37 28
181063 55 13
2788 39 23
87779 51 36
26626 69 48
82605 24 36
41175 33 18
61993 25 23
139544 60 5
32832 44 30
188858 35 16
133893 47 45
53568 46 23
109103 49 7
97381 30 30
152339 49 28
95017 74 4
7280 34 24
141303 55 27
64366 29 11
185361 36 41
9229 52 17
93002 50 46
105506 54 42
11072 49 12
211994 57 17
3957 20 37
94265 39 17
177654 48 36
33338 37 42
60013 48 0
74446 29 5
150517 33 10
168 27 11
26442 54 8
110165 43 33
51407 42 18
90562 44 41
72895 29 8
68674 44 44
102858 42 34
123617 43 6
51566 42 16
25217 34 43
78828 47 40
99138 30 12
71972 49 23
118273 50 17
59503 37 24
92644 22 45
140582 54 46
188192 42 47
48798 50 35
195785 55 8
25387 30 46
207524 34 11
90573 60 0
194104 38 38
197870 61 40
47563 27 18
111072 65 41
190311 60 14
42108 43 17
182048 31 39
63920 31 20
173902 41 23
102043 47 4
100139 34 2
186288 68 19
77015 31 42
151050 29 49
112460 23 36
94142 53 27
69307 42 29
128525 22 35
69398 59 20
70477 29 32
156330 55 46
207838 57 14
71083 34 29
10361 27 49
196396 48 12
61869 39 9
157113 29 10
29196 39 21
199672 31 43
136290 60 20
211957 28 18
175092 59 0
154486 34 23
134310 33 11
149452 65 9
195167 36 9
194890 38 32
148876 38 14
81287 46 10
117879 40 32
121083 31 48
127539 38 46
172990 25 38
174113 43 18
183814 30 32
159896 30 22
21234 40 25
119374 50 44
106186 43 44
52342 56 5
174231 41 10
74588 50 45
210452 41 15
149579 36 40
32317 34 8
109751 37 26
13075 41 30
200390 58 23
99216 20 28
76812 62 8
95215 52 47
174897 59 14
161843 45 25
50393 47 6
191279 34 38
25569 42 6
68910 34 44
87031 37 41
18747 49 44
128656 65 10
15108 44 7
177445 43 40
87087 26 46
39600 43 48
218772 55 39
8289 53 45
209473 33 5
124131 30 2
82542 42 39
133125 37 28
85296 30 18
30917 63 33
110693 42 9
159503 43 34
44018 51 6
44081 33 37
53959 49 43
90209 30 49
25563 51 44
86376 52 25
216960 61 40
166824 37 18
128943 44 5
101793 22 45
91325 43 16
104297 42 9
14416 43 18
27432 42 35
138926 33 0
50026 48 34
182814 54 14
98852 51 27
214695 47 21
48646 63 30
19791 69 16
85157 22 24
45204 33 15
12314 23 9
155224 32 3
13087 51 3
143472 48 45
109820 31 7
47045 31 7
28746 67 33
164622 60 5
116769 41 38
158369 70 25
201678 40 46
92980 14 42
197743 44 33
213612 31 44
220007 59 0
164825 36 49
156832 54 45
203071 47 9
121931 29 19
116657 52 25
31543 55 17
208541 48 19
59455 29 41
219070 32 26
198189 34 44
177074 46 14
129035 25 9
190900 52 19
165844 62 4
209893 42 35
157159 36 28
216651 23 3
90946 51 6
81994 55 21
75983 34 7
113813 50 17
110751 41 46
180289 53 1
153167 56 35
193676 35 37
208305 55 26
204502 46 31
43620 44 42
158914 39 1
220293 48 47
18215 24 41
64483 31 5
97622 40 48
173771 71 42
100650 34 43
78836 40 38
118071 42 2
35653 33 30
165606 24 1
100538 41 13
143817 69 33
179148 42 17
213867 13 38
6594 28 21
150579 67 25
194289 59 15
124917 50 36
25232 43 44
58389 56 40
191638 43 23
175692 47 48
172782 36 13
191938 36 49
18060 38 39
208444 30 40
52384 54 33
185974 28 15
191828 33 18
163141 56 20
122782 33 46
172156 31 4
70759 22 11
148760 38 32
168449 36 3
165066 67 20
202895 43 42
108142 32 43
111568 30 48
74276 36 24
182925 44 14
154997 41 37
125522 60 10
219392 25 49
17971 26 43
152103 26 28
166164 25 2
15727 48 9
62267 33 34
12366 22 1
74257 37 24
13072 59 9
199783 39 48
218030 46 1
4967 57 40
63679 38 30
59482 50 11
113894 41 34
44624 65 11
192480 38 43
90816 28 25
184179 31 2
68845 15 8
142406 65 33
51418 40 31
195147 46 10
66392 32 38
153774 14 32
32880 65 1
63596 37 16
64613 52 37
8485 24 28
162395 41 32
135101 45 3
77792 20 21
204686 59 25
109046 70 20
37467 35 26
97661 52 17
114515 52 2
41232 51 16
50830 42 48
77072 42 6
109498 69 34
88876 62 47
144358 47 12
153842 39 32
154710 60 26
98944 62 20
208912 62 43
106539 32 33
216147 43 17
25368 42 34
87492 57 43
215850 36 26
42741 31 31
185687 45 38
36248 41 23
208815 32 25
72219 26 5
97227 66 5
119704 51 49
169236 45 4
212230 66 4
60855 47 4
207016 45 22
4598 35 45
146974 44 34
203139 48 1
4154 69 4
73412 71 7
216339 31 41
71572 38 10
71627 39 36
70977 60 29
12135 69 48
114603 47 33
65941 47 35
169029 24 45
102274 46 9
87557 38 43
134510 44 12
177875 35 2
168729 33 2
62328 54 39
45418 56 33
79895 47 13
87491 43 34
196366 23 12
218742 44 26
94897 46 7
64145 36 8
123588 19 8
95693 26 38
141895 44 44
101202 42 32
214345 31 3
219698 45 15
211116 46 21
136689 25 6
220743 48 7
122660 58 2
91786 21 47
200564 32 31
119468 36 16
114867 48 17
42067 16 36
121021 52 16
70728 52 26
46244 40 1
7527 42 37
81002 45 1
130252 15 8
48473 44 32
76910 65 0
124497 57 19
11680 34 1
73618 67 40
167379 32 26
41330 27 18
65865 51 34
137495 42 34
205592 33 36
47263 49 43
60182 35 49
212572 29 4
175236 36 49
32210 29 35
44029 33 6
112924 43 2
159581 49 6
139881 56 6
34784 41 3
175331 29 49
160110 30 43
49010 48 22
1599 27 30
91452 34 34
201947 57 4
99498 31 26
97022 27 23
25280 45 44
156043 32 31
64101 55 34
218080 37 3
207955 35 43
27384 36 45
212874 37 0
178095 47 32
72742 23 26
1834 29 35
182651 28 16
162862 40 34
183550 55 33
32193 29 49
122726 43 23
176217 27 38
15355 37 37
215376 63 6
45844 39 48
164441 35 47
67910 51 16
142137 36 24
101646 72 4
82974 60 21
247 13 15
156386 43 47
174831 40 8
32031 46 28
64852 66 33
132914 40 5
156464 42 42
41519 56 13
94756 29 48
172455 36 21
138114 51 39
115649 57 4
148482 34 35
179015 45 20
284 38 3
104359 52 36
41555 49 16
21354 47 21
196650 36 18
153333 25 42
160280 61 9
123048 61 15
82750 31 18
110846 33 47
217419 41 40
13766 24 1
34508 21 3
193472 29 34
196962 45 48
111345 32 32
49980 26 28
201561 25 6
97382 46 16
112151 50 1
70220 39 32
146941 35 11
125745 45 19
206839 36 1
55047 68 20
219767 33 48
163138 38 38
201694 46 21
83204 38 21
121092 37 26
91436 36 34
130050 47 35
129264 30 28
73905 40 31
190070 29 25
217027 67 3
66220 30 27
16021 29 49
24721 60 10
209580 46 47
26054 35 9
13765 58 25
16202 45 6
197645 18 34
135020 64 28
13342 32 2
125891 38 29
159064 41 10
212135 67 12
215702 40 15
159595 55 31
217897 28 32
10780 48 23
99696 50 45
196214 60 1
115844 49 10
176858 46 45
58170 41 38
122763 63 47
156266 57 0
177648 57 1
82030 36 44
109136 41 40
136883 49 39
13271 20 25
220252 49 32
24684 54 28
12751 61 6
33822 42 40
55732 27 35
139310 39 42
42329 55 17
134183 61 46
169118 36 43
43231 34 11
175748 61 32
209287 54 21
199329 49 30
5984 51 2
168402 50 21
77783 62 18
176015 61 33
204559 45 10
203346 42 31
123832 45 12
59124 53 47
134817 53 22
179827 47 18
156948 49 18
144361 25 2
42693 40 48
65537 52 48
34211 57 8
116508 22 21
206324 65 1
41198 24 3
153263 26 12
195488 48 7
63473 43 27
157073 46 27
71246 40 34
186242 63 25
119881 51 45
131752 27 39
157239 44 37
134807 44 37
31626 41 22
195264 49 17
198091 27 41
195012 69 32
122627 70 33
5366 68 4
185613 30 41
160808 54 13
198248 25 12
207014 50 28
26019 50 41
179701 29 2
37156 59 3
91784 13 37
137794 44 10
6916 31 5
182696 62 49
196382 38 21
156814 68 36
218410 51 36
216306 33 1
104730 35 27
16780 64 11
198312 37 8
95648 23 9
76704 37 11
185717 30 18
38178 30 14
85044 44 5
94065 25 11
10917 41 45
70075 63 3
9549 37 9
211512 61 35
156222 65 4
73435 30 7
60985 24 49
38664 41 42
82248 31 38
156488 49 47
203691 33 31
24182 60 33
42301 29 6
41 27 48
208738 31 2
111687 24 48
147578 29 49
60559 65 27
32542 31 24
142233 38 25
138418 31 36
99741 53 29
80551 53 35
132021 43 31
33936 54 36
52575 41 35
36098 51 47
118449 50 3
58847 65 37
38057 19 19
174157 65 10
131222 39 44
19970 37 34
132217 40 48
11061 42 27
87004 34 30
128903 35 34
43795 47 43
210548 20 39
44208 66 44
112808 56 0
204452 27 41
209233 63 3
12125 65 9
130278 40 42
69388 43 10
101036 40 46
84112 30 48
46584 59 5
163060 47 2
72096 37 26
147943 32 20
101827 66 27
104632 38 17
27737 46 31
183696 46 47
168128 28 37
174911 40 34
158576 33 6
171962 25 38
6541 37 35
115600 47 45
49494 48 25
47602 58 21
215527 28 26
72551 52 28
205761 36 34
138686 22 15
203837 34 4
79889 49 38
77453 38 24
141355 43 45
38575 41 10
98304 33 38
85619 40 0
189863 44 49
168651 21 30
116387 60 43
191414 30 29
105633 21 34
941 60 23
128220 43 19
1814 38 38
83448 37 37
62493 43 13
97743 22 5
31232 47 31
130027 49 45
72295 65 46
147482 64 44
7274 69 33
179366 62 31
69473 35 2
51500 60 41
73776 55 11
52124 42 37
109890 61 0
154424 53 4
212926 58 43
69915 25 3
95657 42 46
69338 28 12
18721 44 35
121748 45 23
92749 66 10
173956 46 13
67697 59 0
151813 48 45
122807 21 10
74635 61 33
65337 37 25
106078 34 34
69475 45 22
173279 40 48
111594 28 24
68153 34 22
220078 18 24
580 26 30
68680 31 13
56675 43 10
212009 47 22
73663 41 1
145305 29 2
123535 62 1
147886 50 10
88882 35 48
169790 69 18
52828 63 44
211153 35 15
15284 38 13
141140 35 42
74641 40 12
60071 30 6
158333 39 5
184089 32 27
86171 34 49
94047 40 49
92007 36 22
8149 61 44
115351 21 5
143002 57 4
48312 54 20
123215 47 13
47733 34 30
178162 61 13
47008 31 12
181416 51 7
174417 28 6
1319 51 25
80621 31 11
197508 55 37
153323 36 27
186079 38 26
155554 35 14
196690 39 27
99939 53 23
71247 47 4
59081 36 14
147295 20 16
4469 47 24
30608 61 40
10445 36 7
61456 43 32
29321 46 30
31721 65 43
72029 69 44
200325 45 6
6616 33 8
206321 43 13
54392 48 46
39100 47 25
68343 28 38
153213 31 6
128118 40 15
173455 33 38
97253 70 28
85896 41 34
9790 49 42
208915 59 20
54361 64 22
103609 26 32
66318 36 9
76346 36 42
792 54 32
65122 45 20
23087 48 19
40525 61 46
180760 12 5
86222 36 42
183062 51 43
21941 38 41
156698 34 3
181177 42 24
148448 44 23
51989 32 32
64055 37 7
193668 61 39
204620 29 34
131376 28 40
128289 38 45
185875 27 21
3614 45 25
112156 32 7
82251 43 23
130599 54 18
745 41 26
87443 28 10
110346 48 3
1866 44 17
11870 36 46
81280 40 33
75568 42 36
44439 53 13
172802 61 4
94050 36 6
73718 35 31
37123 64 14
34405 45 29
91759 42 6
24949 65 39
86713 52 26
67181 50 23
213572 42 46
201023 60 0
160127 46 13
86974 40 13
171316 31 38
55290 64 42
216107 62 40
84829 42 44
118644 26 40
192917 40 14
36329 42 49
73556 41 23
121330 51 35
147183 35 2
35411 43 22
3371 64 18
87786 30 34
14318 48 1
214814 44 22
76045 39 39
61652 38 34
64259 61 15
135932 52 8
112268 57 12
67823 64 4
125226 29 28
40278 19 18
10001 53 31
137282 17 10
143728 28 48
125951 40 22
193974 29 7
67196 38 44
152485 40 12
137069 27 36
71370 50 27
12803 45 31
79973 48 23
36332 49 15
89107 50 38
123689 57 33
2221 57 35
75643 35 26
201197 44 24
75308 53 6
83786 37 7
188860 44 20
73313 27 49
139748 41 29
40787 48 4
81695 47 42
40569 62 14
100417 51 27
81781 32 1
42975 21 39
51457 28 37
199237 41 31
123347 43 22
26272 47 10
169503 52 47
168100 37 32
84039 53 30
71217 32 37
50900 51 22
14385 30 24
87175 65 33
117698 52 43
65825 63 37
702 48 6
197553 39 16
195334 48 22
59663 40 46
37 46 22
94654 31 19
174136 58 17
99038 29 29
50518 42 46
98068 28 16
157957 27 44
82777 59 22
68443 45 14
199121 46 40
49999 61 33
170259 20 8
48286 65 40
11661 50 2
56396 50 4
119318 29 5
61774 24 45
70408 48 19
151183 23 18
34301 35 1
38608 59 32
207337 48 14
207834 52 0
26404 54 28
159625 46 15
188923 45 25
156854 44 32
33258 38 15
8524 33 38
48549 38 14
178309 40 28
189224 37 46
4573 20 38
124307 42 22
215505 28 11
116036 45 25
66811 58 21
102634 60 41
177051 65 13
119335 35 2
199310 60 22
30998 19 29
80538 37 35
129945 48 45
165262 24 18
137665 28 13
163676 45 44
156609 61 30
127254 46 28
83085 21 9
178481 48 33
154945 62 14
176040 46 23
152055 29 7
192634 47 20
77261 30 7
80684 67 20
27462 33 36
95136 58 28
187499 33 37
193141 55 43
144545 48 30
128835 52 2
185581 53 24
102840 42 32
194900 43 5
166649 38 44
37590 66 9
30431 42 45
11879 30 3
37656 47 45
44807 47 35
202620 15 15
5702 41 20
199136 67 16
135855 39 42
39675 45 28
74347 48 10
162547 53 16
173062 24 8
196531 62 10
174271 42 37
208564 39 36
112150 34 40
203558 42 28
180056 24 37
62188 52 3
83224 54 45
198689 38 39
153753 27 18
56004 40 46
183381 47 25
104805 63 31
203856 19 42
53617 50 47
58047 29 2
723 31 30
109813 37 16
30933 45 21
39530 34 2
14123 43 34
22259 36 29
28085 23 15
66451 60 14
81698 37 6
193655 59 41
41560 50 7
36351 42 40
205581 31 38
24565 45 24
179397 33 38
59718 51 45
153073 33 30
144463 47 44
167526 28 24
168409 41 21
23279 68 21
214636 15 46
76452 34 28
120188 45 30
146869 62 38
26432 41 2
118577 48 41
15393 61 49
143539 48 37
51756 61 43
5516 62 36
210340 22 38
42496 28 41
42715 20 35
107465 28 21
87599 47 6
166607 41 31
177397 33 44
41053 38 26
115754 46 11
18909 38 21
66778 44 20
161956 51 42
62551 60 10
100270 51 23
110174 59 28
118199 59 24
54989 53 49
106527 45 5
183387 65 11
88719 33 12
89906 34 45
31637 24 5
167617 37 43
14153 33 19
220651 43 32
110741 21 35
75228 40 25
140244 58 38
53509 59 25
29353 54 27
77130 33 23
145050 33 27
148097 58 23
7972 40 35
17703 18 2
137585 40 21
194906 30 49
56673 61 10
132028 41 39
182590 64 39
187439 28 23
95628 36 38
57025 42 42
145394 50 47
158532 32 24
138491 57 19
7661 45 35
82794 60 0
54533 64 32
174681 37 38
55811 62 19
146796 62 28
207689 45 24
150208 51 5
81057 30 7
139958 59 0
56534 25 15
80512 37 10
68737 60 14
219933 42 48
68120 14 8
9176 35 25
18473 23 29
186585 57 36
69677 37 1
196449 21 40
67056 46 30
182967 32 7
19243 27 41
40971 51 29
192820 44 15
220597 32 6
218521 29 46
164278 24 28
61365 45 37
143670 56 41
76220 35 34
121041 64 20
162470 63 10
206982 45 47
210110 49 4
55929 41 44
177557 66 33
61420 28 46
38637 56 25
204110 23 11
137831 38 36
184140 60 15
189174 39 45
152730 57 12
61647 47 2
79499 28 29
84802 54 45
174920 47 7
112100 16 42
19491 51 24
206354 37 1
50802 61 16
167715 47 34
16888 59 2
38473 52 41
157071 25 43
38483 31 42
176168 28 42
40628 28 6
136103 58 9
7394 47 3
131645 35 14
159737 46 22
206170 17 1
218563 25 21
79601 42 32
164153 58 33
197568 41 17
63708 56 4
133910 49 30
84102 52 4
89737 33 38
99795 51 1
89085 50 17
163249 41 38
77757 38 28
60053 56 47
96338 32 46
62641 38 2
94293 57 15
210149 38 0
166920 60 40
38823 58 5
207744 46 31
219823 50 24
218681 35 1
125181 45 22
154858 26 25
114111 34 44
30516 39 38
144744 40 29
10782 41 37
77594 62 49
213749 44 11
49547 57 25
94885 51 22
144513 47 41
63177 32 10
88054 28 25
3912 56 10
3618 37 39
137798 55 37
136698 18 36
194399 32 45
170940 45 35
120748 24 17
166094 44 44
41712 51 21
30328 60 1
147888 42 18
72448 37 32
20508 35 38
76148 50 47
144379 62 19
17108 60 20
38198 67 48
141954 34 49
154475 47 3
125115 65 9
77716 57 17
51015 24 9
28405 22 47
154403 43 31
14504 49 20
209917 44 46
9810 63 4
132991 53 39
145704 35 29
88258 43 27
171391 66 4
217869 42 30
134932 38 24
124325 60 4
150667 27 43
90348 29 5
25663 61 40
95935 20 30
16367 53 21
54556 35 37
143463 23 36
46631 40 18
124293 55 14
96420 38 24
202998 36 19
132535 44 23
10120 61 31
154886 38 26
155372 38 8
24974 53 40
29014 57 43
209719 53 20
136021 62 22
85804 51 43
24429 28 9
155860 42 6
96282 27 44
88170 61 31
188949 31 37
47821 36 39
193080 24 2
9703 38 36
187516 54 0
176753 38 28
3779 40 7
80893 25 38
173719 45 25
15486 27 41
138206 57 28
198382 49 45
111039 39 48
200451 58 31
104979 52 5
177527 35 5
147097 53 11
62504 65 4
45681 28 49
88134 34 44
28701 25 24
120219 37 31
109904 32 46
199875 31 38
84692 34 36
9758 72 7
30701 34 15
147821 47 23
116765 64 26
71307 56 39
66218 50 15
109995 25 32
81356 23 11
117719 49 13
188182 34 8
141304 64 28
29684 31 32
170444 46 34
9282 35 10
109710 39 10
111633 36 43
207755 51 26
51066 61 10
191101 61 40
219734 43 36
164046 41 30
74069 25 11
202116 42 21
42923 41 44
7585 43 10
29644 69 20
184235 56 32
91930 49 40
168019 43 45
94256 41 39
57128 54 33
181373 57 0
84865 43 3
141872 35 26
148127 28 2
209925 59 6
85738 19 3
178476 32 34
174638 41 22
150616 24 39
218063 33 38
45473 46 38
24890 47 39
162549 54 23
158182 70 13
26725 57 27
157120 42 32
73290 32 38
197394 68 40
179173 48 25
111596 61 47
69044 36 18
394 46 9
84249 36 45
130199 61 25
83320 67 4
14399 30 44
182368 41 17
208100 42 37
194286 37 11
5761 34 18
31823 33 15
213613 40 11
65264 33 9
66487 60 25
25762 44 42
186835 33 37
160954 42 25
39408 48 31
210592 54 14
93869 39 6
167182 47 31
36901 42 34
161055 49 41
27606 64 23
108439 41 35
25991 35 32
197359 27 45
212078 37 23
198140 49 41
128586 17 1
9259 43 42
86636 62 48
13976 48 10
192684 27 48
167396 51 25
194512 23 17
145154 30 13
196945 65 8
197566 17 35
220416 33 1
214622 26 21
57397 36 31
11955 37 12
124173 40 24
82367 55 25
203710 42 7
121460 61 23
113583 39 2
121379 64 25
197750 23 9
112964 58 30
162161 61 11
30038 19 5
148081 51 43
203555 38 47
145044 26 12
155181 39 38
218615 40 3
68731 44 19
151236 61 47
192239 46 35
200280 38 3
126194 60 2
27007 55 6
67750 36 35
189096 57 18
41672 29 7
86012 66 20
148327 23 9
217424 22 3
102366 40 27
101510 45 48
111400 24 15
102668 26 6
195077 49 42
165869 42 32
196626 48 1
57571 45 24
7203 51 34
192680 33 9
170513 70 17
111503 55 33
35377 31 30
102663 48 22
219038 46 5
82827 34 36
8588 69 19
218047 64 18
106017 47 31
80283 33 29
183758 35 29
181103 43 46
111658 33 21
144854 35 38
20049 55 41
217197 18 31
130769 42 25
193299 21 3
156337 68 9
52538 22 35
140661 22 18
55740 43 24
182336 36 2
50353 56 24
160972 29 8
178152 43 1
109511 27 6
77657 28 29
182777 31 42
66637 35 14
103825 39 48
184699 31 38
179479 37 38
175871 34 25
98140 49 29
103418 58 25
167993 54 13
53693 40 20
113556 65 39
51817 68 8
62920 50 11
213332 32 39
153178 54 19
45535 47 3
66255 34 2
25761 15 18
48109 39 11
57891 46 31
22036 39 22
31618 31 21
166133 48 5
15582 48 16
27307 36 49
67769 62 24
205516 36 7
48147 66 40
97430 34 3
202508 44 21
123496 27 41
109002 52 38
97524 43 23
144002 28 41
51105 63 1
107179 50 23
88470 50 16
162617 23 44
117444 46 36
91879 72 37
127040 46 9
211942 40 11
123834 43 14
160563 39 32
156310 38 12
141377 53 37
62280 54 0
83097 58 7
125945 54 48
134854 36 10
181121 42 13
56132 44 35
184851 65 40
209484 37 5
50991 39 35
10215 30 11
44190 44 34
48633 23 28
37429 47 23
188991 33 0
171459 38 44
14429 31 38
136422 60 31
64527 65 0
202733 24 8
195891 63 2
147013 64 4
37778 62 32
25827 59 7
7810 44 32
12529 28 31
162299 38 44
39963 53 34
138820 35 5
40895 45 29
166099 16 40
169287 51 1
27365 42 46
171085 34 3
69756 26 10
57585 44 6
198168 66 20
201484 41 0
19495 28 37
32979 47 42
45958 30 26
45889 46 0
195053 41 41
27906 58 20
117972 38 47
24444 54 25
98559 18 41
98477 45 16
170560 58 10
28546 50 21
73952 23 44
23399 25 38
167795 61 0
115897 32 28
130807 12 5
146702 38 19
21507 61 22
61281 40 38
195932 39 40
105406 18 35
74412 55 20
209493 66 24
193223 51 17
209139 33 8
80780 31 11
75907 24 26
1193 52 12
190549 29 21
58076 68 34
196869 61 42
83094 60 27
13624 47 25
142351 61 42
27699 54 25
108110 27 12
63030 33 42
139062 51 47
162677 41 34
86572 47 28
206387 40 4
108476 44 1
85079 40 5
42022 25 1
206709 57 14
84703 26 8
123080 45 32
213663 37 37
193656 38 3
160313 45 12
118169 40 20
84707 47 43
196107 46 5
129238 43 48
159730 63 18
203475 44 38
168969 50 12
178740 56 33
118569 39 24
27487 52 9
114716 21 44
181001 55 32
711 53 43
50217 58 46
114461 54 16
169222 29 48
234 36 42
114495 53 48
51244 47 27
24177 35 29
203437 38 41
8774 61 32
13635 43 1
92274 47 12
180495 51 6
137192 28 3
201449 62 41
72273 41 28
155447 24 24
134787 31 13
143593 46 24
157424 53 43
151276 14 36
213182 40 32
188144 60 14
35957 45 12
92991 42 2
130523 51 10
116527 47 47
28425 26 48
207437 34 37
41058 63 47
139369 38 19
96425 41 18
108171 52 5
191937 33 23
147504 29 34
192391 46 47
102200 23 15
195967 29 46
191378 56 4
146075 67 17
75691 42 13
200167 31 45
55623 61 33
203610 61 48
34868 40 8
190302 61 18
61260 47 23
212702 37 7
62362 72 25
164328 26 45
197328 40 23
42983 46 38
57016 49 31
179783 60 8
129962 23 37
108904 60 34
109413 30 7
117830 33 27
41423 65 37
84289 60 0
105103 39 46
51266 30 41
146149 31 38
152218 41 28
2038 51 10
91706 36 26
2573 70 27
172120 39 25
171049 31 8
128231 67 41
112382 30 28
208709 38 1
42918 37 45
91662 40 26
162514 39 4
137723 49 19
87862 32 31
40124 40 38
17258 43 47
97728 33 39
123226 37 28
191729 30 9
8011 36 29
35801 23 3
208415 38 29
89964 61 25
6459 40 36
49948 45 24
64886 44 31
63927 43 33
51414 49 3
30827 49 24
66132 37 9
60920 69 40
68389 65 14
6075 45 22
120815 52 30
207519 43 7
32403 64 41
204445 47 36
107082 39 23
174611 40 30
29513 31 7
76315 66 35
109748 45 5
172884 21 27
182405 40 44
18680 53 35
88047 24 44
104477 55 49
36683 51 38
51205 35 0
121143 56 27
73707 37 28
3407 69 13
181111 41 39
27939 36 41
176169 37 29
47267 60 15
198894 61 4
206025 53 36
88968 46 18
62255 20 36
46962 29 37
50603 30 3
2162 66 20
31437 49 16
45705 50 14
34616 65 10
49348 39 5
182102 39 14
66593 41 21
71699 45 22
140053 43 1
174053 36 38
86764 45 35
62610 46 30
150235 41 36
164808 49 33
136362 45 37
39740 31 45
184749 36 45
100056 64 10
210839 51 40
177900 48 23
123934 26 8
96737 63 2
190161 40 15
8255 52 31
115326 42 25
169845 71 44
30391 35 49
179730 29 8
75819 51 40
127546 47 43
217894 70 41
69461 48 42
67011 27 29
75151 52 48
174872 59 17
186234 31 28
2609 47 12
65694 47 13
82485 42 37
48894 28 46
162394 63 44
113217 58 47
101415 43 44
63598 35 13
48863 45 40
113726 30 8
25359 26 43
210865 29 38
28762 14 9
45297 45 2
4334 41 25
138044 34 2
88906 60 0
48445 67 33
210770 44 13
119068 58 3
98065 27 16
79600 12 15
6141 52 27
70819 65 39
198801 41 27
12450 46 16
213117 44 23
211398 29 30
15400 33 21
88376 33 16
67981 39 47
83886 47 38
101792 62 6
86959 33 5
47699 28 19
147011 61 2
37969 44 26
86771 57 5
97494 55 19
55086 36 11
36202 27 41
156443 41 12
19704 36 13
19755 23 15
20108 57 49
124920 42 12
114955 52 33
136485 52 42
155232 66 6
10846 25 41
93452 27 35
98341 47 24
141152 59 4
96268 30 12
198807 35 40
39256 34 19
150306 61 7
218977 39 1
18379 62 32
150615 47 31
28017 33 7
219363 46 29
98199 26 22
205392 51 27
93482 55 33
152829 49 45
109934 35 0
100431 32 30
193063 45 35
35085 25 36
90195 44 47
125311 25 34
200176 33 37
190631 45 29
212384 38 31
200975 38 11
172705 69 34
46236 38 34
78733 49 19
75491 32 9
80020 26 21
102418 61 13
118473 45 46
37383 51 14
186041 37 13
103150 42 14
160593 27 8
84011 25 13
198171 23 23
177019 27 26
119208 36 19
165225 38 21
62737 36 15
141233 59 25
194081 30 37
106966 51 21
197842 61 4
182874 69 1
4719 53 0
155017 34 31
61089 15 23
81861 43 27
77257 59 40
151319 30 37
67060 52 16
122113 50 23
28101 61 5
110872 68 4
152679 31 11
162981 62 11
54239 61 26
128695 27 5
151387 39 26
29166 58 17
194375 23 17
146563 55 41
5321 40 7
13610 25 42
165537 30 41
123078 34 35
194418 61 4
128714 45 2
121570 62 39
20580 45 44
101609 51 7
83373 20 35
91769 33 12
34140 26 23
30908 43 38
209786 68 19
52214 55 32
105422 66 41
183435 38 48
107276 25 27
22858 69 4
197062 46 30
92305 40 19
126569 31 48
149742 60 24
81678 60 37
143607 27 26
64639 26 18
135866 51 13
176857 62 43
190719 65 20
75245 40 1
165356 48 8
100298 27 30
187803 65 40
115157 39 38
214535 18 17
174482 37 49
128094 22 26
90022 49 14
171451 38 1
106542 66 13
97530 35 14
64974 53 40
220081 38 46
85805 22 45
218499 45 16
149866 47 20
189763 62 3
199794 29 37
141917 40 49
145008 52 41
203031 29 32
189209 50 32
86652 43 16
6295 36 21
212332 42 35
202277 20 24
131219 38 36
214041 42 5
204393 27 48
15793 44 23
41529 32 12
24669 51 12
184645 27 39
131518 46 16
27171 58 47
12099 61 28
76582 46 47
183336 42 29
202087 30 31
213546 69 1
21937 51 35
129249 50 16
203316 26 48
106061 47 21
102173 33 41
194553 47 37
59780 43 43
83681 38 11
191048 43 27
41531 39 0
17770 31 9
156008 28 8
79544 31 35
65357 44 20
107456 18 24
58468 54 7
87405 46 48
138171 38 49
135524 33 27
16930 62 43
191339 54 15
111957 61 28
62235 35 43
139341 32 36
102882 36 6
61445 47 18
132396 35 23
205443 55 40
114724 36 43
143553 65 9
114330 42 39
149444 60 13
33099 33 36
172363 37 17
30188 56 13
110117 38 34
217208 49 37
150010 52 5
70127 52 22
140782 45 43
25982 37 12
67034 45 12
184012 42 16
75932 48 26
140422 31 35
65132 39 44
162106 46 26
29978 24 49
148304 55 49
113660 31 25
209689 43 28
69407 37 42
207339 61 17
5660 51 24
18301 48 43
127740 54 25
141660 26 22
180797 62 30
4631 51 26
211874 66 25
212289 65 15
49144 44 22
200688 27 17
66137 31 8
96736 36 14
179017 47 6
57436 53 45
175836 65 4
95182 27 41
45326 38 49
156863 33 39
150021 26 26
185080 52 47
150567 56 2
18900 61 10
133141 41 18
59020 32 7
117540 43 39
96561 31 11
113352 30 49
44289 19 39
75951 30 9
215418 42 23
27221 63 44
9788 20 45
129537 49 47
201848 37 27
200584 51 44
217743 67 33
76890 56 10
148712 58 1
62009 55 49
86369 23 35
24595 48 24
181397 44 2
55195 50 44
199285 64 31
2534 32 34
56571 38 23
89257 35 14
211655 39 42
177553 50 37
8991 52 0
65543 48 21
167226 29 49
58216 45 27
185282 61 19
59765 52 20
65622 28 21
183306 45 25
184322 40 2
220672 50 18
120279 60 23
169051 53 34
35 42 38
26714 32 14
211977 27 5
218230 12 26
101705 36 42
215942 68 16
37364 15 39
192657 42 44
182197 56 16
26914 42 26
203370 60 48
14125 39 10
52667 24 8
213306 44 32
33824 49 26
108730 51 13
47965 62 43
174667 38 28
81600 41 11
11926 41 6
105383 53 24
159723 41 6
173847 22 37
38422 48 7
209872 39 4
91342 46 42
46371 28 49
12500 39 47
76912 40 15
195526 50 20
213651 48 28
159269 26 7
26063 61 28
82196 60 45
157913 54 31
97573 47 3
75104 67 20
215473 45 43
142048 47 34
13975 52 45
74725 28 7
159837 54 24
155436 65 15
150449 61 45
161891 62 14
138251 55 1
26410 59 6
94558 54 43
130072 29 29
173170 29 8
87327 57 33
58112 33 24
120 52 14
193980 59 1
110244 59 43
117099 55 43
87860 49 10
105645 35 13
193621 46 21
123616 56 1
91346 34 37
68889 59 33
45373 47 32
3015 45 12
103657 70 20
7966 42 1
167264 55 33
92709 56 22
63975 27 44
18012 34 38
103319 56 41
100062 49 15
84731 54 47
90681 37 11
96052 32 34
92250 29 35
8427 31 39
92361 42 13
58015 53 26
179569 61 45
103749 39 23
77988 29 21
169144 48 21
119572 45 13
144352 50 12
194722 51 30
15655 51 21
113288 42 26
121980 23 2
200098 57 36
67185 44 46
216974 56 25
85610 40 36
210790 56 4
140939 32 9
133562 40 40
159394 37 34
156802 45 5
212274 55 4
114792 54 28
96977 29 31
38667 39 26
159375 45 23
175202 32 21
95973 27 3
208351 54 28
216223 40 45
85691 34 29
31635 38 2
179680 45 36
142821 41 2
49591 44 17
63940 61 0
192253 40 11
36562 48 19
50463 33 35
214656 48 45
91368 45 41
79486 18 6
37658 41 22
111364 56 29
77213 47 13
85307 61 14
134540 29 2
45436 43 4
200701 62 48
176310 24 37
109270 48 10
38970 28 26
140407 42 35
38876 46 26
61471 59 36
50013 64 17
158394 37 46
163150 61 47
187979 61 0
131174 38 19
13487 57 27
25258 65 33
25679 42 35
38590 49 11
38405 50 0
206169 43 32
92847 34 44
18073 33 12
119529 62 12
18483 55 16
22942 59 0
86393 37 27
70422 30 8
101447 57 45
118957 39 22
175803 54 34
19119 47 7
6969 60 17
193101 58 47
39195 46 14
196344 46 39
6475 27 2
167950 35 45
61753 46 10
190793 33 42
110115 48 23
152684 37 19
6650 63 48
140725 29 22
24543 63 15
149190 46 25
191639 50 1
4313 42 28
185115 47 38
90262 46 12
205205 50 22
91497 42 8
125685 65 13
102765 62 40
176708 45 17
32903 55 41
217372 66 29
95159 29 7
107808 22 38
139846 50 48
161970 32 11
144707 38 44
171011 22 8
192878 47 17
83942 35 7
17634 54 18
60112 31 49
9919 61 22
195617 58 25
54286 27 18
126944 61 28
155974 54 42
118242 26 42
83633 65 40
7557 45 26
75716 44 4
168943 46 34
35924 45 39
116489 37 16
86901 34 7
209549 60 0
11563 36 12
92560 37 35
89489 35 28
11949 37 46
150916 56 28
121136 39 29
27738 36 36
67200 47 6
137050 29 42
76219 60 4
33308 51 25
146275 31 39
59473 54 8
46814 67 6
159554 22 19
175346 54 1
69159 43 7
99665 38 18
113938 62 10
14601 37 46
67727 45 4
163553 36 17
192579 45 16
102802 22 34
69798 69 37
110399 36 48
146135 51 0
96933 34 28
121511 40 23
70531 28 22
105460 62 30
198856 61 41
54895 48 30
98728 42 6
83955 20 30
35403 47 30
66619 29 5
178421 43 27
147849 37 38
176047 60 17
201480 45 25
78077 27 0
187405 65 28
70961 45 21
170244 36 28
36483 44 16
190109 46 36
160255 36 9
174422 53 22
87642 59 36
109815 41 16
38629 65 40
22627 40 13
79392 40 23
45152 40 28
189436 46 19
205417 32 47
92396 32 44
24442 54 45
142686 56 25
3847 29 30
9126 55 13
129009 32 1
44176 47 20
3439 50 45
28109 30 29
54186 44 26
103216 50 42
192874 26 37
119825 22 5
35807 36 48
28088 60 35
39325 58 10
74136 30 39
130487 51 35
146338 50 24
53043 39 17
197042 48 1
134142 32 1
76387 21 14
29391 43 16
25925 44 35
131941 61 40
101948 60 4
211417 21 18
27848 68 47
112655 49 42
143845 48 12
143707 55 13
15994 68 32
59279 34 24
124533 46 11
159084 39 7
31511 24 3
203991 37 5
145193 25 28
39386 61 25
71406 35 5
155239 28 42
216392 38 5
93350 29 1
26282 61 23
94812 59 39
5634 47 2
112575 38 25
120154 22 12
35534 60 0
46046 69 40
42739 49 28
125081 51 43
34198 51 1
93917 48 4
163075 38 14
97552 31 43
70483 50 33
137999 52 20
55048 53 35
218497 35 14
164134 48 17
137839 27 26
172800 36 39
42547 69 39
130376 35 20
176408 59 23
9533 49 35
56684 54 3
153119 61 46
98158 31 44
202655 28 29
175197 66 19
18839 33 8
1081 31 21
35120 29 3
128870 32 16
43285 31 42
125383 27 25
3836 61 43
5305 60 0
17504 21 35
30916 27 1
114788 45 3
32664 39 42
214471 23 37
42814 35 36
170847 39 45
31754 56 23
176437 56 10
39201 45 43
105906 49 39
184920 26 12
7970 35 34
137745 18 44
80641 42 47
14258 44 10
97887 39 38
202378 26 39
190391 47 1
111241 45 35
54667 61 25
96587 40 30
110531 43 29
178313 59 13
43152 61 19
56151 32 9
71871 48 29
120972 46 22
121557 41 1
135362 42 41
119184 61 9
143025 30 9
83720 42 18
160374 39 11
196716 22 9
115354 42 32
23342 27 41
107614 59 0
48164 41 23
208547 65 24
139546 47 9
192187 46 45
184443 47 5
180724 38 10
69536 67 4
203269 64 20
48601 44 45
85682 31 12
66559 64 27
132518 31 18
105505 42 17
140353 63 33
112894 26 16
139404 61 25
135541 71 20
32079 47 11
187526 53 1
181076 53 20
198437 37 45
25909 60 0
173211 41 20
134928 42 48
107478 40 34
80599 33 29
150652 51 23
167605 64 6
163033 46 36
86027 59 18
200258 39 26
185246 59 47
134981 36 12
209093 33 34
212442 21 35
197931 33 11
63231 69 41
6707 41 16
118763 54 42
40550 43 28
180333 39 21
94497 61 6
149719 59 17
83856 33 21
34209 39 28
206470 62 6
106632 33 19
117132 32 2
7356 44 4
46686 59 46
101987 22 48
161876 37 46
45375 39 45
33503 41 48
15294 40 46
212670 29 3
201745 39 13
216829 22 26
142491 55 15
172500 26 48
55861 56 27
77741 60 48
21233 18 28
192750 35 11
140680 60 0
4763 45 12
176737 41 19
65703 26 37
44526 42 46
182667 44 19
75298 47 32
89477 48 31
6296 34 36
33951 35 6
182613 37 49
69929 40 37
155640 61 16
28705 61 25
127433 28 39
162014 58 4
172523 65 15
19154 27 3
141521 43 4
186432 36 26
20831 67 47
176496 41 15
168666 33 4
28724 63 10
120282 39 29
159632 58 13
53733 35 14
51359 44 48
195791 36 29
55152 33 30
388 27 43
122908 39 10
162723 38 19
100958 52 26
62636 21 2
214456 36 36
122711 37 35
97996 37 29
197468 50 7
212775 19 3
93577 45 38
156019 15 37
133912 47 9
71415 56 31
9888 66 19
77018 52 48
35594 37 49
47674 41 17
102290 45 27
109160 46 48
125804 65 9
63655 28 34
198223 22 34
46387 64 30
58429 16 45
218239 43 23
43486 31 16
83537 53 37
114423 57 21
197294 41 34
177179 47 27
89280 35 28
130414 58 8
111518 35 18
50520 43 0
169428 64 12
6687 58 1
162692 24 39
217430 45 43
116860 37 14
53537 38 18
13655 69 40
218951 41 11
159582 56 15
76341 51 32
77726 64 20
91394 48 24
91688 28 44
10587 37 17
105520 21 12
182809 71 18
126713 50 24
34764 37 24
112387 45 31
154785 33 32
98716 46 33
196472 37 46
180722 49 3
37468 29 13
217842 34 45
212347 57 19
102504 39 40
193963 38 25
117016 60 0
140417 41 12
91329 35 30
138197 48 3
201063 45 48
212676 38 33
65803 35 40
101556 41 4
207439 52 11
52381 38 47
102192 47 6
116990 56 32
136156 56 34
209887 61 15
122072 36 9
91455 58 33
20413 35 29
37132 47 14
146843 66 47
192895 26 42
178392 45 46
5934 46 22
124587 33 25
206876 29 26
123455 49 26
123020 47 0
209376 42 46
77240 37 12
21619 41 45
120581 50 1
100475 35 7
212186 41 41
4382 31 37
55288 32 17
211725 40 5
108949 25 45
30770 35 28
123581 41 11
124230 42 45
195272 45 49
142171 37 46
105388 40 29
13707 67 13
179143 57 44
125070 33 2
118586 33 29
139957 50 5
141095 61 6
103850 29 49
131582 46 44
15206 30 29
10269 48 19
211982 68 21
3098 56 10
156900 48 24
119122 52 33
57313 54 38
178147 40 37
184222 35 28
190490 42 5
215378 31 42
122614 57 17
156005 68 33
13230 37 20
35839 47 46
210426 61 33
206335 63 27
69541 27 21
130348 36 1
186906 41 27
162437 37 25
10756 47 12
149792 27 41
141111 37 27
49604 61 46
126379 49 43
142325 23 6
186016 47 5
1532 58 33
106913 22 24
94625 48 30
66219 59 45
30094 47 11
112310 38 20
136617 67 28
60377 50 43
27006 52 43
41408 35 12
72610 38 29
116840 33 11
119512 26 25
220067 32 8
187706 31 49
36356 55 25
188630 46 46
181887 43 17
76329 52 37
7181 35 26
102919 61 43
19016 26 23
201211 51 45
214718 62 37
185087 52 9
9837 47 30
25275 37 19
162618 33 48
207769 42 23
210928 39 27
92720 35 7
135538 40 36
168290 54 9
106203 45 17
133330 44 23
98753 23 0
36636 35 48
145796 60 9
199761 14 15
51957 56 47
145914 61 1
12557 42 21
88418 65 36
95476 40 9
38925 32 36
127632 69 4
38139 45 24
119515 55 48
192498 49 43
84720 47 4
192861 60 14
184726 60 0
103853 28 19
63332 70 18
179021 36 37
97423 61 11
113769 28 48
113931 35 28
74704 34 11
66582 63 9
219441 61 41
6838 26 0
63694 45 29
100079 64 9
9998 44 32
196440 28 11
65687 49 43
109531 35 8
18618 60 0
198882 33 8
126902 58 20
106574 24 19
16315 64 10
103020 34 14
193586 39 38
180939 51 48
26929 57 34
44210 58 12
121798 51 23
203481 63 15
12780 52 16
185689 51 30
42811 22 26
176511 59 0
172051 26 5
169291 33 24
64350 60 14
23534 34 14
161967 31 6
12109 53 23
135856 59 1
136530 57 32
91349 24 21
173388 36 11
90777 59 14
48796 54 29
107966 39 31
100214 62 43
79904 42 16
48402 63 19
139123 37 4
2081 28 44
75450 49 39
135879 33 30
190158 38 6
184132 29 49
193879 44 47
125206 42 46
137483 66 14
88085 43 29
186176 44 34
133654 27 49
160273 33 29
58909 54 33
37683 36 9
92999 36 4
43359 50 24
134796 36 14
22868 25 6
79344 48 17
204850 55 17
78775 48 49
122889 23 14
8207 40 32
177711 42 40
75185 31 37
181937 52 3
208433 58 28
140768 24 46
132548 54 20
25588 35 48
40091 22 32
88924 50 28
14644 33 11
149736 22 42
96705 58 40
131346 41 22
113408 19 2
52024 64 13
197885 23 9
187166 36 19
109206 50 20
79380 36 14
58408 26 40
58340 40 49
111938 32 20
130797 20 44
161935 35 49
187711 39 19
157013 55 22
107302 28 42
170031 54 6
8158 13 42
103298 56 20
127864 48 25
61231 53 8
131796 27 29
171859 39 37
207195 24 30
176510 32 48
92380 35 44
116563 47 3
201983 52 2
154871 33 38
17830 45 37
158108 52 9
140092 26 36
77008 39 38
86823 36 10
208125 40 11
134279 60 14
194480 45 25
129426 37 20
198865 56 36
172640 11 36
168424 27 41
24042 41 38
4273 65 28
95461 40 9
92871 36 49
157506 21 36
167298 21 18
212436 28 47
148036 44 48
98183 62 15
141410 64 39
154439 51 13
45469 30 8
166282 49 29
203608 47 3
180716 40 0
162211 63 10
18712 64 4
62573 42 17
213044 44 18
170724 41 16
43043 55 25
33675 11 8
63094 34 23
173655 46 40
79452 57 6
120642 62 25
98445 37 34
2982 35 41
50499 34 23
182655 37 30
190341 23 10
105311 66 6
54494 45 11
207803 63 33
38748 23 35
50640 61 5
164472 34 49
116457 45 4
117202 51 9
83013 50 15
62539 62 23
66796 33 8
113551 39 44
109843 49 43
72584 31 35
197311 54 25
128068 42 35
103933 40 12
138455 68 40
49841 13 15
135070 37 29
115529 43 8
157739 30 2
93980 46 13
203307 41 25
39798 48 47
185979 35 20
76162 28 15
143227 29 19
162108 43 37
80421 45 43
75395 64 47
135960 40 45
19273 39 49
163463 51 19
142979 48 16
174947 54 35
59419 67 8
188744 44 12
167777 57 48
57882 40 9
32722 23 3
125481 65 47
142603 37 2
29771 36 46
138310 42 9
121604 31 19
154766 61 20
8426 59 19
137048 61 16
49202 60 0
152790 66 33
76400 22 13
148592 36 20
155578 36 41
142361 32 15
208237 49 24
122858 32 5
205615 40 26
150542 40 15
66845 60 40
45996 70 7
105202 40 28
207653 43 45
139791 32 37
166873 68 41
81727 31 34
65388 45 8
75021 47 32
46938 64 9
4785 58 35
16703 34 44
41864 46 31
23451 51 19
112226 62 6
37934 40 29
163789 60 33
59050 66 4
215834 61 4
64540 36 22
42426 43 34
36365 56 42
174190 41 31
106907 53 16
3034 31 46
169297 39 29
161378 30 11
127887 55 0
154827 45 1
90429 64 44
5531 47 20
95624 32 36
132939 26 41
140487 54 31
184384 66 29
112134 29 15
136191 59 37
168824 23 27
115992 27 31
170826 50 44
47831 42 31
137929 60 20
5500 55 7
138304 31 48
179761 42 8
13357 56 28
17043 51 46
181068 43 8
182741 40 40
119789 51 30
114990 37 44
5092 45 18
86085 36 33
99530 62 15
6078 64 43
32681 32 45
62697 59 0
43786 32 34
148156 43 16
38378 28 8
93565 61 46
131379 60 17
124597 34 44
109404 48 26
123721 29 31
60402 36 44
12600 45 20
73730 59 1
87465 48 17
58174 37 38
175065 42 0
45199 63 4
169581 36 6
79726 50 13
36549 31 3
212207 49 47
187064 66 21
73276 49 40
67000 35 21
106619 24 49
182904 41 26
35154 60 14
134248 31 30
93614 62 25
186427 43 3
35084 47 43
19985 27 18
149544 40 25
203825 69 32
151727 47 43
179251 59 16
176085 38 3
214509 44 4
127069 20 35
114601 64 4
96830 38 15
144454 62 11
196720 34 37
52150 47 26
194853 48 29
58621 45 24
47350 56 9
11604 36 34
11660 32 19
201065 38 22
1327 46 37
101275 32 41
43040 30 2
168975 46 26
381 52 16
27115 27 29
35701 24 48
156336 37 12
111674 62 32
161516 35 49
72246 44 45
137308 33 17
59021 40 8
209295 66 33
41148 26 28
151806 64 25
158520 39 34
85862 54 31
166222 42 30
194734 64 37
126613 69 40
148247 65 33
26558 47 24
54668 47 13
12513 49 0
141219 25 12
153895 63 3
3406 34 21
46660 36 4
153023 48 9
59362 27 27
179901 51 42
182630 50 19
87015 66 25
195010 68 47
180094 33 5
107729 62 32
63347 67 32
118052 36 48
136189 35 29
94439 42 6
77703 48 14
111208 43 26
124330 47 16
36974 26 27
59917 27 49
174043 33 22
186890 62 10
66332 52 19
179586 61 16
77835 44 1
136950 46 0
25189 55 19
200597 45 19
50914 64 2
97566 21 31
45408 56 7
197438 41 24
99995 58 29
185310 41 38
95349 57 17
152113 46 6
92411 57 4
1665 47 26
3750 43 19
155180 35 48
127022 61 10
196863 67 17
63713 28 41
53134 32 42
160475 52 39
91491 36 34
145530 39 49
185061 20 8
149295 61 46
98871 69 47
198458 21 8
98680 49 22
34490 41 21
112346 55 11
109409 35 18
150228 29 11
52325 38 17
178912 65 39
109981 47 14
164543 27 36
61169 43 5
64824 36 34
138906 42 34
188971 42 27
56364 47 16
109587 40 4
1880 23 37
154221 39 31
205833 43 16
87976 54 21
19605 60 29
6787 37 43
158729 51 4
177474 44 36
146685 41 15
40666 33 15
30991 29 22
203472 17 37
205340 41 47
125312 29 30
95862 31 15
212527 52 25
18704 42 26
92968 47 16
100943 32 13
167498 50 25
137294 34 3
93459 66 5
128991 47 12
178315 60 39
140489 38 49
86269 60 0
57060 50 8
147265 52 22
23045 34 8
4045 49 43
93766 52 35
205837 43 21
55917 55 24
14119 41 17
155927 25 11
30872 25 11
166618 42 12
80407 65 20
40394 20 45
215999 50 28
89917 34 30
172318 55 35
121411 57 5
84938 42 12
45175 20 37
55624 23 17
70245 57 1
138849 51 31
188658 57 43
129098 66 12
72827 42 6
160247 34 3
40214 30 3
182638 46 4
70310 56 17
106781 23 4
102788 69 47
149010 70 6
167227 25 2
32412 35 37
73198 63 38
37104 32 27
28305 62 9
206497 64 7
166974 61 27
148132 56 31
59699 34 30
99261 43 10
76954 48 8
26949 52 1
183210 41 27
154746 57 49
210127 27 16
204181 45 17
185740 24 31
13242 65 8
111953 52 17
54022 24 0
41454 39 21
191916 39 24
27412 58 17
36647 39 28
104405 44 24
149440 53 11
187482 53 28
35048 68 41
27965 49 19
108433 42 17
79500 53 34
16796 39 6
201841 32 49
95107 59 24
114745 39 47
98528 44 48
141054 62 0
212920 52 10
147630 29 23
105945 53 3
34697 33 29
11543 47 44
178774 50 48
102376 53 22
109826 41 7
113198 51 43
168594 37 11
153572 23 30
21251 55 9
204637 41 25
104442 46 39
212688 37 24
75485 40 12
128167 50 4
16387 25 36
3874 50 38
58264 62 16
166173 64 41
77603 40 17
183638 64 38
189605 44 28
114517 60 14
138051 42 31
13084 31 18
176618 43 29
119859 41 13
46508 47 16
149214 31 36
177056 51 11
5701 56 35
141179 39 31
120844 57 35
123906 34 47
20627 43 38
33696 44 1
109791 52 22
156187 66 14
86430 14 15
17920 42 10
90744 35 16
195458 44 45
86601 61 46
3062 55 14
98086 38 39
159116 53 3
10300 38 24
20213 48 44
154615 21 26
210160 53 4
84005 41 18
74589 46 48
79232 41 25
164415 45 17
55686 59 1
115744 55 24
138698 38 22
36926 55 6
41573 27 11
77759 37 41
186757 20 23
156220 30 25
7025 37 42
197664 28 48
154640 33 13
122741 34 37
97038 27 43
141017 33 18
220338 52 11
69125 36 19
74990 36 42
3929 64 4
144018 22 35
65334 50 13
129699 61 18
21119 51 15
213916 38 45
158354 47 0
155543 46 31
130311 29 36
17958 49 19
94883 61 25
114773 30 10
1347 26 36
209659 41 44
149122 34 27
163285 22 8
45027 64 4
21817 14 5
159226 13 15
193556 51 14
60239 36 44
180101 68 34
118792 38 42
62155 61 6
137518 42 35
150138 42 17
19628 48 30
184496 24 22
68339 46 18
177135 40 7
5363 36 36
8018 37 9
92874 58 18
92480 33 37
103739 46 29
188863 55 27
68938 31 43
63449 30 42
130999 61 14
152652 24 35
208376 27 21
54815 54 45
45278 48 38
6737 55 33
37770 33 8
7067 42 14
101874 34 3
127821 34 31
88837 54 1
10039 49 41
127230 45 12
57412 44 11
98153 39 12
179862 64 48
164669 35 15
8259 62 0
70107 37 22
97457 41 48
917 41 40
93626 47 42
152873 15 41
129703 62 22
133640 53 12
128323 47 22
200846 57 44
46353 54 1
72659 64 27
58116 29 11
201356 56 6
126050 24 41
56731 42 13
179522 47 26
125898 32 41
205884 46 34
143511 44 0
216926 36 46
43297 60 0
15565 35 43
24792 57 27
45129 35 42
85295 64 48
68333 57 5
6845 63 45
161655 55 18
18101 65 9
62217 40 46
180899 41 12
24009 52 1
31182 48 10
184164 48 37
114770 40 25
99049 64 2
7178 28 21
149566 65 15
14196 37 26
71881 42 29
87486 41 26
102110 54 20
99144 46 22
117963 33 11
112074 42 12
124595 44 45
89183 41 5
143615 53 36
220671 34 46
108389 49 6
67675 35 42
215972 33 41
130433 47 3
85407 12 31
76440 46 32
118362 56 13
50151 49 22
153377 54 32
201961 33 36
179906 26 13
110805 60 2
134476 45 18
202077 23 19
171367 61 22
139844 45 47
129063 21 44
183052 51 1
90572 56 1
205074 31 35
27917 50 33
177966 40 5
9901 44 7
77410 31 6
179048 25 6
171454 60 0
139079 45 17
1669 27 2
64806 55 47
64841 64 15
36532 33 9
141247 50 13
146380 34 25
96169 46 8
65819 57 18
35897 28 9
199421 41 10
208401 38 8
40328 42 26
16207 64 4
2231 48 8
72229 45 7
154673 27 11
91828 39 37
182556 51 15
13576 49 16
14926 43 32
148000 31 49
99103 24 21
97461 56 43
150492 30 30
209267 35 2
190967 38 20
86824 42 12
184223 55 5
32645 63 20
19401 51 19
93661 13 15
8557 41 39
120190 35 2
15838 42 26
162703 49 22
157416 60 0
542 65 33
23213 61 48
186181 35 30
197968 37 0
201730 40 8
83930 21 15
35272 36 20
105792 46 2
17940 57 41
175528 43 10
146286 45 15
5336 27 23
107225 36 37
88879 26 30
59189 51 13
25582 61 19
42874 21 8
172008 37 26
22775 37 46
23641 38 46
52503 44 17
115369 51 17
172970 50 34
78556 23 30
65166 55 17
61462 31 11
179717 37 30
30361 29 11
98854 65 1
174001 43 11
27371 32 10
101573 27 25
87411 54 41
193378 43 37
193914 53 44
94622 42 1
100514 45 9
101480 29 2
175015 67 43
186463 59 47
102450 56 45
216216 45 10
111054 53 13
20210 36 12
20651 17 47
122097 46 26
128096 47 19
190848 56 18
172879 58 49
150248 45 31
50278 67 25
181565 32 10
139251 38 29
193950 40 48
14516 36 30
91192 60 48
177387 30 42
57498 24 18
74286 65 5
43502 43 0
158246 56 25
49974 11 34
102306 33 37
215334 36 19
31920 49 21
60850 59 33
67057 18 35
48455 30 31
153248 38 19
85826 67 40
93530 48 48
11394 40 9
202351 45 30
192913 33 25
75008 61 41
20753 46 41
73671 23 9
161723 62 6
19397 33 24
165218 46 47
189842 34 11
37050 55 45
4813 50 19
46194 48 22
185181 30 44
65323 53 43
29768 27 26
137819 46 38
107848 22 39
144152 38 29
130970 45 46
128385 53 34
109165 65 23
162565 62 29
23860 33 18
215831 42 4
5108 57 43
63267 50 22
217245 46 44
55174 29 11
17643 49 30
208764 31 28
138148 52 19
196554 45 27
172519 31 5
183024 46 36
151535 28 42
150238 47 31
38187 53 33
36456 54 10
169933 44 34
89090 43 17
214772 50 28
90130 59 33
198471 43 38
172091 46 46
174747 35 44
19549 36 11
20633 46 26
15076 47 20
63387 63 39
83192 22 29
102664 34 41
204345 44 32
215178 54 27
83364 37 23
63415 43 37
127577 52 47
123872 42 28
119603 28 34
120902 42 42
54727 47 17
165668 54 32
213957 21 36
185828 45 23
78929 46 10
145240 35 30
153094 50 33
195496 42 30
60273 61 26
8080 55 48
183966 52 14
9566 32 6
57338 44 18
141275 25 35
170383 20 35
93456 29 49
92866 39 7
17775 35 14
116567 31 2
59591 40 40
124730 44 30
143980 59 10
48240 42 14
11376 18 27
46068 47 48
103192 21 37
151250 43 7
200543 48 46
13756 15 24
218721 44 46
81673 45 44
133993 46 19
87036 42 23
9846 39 35
109973 59 41
48411 47 3
65479 52 32
5604 29 29
16068 38 30
15608 51 31
104154 55 26
42616 62 25
135357 42 22
133098 41 28
55131 40 16
201826 49 32
52068 49 8
148139 48 41
188747 54 48
50100 66 4
214824 47 16
73737 40 31
117372 45 38
207717 53 6
96342 39 23
110858 39 9
174088 37 8
22672 43 39
135554 65 4
172525 33 29
13434 48 30
68835 57 46
66415 66 26
207646 28 8
180031 49 40
86794 49 18
16576 33 29
139490 52 19
193864 42 36
208769 56 25
145857 32 39
142034 57 19
189946 42 26
21167 60 7
15008 39 38
51186 48 7
11550 49 6
215807 45 32
6905 25 39
154992 31 35
139397 44 30
194126 66 34
141643 41 46
208215 29 27
194761 55 49
42669 26 22
63503 23 30
126618 60 47
70633 33 3
215008 52 1
123943 44 20
159251 23 5
195061 48 14
35111 38 36
96817 58 27
139551 21 29
154438 50 42
112464 39 41
178653 30 12
74263 30 26
219421 31 13
101533 44 38
202287 54 11
87463 53 21
42174 37 36
35944 41 7
9767 60 6
89835 53 48
161351 53 26
35490 39 34
164546 43 8
171715 59 0
172339 30 21
190865 65 32
113927 37 12
113267 35 19
102176 54 27
181505 31 18
31939 51 24
