169270 47 34
114072 58 158
31697 61 103
148739 49 114
150790 69 158
52056 60 162
220459 54 30
171392 34 164
160900 40 30
36778 47 150
67116 48 157
176580 53 40
104857 47 47
158916 32 84
15323 42 66
66334 34 145
103600 41 146
117012 27 67
9643 39 130
13561 46 66
214558 46 86
171093 57 90
15606 32 86
108295 59 19
28659 38 171
22113 52 19
53996 53 20
109845 64 139
141131 64 130
97712 29 5
44609 46 166
220167 27 88
190793 33 146
145534 56 37
215347 53 136
88283 48 66
88046 61 64
196066 68 67
216093 33 127
6322 41 147
47403 40 125
216118 51 140
8509 39 123
142724 36 11
208220 46 150
214835 51 10
50972 34 148
200140 37 93
170268 55 19
19441 30 151
213436 64 152
68014 64 171
3720 29 134
69685 57 99
22035 43 56
94319 42 164
84843 44 20
110839 29 151
208692 59 40
8203 44 164
100389 54 63
82025 51 27
14291 38 66
35078 54 9
196210 34 107
156186 63 57
202293 71 48
192607 27 1
17388 47 127
42705 39 129
80716 28 151
94358 57 6
4259 32 81
108189 55 67
62549 40 164
64869 55 147
168460 45 138
38538 42 21
143077 31 109
162160 15 146
158599 44 105
70615 27 148
215684 62 149
3675 58 50
199990 30 15
118680 40 146
160599 63 160
142665 46 148
196766 69 49
182944 64 66
156260 39 28
111150 38 86
136439 70 49
46227 59 106
4451 50 171
45595 29 116
10971 20 98
130815 65 31
140647 62 84
26615 36 95
194412 39 105
183341 46 99
134660 52 44
25949 44 127
28046 46 140
205943 42 124
25425 48 129
186070 41 68
158689 65 140
79134 56 18
71220 50 144
95011 43 93
208847 35 171
119143 48 134
96293 34 72
183749 62 108
130727 35 71
33369 55 150
82805 58 5
181128 38 6
142008 28 31
51212 41 149
150166 31 149
40980 40 151
207983 27 173
1298 68 15
39548 28 47
189264 52 65
142854 42 109
66358 25 11
64505 29 21
75138 31 16
1417 64 33
34784 41 12
119168 58 36
155337 52 60
185636 48 49
56145 41 80
84392 34 110
51963 17 18
68697 34 53
134757 66 64
85055 34 34
204877 55 49
28238 32 74
86924 53 134
31051 41 101
110488 60 114
6003 39 98
95273 37 133
139507 44 45
215238 57 170
97524 43 68
117980 21 67
121845 27 93
84388 28 155
192486 52 99
191756 27 20
141409 27 10
122686 44 96
73860 41 45
168132 52 154
61642 62 106
141779 61 26
188747 54 162
192316 60 161
132223 41 74
62223 32 167
215243 53 134
115524 48 68
92888 20 56
187631 31 122
21638 21 5
144573 50 64
17271 37 159
116389 48 94
210021 23 156
197670 41 41
56429 36 109
144598 24 146
138407 59 32
172599 34 36
113211 71 42
134147 57 128
219105 29 43
49624 43 42
89704 26 31
79976 43 167
95119 44 135
204662 36 114
56563 30 73
153636 39 15
3901 48 171
206491 16 16
27088 50 93
202649 35 15
35240 47 93
162903 36 45
134244 50 147
148229 40 68
78908 50 93
115140 48 48
167045 64 106
206296 48 13
136568 44 143
100987 50 72
85681 56 99
181625 23 100
40576 34 148
67272 54 5
182933 34 23
182819 64 88
89105 39 123
51604 58 116
28292 17 12
9008 38 87
139252 31 85
73976 35 106
156788 54 72
59478 43 98
91262 62 112
8012 58 7
86036 65 12
111651 30 129
68180 59 34
154232 33 81
118973 69 163
9783 33 11
177548 47 43
36909 38 56
180771 28 146
113409 47 101
201160 63 164
22671 59 55
18993 52 93
63978 43 146
24848 39 82
55400 49 167
137787 59 5
135717 45 87
36252 41 67
86505 59 138
169220 62 45
198674 62 49
184962 50 129
189500 44 100
40652 58 150
19262 30 106
59887 32 150
38423 66 19
189996 63 170
198730 20 103
12706 21 0
130077 59 70
186008 54 105
154088 50 114
40869 37 65
133463 37 129
144821 65 84
196413 52 22
205866 62 31
64674 68 106
192000 52 144
176853 65 29
177688 26 134
97698 37 3
49137 40 129
103069 56 18
113349 39 40
104434 71 65
66008 62 71
123004 52 28
78936 32 16
94578 47 37
174450 29 133
124659 60 32
67895 61 46
203491 40 105
9686 36 19
74275 63 9
97463 50 60
44015 50 37
18108 55 46
120440 50 163
138890 50 35
202791 48 111
193266 29 68
141979 46 15
148440 28 27
3351 61 109
186616 40 94
165742 45 99
99349 25 67
80102 51 34
186479 31 80
63880 38 157
81089 58 126
188871 53 55
120741 42 36
205781 40 90
198185 33 35
132179 25 88
111605 38 107
160675 29 143
49211 21 128
25485 49 84
154943 64 89
76865 33 146
109903 43 28
50129 35 93
23798 39 45
195156 36 157
75206 58 1
125896 35 46
160581 22 8
120041 56 74
2120 62 164
140767 45 80
32396 28 83
21670 24 11
107402 44 148
42569 45 9
206502 34 166
149549 41 15
30965 31 100
210517 70 88
157011 33 94
186065 43 84
187700 55 120
55382 62 30
41850 30 4
149385 67 137
214356 70 46
968 61 15
123397 64 151
211890 69 48
3611 46 130
48943 54 73
180153 67 48
118930 16 152
160894 36 109
160953 31 82
29200 46 101
51927 29 109
47594 38 55
24547 53 166
182447 31 37
101225 44 8
103666 32 160
84117 27 9
36873 42 9
155080 46 156
30576 47 29
64576 36 162
28326 38 129
121117 31 47
205934 35 153
845 56 147
46367 34 158
97492 46 4
26081 61 30
28592 39 166
126023 27 10
46501 38 139
141298 54 95
210930 43 73
92567 56 26
181719 61 43
9313 53 112
106163 31 147
53856 54 154
36197 60 60
1252 48 158
3243 62 33
6349 32 171
68772 35 31
22234 46 94
64636 61 125
213846 31 19
48264 17 16
92130 47 87
71941 62 143
25151 29 152
52707 40 110
170126 26 45
132244 43 19
146635 60 113
112939 61 130
56012 57 150
156526 55 40
27769 27 67
86988 57 109
56335 39 75
217519 43 15
201973 22 97
58583 31 153
59182 39 130
88681 50 125
44714 50 42
99132 31 55
19060 25 92
203925 53 93
110547 47 16
205854 48 74
40105 34 82
111022 36 86
7124 47 11
64509 61 16
176079 62 29
104587 36 158
65672 43 152
72014 34 152
15996 44 122
161958 35 17
67744 27 30
13453 52 41
7806 32 12
157496 38 30
204014 43 28
84783 24 43
51477 53 89
82566 48 112
11240 36 87
34504 52 145
183306 45 91
59910 41 117
81815 51 91
13628 40 21
118253 34 86
193375 39 31
112820 53 41
1680 34 74
50526 62 88
42283 57 143
30828 27 100
64123 58 149
77335 41 92
180155 49 149
189048 61 43
153986 40 139
23081 26 145
17530 46 55
60177 32 89
10620 31 6
169267 62 59
6769 33 93
14986 57 103
201233 35 65
152003 54 128
107987 48 171
208557 49 76
149873 29 45
19443 51 160
163542 65 139
62994 43 106
108913 44 41
158381 49 166
214696 46 18
51412 54 5
202255 69 71
34515 59 45
79379 50 0
165905 43 148
129766 30 99
152554 36 2
162933 33 156
196636 38 10
1532 58 120
170493 42 4
207508 54 145
168180 58 162
39974 12 38
105404 28 128
54528 24 107
115475 19 49
217956 36 72
122548 65 22
201841 32 171
128790 49 171
154317 37 115
192041 55 7
33101 49 36
15085 37 151
178711 60 119
33858 41 153
181972 24 18
91631 24 150
35740 46 47
110639 26 151
19152 53 146
16528 53 94
122170 41 153
17012 28 155
191912 56 120
191730 31 125
67101 32 8
214349 57 115
42831 44 140
106022 19 126
74038 35 152
170426 35 94
195838 56 68
34790 27 16
94598 37 15
60354 37 152
161190 57 39
174221 61 27
132990 32 94
20650 27 148
76619 60 164
131240 37 171
215078 58 145
116840 33 27
177038 39 45
28608 49 29
35171 62 31
17600 65 156
113075 50 153
170685 68 67
205103 27 108
81188 40 167
297 22 123
146352 34 129
66386 40 37
119716 15 131
3536 67 1
7689 50 63
170897 30 139
218382 31 153
38166 34 68
30587 39 143
16341 47 118
54748 72 130
156717 34 31
49651 58 127
181073 57 165
43547 64 164
85372 59 18
198833 18 0
220078 18 87
218899 34 47
173379 53 87
65487 57 172
96094 32 160
95797 55 15
28609 48 81
171736 23 114
22751 33 165
177138 40 145
101792 62 17
51092 35 19
130302 30 27
26591 23 37
144946 45 44
90753 42 93
171675 56 35
113459 53 93
183661 46 93
144592 45 112
94128 39 19
28688 37 167
84885 67 137
100630 38 8
85866 50 148
84502 26 6
24282 37 86
18426 37 30
49471 35 84
106594 38 57
42987 47 6
42426 43 125
199775 25 12
46877 56 171
86558 32 31
148330 26 99
2230 47 28
161883 66 19
60013 48 0
144728 61 144
117138 47 16
90938 42 164
18480 61 7
1079 24 115
38541 30 107
157245 42 155
170741 60 32
23974 52 64
129416 27 151
196927 27 107
107491 36 74
124131 30 11
160651 64 67
73003 66 129
182065 40 123
172306 40 75
211516 64 161
17383 60 40
150969 32 73
28204 52 18
196461 61 145
44587 51 100
28810 42 65
101730 55 74
167668 24 11
107527 55 15
106591 51 128
35726 45 147
97644 48 125
26256 33 166
98019 62 46
174035 42 14
167117 49 94
206546 49 98
92228 61 94
71884 61 72
110699 54 130
127914 59 75
141190 48 15
206258 42 128
57496 38 148
43472 54 18
162032 37 98
55090 62 81
105500 66 164
72007 69 128
43715 47 86
113971 39 147
160430 31 155
105281 48 101
77028 38 171
34444 47 36
49792 46 93
129013 39 71
125820 39 94
133170 64 93
61830 42 6
154231 61 129
148485 65 167
159024 39 80
2180 45 144
160698 40 48
209479 49 59
15247 56 30
147283 60 81
71398 61 74
69864 22 77
19951 26 168
133138 49 161
178474 55 134
122235 55 36
107670 17 145
174911 40 125
182976 62 26
43851 29 55
19941 37 69
120067 23 152
186143 59 120
12842 17 114
100572 33 12
91600 49 171
203773 39 43
95022 52 164
178917 52 18
130724 63 164
10321 36 37
174268 43 121
12196 33 17
139451 27 32
207405 42 134
184746 66 121
208067 59 88
120341 56 9
71621 38 172
12899 66 49
207165 32 65
131772 50 107
176136 65 26
93947 60 74
8403 29 12
131266 24 6
187805 60 45
197990 41 148
28666 45 125
112158 49 79
66223 46 154
151757 35 115
94708 57 31
164882 49 168
220134 55 11
54041 50 149
206216 38 98
55938 44 114
49634 51 86
177817 28 1
106856 43 114
178592 28 171
36337 33 73
210878 62 26
14162 51 93
60241 56 143
87806 54 23
6084 43 59
144489 57 129
17243 35 17
142811 44 14
189317 33 100
7296 28 146
2425 48 37
188123 57 85
128048 51 87
137063 27 43
122189 34 19
140319 49 37
23915 22 63
41985 35 151
58705 47 27
136222 51 55
150459 22 21
79358 59 167
54188 32 70
46216 64 107
123445 53 146
160465 23 94
156066 39 47
165004 32 122
58451 58 72
71480 24 30
212498 50 14
206571 37 27
64179 13 10
78114 35 122
56467 42 82
209131 19 57
115387 27 12
80998 35 29
142042 50 157
71245 56 87
49365 52 141
55216 35 139
207191 19 16
38352 45 130
160888 15 131
6792 23 75
84605 47 101
153139 53 130
43956 44 68
133028 39 61
179194 55 36
74179 59 173
115360 50 3
90628 39 82
148968 45 15
153549 56 98
37951 50 6
213618 29 130
9776 62 112
69250 56 144
114067 49 37
61415 39 27
132545 28 151
67556 23 43
194419 61 36
61104 34 143
211764 24 145
114469 21 75
73454 39 40
182599 22 46
172265 37 86
117429 37 98
37153 36 112
97827 38 12
88232 43 44
57665 48 156
125263 46 28
187040 39 56
215166 50 74
210048 20 109
51277 49 28
84282 53 34
185706 37 31
157556 52 160
195908 52 98
115294 54 76
116482 37 5
18947 51 56
76451 32 94
34432 49 36
211118 32 12
218285 56 154
186842 33 70
207907 39 67
103157 35 155
86385 48 103
124574 30 38
119881 51 154
122875 62 28
69844 46 164
54215 51 172
37823 47 125
103486 37 154
110168 45 145
68495 39 47
54214 41 72
133050 65 164
169600 28 147
178340 37 49
99894 28 15
205789 34 31
126561 34 167
176600 65 102
164436 55 42
135850 57 40
196325 34 106
24344 57 52
202540 53 81
142585 51 1
210958 42 161
176251 30 94
80785 59 130
63193 53 18
85957 42 139
116237 53 94
183247 32 150
138089 41 145
164139 40 109
119927 57 102
204583 30 106
1377 65 59
135486 51 154
59850 31 15
210153 48 161
146021 40 168
14749 41 81
203944 63 99
184221 34 100
131228 50 55
191774 60 17
179266 48 86
30715 32 151
34561 59 150
82827 34 132
2451 41 160
132298 24 157
76989 37 73
208335 37 122
21261 32 43
170336 38 129
2124 44 27
216539 59 168
217730 66 164
14441 34 9
81562 32 109
126842 58 109
175555 51 130
169178 36 10
68151 54 94
117103 42 123
202985 48 33
214740 42 68
9874 46 172
145372 70 6
129215 24 158
80342 49 71
57278 38 114
37939 49 171
129727 58 155
181786 62 164
32684 47 145
205864 47 15
196861 55 170
218410 51 132
153461 50 23
160102 54 164
157049 67 74
117647 47 18
96711 33 20
86646 24 122
153860 51 148
127918 35 12
15747 36 151
42215 23 46
16439 57 60
46832 30 62
89732 38 21
183567 47 71
55294 36 57
172089 59 14
183393 55 112
7405 47 100
156324 53 95
58562 34 68
218794 27 148
108017 50 146
59690 30 129
77010 56 78
45129 35 146
15020 45 31
191831 29 143
150593 43 90
105584 40 81
164707 36 82
26139 39 123
179022 33 66
43826 63 67
49893 69 150
7748 62 45
49607 43 107
213643 50 173
206584 35 55
124684 49 20
41041 55 71
151217 49 101
171786 55 94
12483 56 170
205535 36 16
86541 35 93
20213 48 152
30023 56 173
104435 29 152
60892 23 9
167635 31 36
39281 59 133
29020 39 68
147573 41 158
41899 52 146
31257 45 46
197643 30 55
196717 65 143
154676 47 117
171465 71 81
121391 52 71
142941 61 63
39877 54 112
140247 45 94
23205 49 98
178290 33 150
113973 41 107
104716 43 46
45322 40 149
138220 27 171
61990 57 144
18967 65 79
189713 25 151
191872 47 170
121990 34 156
148477 20 171
199902 43 109
100005 47 143
164419 36 86
904 38 20
115165 62 113
207852 21 152
99659 14 153
215804 30 145
91827 59 2
181496 42 127
46825 45 50
186726 35 11
73414 47 146
144906 57 126
95283 41 164
189934 62 33
153595 42 80
203651 40 122
103473 44 143
153350 56 164
141545 37 153
66686 28 123
93055 42 112
68502 34 143
198707 30 86
57264 43 87
80306 59 151
139544 60 15
140445 42 143
123580 41 93
11514 43 101
86404 38 161
97446 25 23
51570 46 37
51399 62 144
117631 62 129
63227 43 118
43476 31 40
113422 40 72
88634 49 118
30323 29 109
70716 45 27
82011 43 129
50382 27 31
97420 35 146
216904 43 93
153969 36 121
119400 37 159
109358 39 80
189764 19 146
202876 26 153
54350 41 43
20094 37 28
192395 65 31
134335 24 12
73144 64 136
82788 53 16
197219 30 122
45167 70 141
145389 29 56
146670 29 109
5998 52 172
34769 43 156
207807 33 162
163066 60 62
121293 34 101
197572 58 44
184323 57 8
107168 29 63
217606 48 173
108084 53 5
115210 61 43
42118 42 94
215041 43 73
44470 24 56
36953 56 149
166560 30 6
83042 46 3
14908 42 6
105754 66 5
217246 43 47
119845 30 23
195129 67 106
9842 60 86
176540 42 82
12183 37 149
36301 48 4
153937 63 66
185290 26 99
53678 53 43
61878 36 126
182269 60 109
207172 59 81
117297 36 18
216063 43 80
44438 42 26
10752 47 160
184715 48 93
27570 55 11
194533 23 155
39719 32 117
100659 23 56
34822 56 101
42083 41 29
89120 64 152
122362 32 151
164484 19 46
157440 69 102
194754 44 6
25086 39 31
144900 33 9
137073 34 110
68548 59 11
145714 51 115
91521 33 80
174706 48 6
165168 63 89
44370 47 106
37022 37 167
49096 48 18
159568 34 109
100002 35 107
51767 25 20
94889 43 94
161760 38 148
103881 50 101
110738 32 27
58909 54 120
177813 53 145
72230 48 85
82534 55 18
148926 33 160
119514 50 73
90804 42 27
160646 53 159
156351 30 30
136855 59 138
41612 34 93
7602 42 114
197250 34 171
208919 58 123
12834 52 124
214518 54 43
204763 29 145
91349 24 55
139488 32 45
131028 44 112
46068 47 162
103718 63 23
127128 28 151
79184 47 40
123994 47 114
209675 21 99
89438 31 132
8138 58 150
70142 58 109
5007 30 141
219505 32 81
130015 37 100
170480 43 0
44054 45 41
22329 44 86
177966 40 15
117912 37 140
3015 45 28
58462 44 19
105927 23 173
206771 62 48
93077 18 130
174897 59 32
50153 31 15
172944 18 145
48587 57 71
203366 47 135
54306 30 83
182685 59 14
5153 41 118
95915 42 21
55288 32 42
96886 60 109
148939 71 99
56661 25 145
90462 44 85
172527 46 125
67032 52 33
25240 68 120
130196 43 122
68499 49 43
208197 41 31
125456 60 167
8109 55 17
132224 42 15
29633 46 55
94271 66 128
116444 59 31
84909 43 106
167892 21 154
172212 54 21
113572 53 18
128750 32 107
9414 50 45
168112 40 56
102242 19 36
40354 47 167
150183 44 121
211672 36 149
210211 29 167
217971 58 117
140816 53 51
5232 46 87
163173 33 109
58369 32 104
111342 62 101
41080 37 85
118199 59 87
154997 41 134
163678 52 18
168235 63 105
169599 47 123
123614 62 116
174418 59 65
172476 50 129
35946 44 171
155939 45 129
34851 40 67
88475 48 149
68765 32 65
47908 33 109
58019 53 166
159240 50 127
185476 33 43
127753 29 27
67746 21 9
2085 56 121
13746 43 15
214027 30 81
127101 52 126
76874 38 123
21561 69 64
143897 36 99
88679 38 31
17738 38 110
158648 40 167
117104 55 129
187086 50 35
69405 38 56
109038 32 140
27851 34 166
91106 45 18
12230 44 166
67885 60 150
192532 38 27
41947 22 22
181851 62 43
138083 40 140
75086 70 70
153858 65 62
7264 70 171
171660 63 141
219292 41 6
123697 64 1
168545 58 169
97112 50 36
156276 59 167
171681 56 109
180004 46 15
103702 60 168
104240 56 141
29658 37 6
167178 43 86
21857 27 151
151210 35 14
48212 67 141
142144 38 118
81201 41 69
107834 50 142
85015 45 75
112222 68 150
137719 40 6
64145 36 22
26263 46 45
40816 54 148
135817 54 47
1787 52 129
106173 43 137
76165 32 30
153380 19 12
47179 51 46
20813 24 125
177753 37 159
103206 50 35
203941 44 100
89421 30 21
120833 40 41
153904 48 86
76062 52 49
91876 41 43
159953 29 19
83245 47 75
146859 46 18
129604 70 163
216786 46 106
135611 25 20
4523 36 19
111176 63 155
98240 59 172
97838 48 40
149373 58 72
29498 25 107
172648 59 21
41087 48 28
160549 49 72
81827 59 158
131132 28 129
167936 49 153
130043 26 147
157236 63 98
69049 45 26
204691 48 39
184719 17 132
202773 31 50
102990 38 166
71661 38 170
113847 51 90
46782 35 86
10844 50 164
202327 43 43
48851 69 4
58552 16 20
141437 50 41
32095 29 0
82366 36 30
159303 45 57
144850 23 171
167741 38 36
167505 29 16
11133 63 50
185116 61 57
91063 42 109
102173 33 145
98159 39 36
107943 32 14
192345 27 145
37059 43 6
119653 40 109
29750 27 151
13115 65 164
4966 52 35
89867 55 28
184887 65 87
19492 45 80
81526 45 83
104329 52 13
36717 35 32
114733 59 168
23450 59 69
5098 52 168
91356 47 148
88730 51 148
166430 38 18
107450 26 55
15004 47 18
51034 33 55
78143 26 109
186555 57 147
60884 53 40
66655 39 109
86595 45 76
117552 35 140
42030 51 21
14839 46 119
4882 51 18
101184 59 45
102342 35 32
193899 55 149
23013 41 112
59538 48 150
110478 50 29
161618 22 30
89174 72 130
28525 58 1
185077 32 9
214204 28 149
94988 41 44
38424 54 126
194928 24 156
114607 28 95
37313 55 27
38371 22 97
158830 19 18
218213 59 106
174276 44 86
37281 32 6
157322 33 45
103368 36 107
103865 34 149
73451 36 35
207524 34 27
116884 56 6
34173 27 171
98038 45 37
98391 58 164
10889 63 27
172649 32 107
105953 51 53
29851 38 6
29809 28 131
130725 39 45
95125 51 75
150945 45 95
167838 58 55
140981 31 15
10769 60 19
9952 36 98
127470 28 56
16412 34 6
70483 50 120
191361 30 135
195159 30 143
41110 37 147
120005 36 162
65286 46 167
83420 57 166
3365 30 135
108768 38 109
185392 50 29
213472 53 18
24673 61 127
138015 32 10
122771 32 105
103232 37 152
94001 30 19
11401 42 6
197180 59 162
69928 34 71
127718 53 76
95169 50 100
108740 63 173
54587 61 44
37574 29 133
172029 39 135
28564 60 146
215577 41 55
203497 45 47
107597 46 166
151045 23 8
63893 18 172
207495 62 31
96916 40 152
115365 44 46
209855 21 9
77212 36 103
24381 53 148
188699 64 162
141462 40 6
54763 31 109
23853 51 59
86952 59 165
133622 15 116
119153 24 67
63949 27 143
217228 42 152
145621 57 87
218015 61 113
74766 38 87
141653 22 127
99691 31 109
153238 37 12
43628 49 73
185787 66 69
54044 60 149
198427 36 22
111453 50 37
149670 31 135
35332 30 157
54906 26 140
61090 41 8
92751 64 101
123058 38 100
92467 53 127
104786 20 19
17213 36 6
65714 45 166
26497 65 90
200575 41 0
112469 43 74
102904 39 109
61570 18 112
40940 31 152
124492 49 42
24528 65 171
18162 18 153
99387 55 168
75528 65 69
1291 26 94
51558 40 32
57051 34 146
118530 38 68
97707 61 73
8844 63 94
86184 61 94
107144 45 20
53865 20 106
108006 70 121
5629 13 38
69018 46 53
158219 34 168
21646 46 66
119905 50 168
11142 28 93
84995 38 164
111929 45 94
46416 29 98
65920 26 56
138133 39 45
42256 38 100
143443 62 148
61281 40 135
187506 23 42
9939 62 142
137673 38 140
217534 51 113
29089 25 68
97696 37 161
150476 50 20
73599 56 104
98356 64 129
67299 38 11
8430 65 99
125731 49 20
178935 53 47
107848 22 140
219021 43 130
174421 61 146
188624 29 8
54978 62 101
102474 54 104
126278 38 109
197060 43 122
143676 34 56
6295 36 55
64423 44 90
154225 54 162
141920 34 143
102203 51 66
215533 45 14
162902 20 56
35118 51 125
141004 52 105
27685 38 122
35416 15 43
77978 51 29
152258 26 28
116544 52 36
20984 62 4
82169 36 45
167848 50 128
177489 30 95
24051 25 30
150665 63 70
5094 51 98
169713 47 94
110433 58 81
132496 35 28
110282 65 144
135328 39 97
154035 39 152
6777 30 1
35847 25 56
160116 39 130
150609 38 160
171913 53 34
191586 17 87
10791 65 146
178702 35 146
61099 33 73
135981 33 122
193476 27 135
138100 35 153
27576 34 130
194311 41 64
14527 65 143
203067 40 8
125448 19 27
27933 44 43
161815 59 75
210032 52 129
126500 22 37
201680 30 3
14219 38 87
211487 72 134
154330 71 57
35319 42 35
216266 65 43
119105 60 166
60935 37 32
87443 28 26
123308 25 67
17343 66 24
137572 47 101
142069 21 86
79308 48 63
178392 45 155
209218 57 85
168553 51 112
91705 52 22
196440 28 27
219569 23 8
103993 68 1
98458 19 45
12978 31 100
23611 59 118
139628 65 34
120045 31 155
164187 35 46
55197 60 29
147997 28 162
100649 62 22
129212 35 134
152335 51 38
152693 39 149
208573 27 155
132026 38 171
214488 59 83
7489 29 94
37433 29 143
161983 29 17
115423 32 69
91696 34 86
107299 54 47
129588 37 44
119291 40 132
163033 46 132
190826 45 47
21581 41 16
4597 46 82
57890 25 149
214135 22 158
106005 50 170
109326 38 93
33765 49 106
86427 40 23
67422 39 85
168451 39 125
21105 60 34
8130 41 19
105772 14 9
170122 26 8
199806 60 105
185297 50 148
65625 41 125
92243 47 101
133177 54 68
17689 35 5
135259 39 153
125392 57 139
127796 62 173
216443 60 146
66089 38 123
29346 29 135
80126 61 147
216302 38 43
97865 29 105
38775 27 151
216544 44 30
109403 46 121
52354 43 47
216039 30 56
90290 62 106
155453 52 67
141839 64 49
7271 44 16
47630 58 109
61176 44 15
39775 27 106
27515 50 160
97084 39 164
191826 62 172
199892 69 106
44457 52 112
56983 24 10
68442 34 30
193265 31 168
185145 50 109
176974 46 124
13261 44 151
126000 45 101
9150 33 171
40375 55 117
41090 19 130
137473 41 73
69242 45 150
51169 24 104
150051 29 129
3593 37 148
149998 47 83
35308 35 36
208799 30 57
189766 66 31
96708 45 68
219613 32 171
137675 51 1
137368 63 103
57838 66 27
53346 56 13
204542 37 33
93626 47 146
123454 28 107
101246 34 5
8911 34 83
94714 60 146
45841 49 106
72209 46 172
111142 43 116
196164 31 116
79789 29 143
188254 42 110
132437 59 32
12409 62 7
46487 50 123
3965 63 77
184618 41 28
79791 57 66
17166 67 144
20047 38 168
131669 62 84
70110 29 151
214755 37 20
64127 68 84
157264 35 93
95065 55 59
200853 40 41
161564 49 49
200758 29 95
114232 43 75
188241 41 172
70525 60 14
80388 27 17
127925 32 168
119394 22 87
193961 27 56
53148 59 0
128277 45 30
130040 52 170
98274 37 28
131479 20 121
60575 37 49
155586 32 115
8058 67 81
17781 47 148
218250 29 43
177707 36 114
172840 66 89
99909 40 65
215633 45 157
43042 39 40
36208 63 95
42001 49 65
82933 25 122
179002 45 42
23041 46 158
63659 40 113
2852 32 107
24770 34 14
165328 31 93
125675 29 129
176715 30 100
163153 58 117
189286 48 11
176722 36 19
110763 35 161
171724 58 172
43254 40 87
154257 66 36
136369 31 73
66104 34 93
203737 53 66
189056 59 108
194127 27 87
127606 52 37
172272 43 109
158431 29 36
119768 56 122
146982 53 50
200032 29 18
9490 48 82
204059 28 9
134066 39 67
194287 55 63
53821 64 35
51592 51 78
12661 58 15
103715 59 144
34023 53 45
49156 52 132
145741 64 50
184727 47 101
158347 55 122
213115 18 130
14685 42 149
132802 20 49
101218 59 66
130464 33 32
17457 36 123
36709 69 44
204255 41 166
87905 45 151
102842 37 56
42925 58 59
164846 59 32
78490 39 28
39534 34 151
14512 62 137
61753 46 26
106166 64 94
220120 44 30
111883 45 153
198089 53 6
131902 40 56
37168 20 151
178920 35 72
134735 37 127
89779 39 12
198385 64 160
25164 41 86
70259 55 104
95083 17 119
92416 28 134
173135 13 35
212926 58 148
40614 59 148
72707 35 104
141460 60 0
38417 32 45
190095 31 6
45622 30 20
130672 64 29
8160 55 129
142049 36 23
107588 46 45
133424 37 101
134488 40 171
192805 48 121
38863 48 167
50001 53 36
20267 43 148
182264 45 112
159428 51 36
4902 59 0
24110 42 38
214418 47 42
91667 47 72
8282 40 30
216902 44 124
130934 46 40
150379 39 109
135773 45 2
107900 30 106
73241 23 4
127881 47 89
164650 37 146
205280 42 69
142239 31 43
186666 38 125
53564 43 107
113829 42 25
214828 62 79
87271 41 34
47358 50 56
103365 50 125
131371 57 170
57479 50 148
39305 36 89
156955 47 20
141091 30 122
78372 26 114
172299 34 55
5319 51 50
160113 37 153
138618 54 48
23721 50 99
32912 62 117
1270 59 145
20848 45 135
180290 49 150
165600 29 171
7958 52 87
202232 46 21
14191 44 141
195697 39 140
187071 51 99
73385 35 81
168550 28 22
167260 44 0
20906 25 6
184600 16 97
90008 64 160
176264 67 43
140006 37 165
153685 30 171
103277 44 17
70976 45 103
166329 39 20
108941 48 118
109785 53 87
218451 63 119
155259 36 148
98457 44 171
71867 40 72
175263 48 72
22797 33 49
18363 59 69
45747 39 56
158862 60 68
198825 36 22
189007 40 55
14357 60 0
88583 50 48
21324 33 151
156030 51 92
195440 23 29
69754 19 19
163326 36 147
4985 61 139
26180 35 109
178724 46 86
58258 35 45
72142 32 171
3572 48 118
99391 36 6
1597 34 100
143358 44 146
5616 58 43
70334 59 0
123371 46 68
98606 48 0
69824 25 93
180306 37 65
126181 45 129
194727 20 3
177096 36 171
204759 53 45
189583 43 134
218129 38 134
94418 33 107
198099 24 112
122645 40 45
155861 54 146
111727 28 129
37186 52 6
219072 52 86
61649 65 13
121447 49 46
167539 62 83
92155 44 125
181613 61 16
152691 37 171
64741 25 135
49848 32 125
74826 38 106
52880 29 83
138519 47 10
211583 26 99
72284 41 121
143513 42 139
198205 63 66
4260 38 47
199122 27 134
200931 37 27
17493 35 171
136919 43 45
104354 33 140
168584 52 115
161813 61 139
115337 47 36
125155 67 151
49290 47 95
217877 39 30
32309 52 91
156290 57 15
95826 30 43
33824 49 100
46641 40 28
187971 18 131
179643 34 99
136731 50 5
208428 47 36
89195 48 154
44097 32 56
74882 41 109
205397 43 143
1424 31 50
18449 42 45
148603 23 143
43169 69 2
28829 26 61
146594 37 98
131959 68 60
150492 30 114
138079 57 6
168253 37 93
19696 35 56
165454 24 107
183999 23 12
33219 60 66
45294 33 168
191691 41 99
76836 47 109
79196 25 6
41209 47 127
33953 28 132
198996 50 100
164745 54 14
88573 41 114
21944 23 44
33951 35 17
141492 54 1
131877 28 106
172788 35 31
112589 48 149
17925 29 153
45330 32 106
78234 32 45
41983 53 68
172405 47 87
165272 51 46
39853 41 6
134688 44 42
13977 39 129
9839 66 64
214381 65 42
80278 53 21
202683 52 86
115148 39 82
97998 55 8
100223 48 103
182180 68 105
215773 43 170
8407 52 164
48544 59 108
138856 50 164
75838 48 101
6618 56 128
17183 54 14
61918 36 114
159766 29 171
193234 39 124
119826 37 55
115768 52 101
180394 29 109
152526 60 75
128341 61 43
178913 43 124
158861 69 59
106131 39 47
106526 68 152
149034 51 46
11560 55 1
205445 47 45
80443 46 5
46683 47 169
160558 51 99
15190 43 46
107362 28 154
28424 31 79
22291 53 29
108802 37 103
60586 32 153
32391 36 123
217005 36 37
64484 56 145
85451 44 106
77627 55 20
13917 49 50
32170 37 6
14620 54 29
80950 45 45
50463 33 126
87069 55 112
218815 35 124
131227 46 50
21764 52 87
48491 48 45
150200 51 37
130546 53 114
219419 42 145
3134 50 81
214648 28 28
41037 32 94
37596 35 146
39668 47 125
62488 41 44
140411 56 158
196302 49 14
101357 35 31
57575 26 122
4261 59 14
14090 34 141
41207 50 149
21248 41 27
207526 75 59
88505 45 31
66408 60 130
204367 29 165
47423 60 74
44335 64 82
145478 46 143
182393 60 74
112602 46 81
94949 66 145
5849 60 112
81996 48 110
58753 45 4
2597 24 133
7638 63 30
175208 32 109
105116 58 19
67936 53 157
166605 44 19
141581 44 169
68094 58 105
208323 39 18
133060 25 104
113378 54 107
124837 48 32
23090 59 168
219743 48 126
143084 59 173
1063 18 20
32790 24 55
2616 31 8
135735 47 74
180876 37 155
219466 19 84
89335 62 65
96817 58 101
126871 56 154
37667 29 42
123177 35 46
114065 63 103
187704 37 99
191746 67 125
68419 53 16
171863 42 106
14474 38 55
119929 38 47
41443 34 14
72156 14 130
25095 39 104
90927 57 2
148559 23 101
101042 36 151
35961 36 120
146387 42 73
129997 45 148
59014 30 109
107856 61 102
77555 50 143
167409 42 16
163494 54 164
78112 40 134
49470 27 164
145267 33 68
80191 35 100
4426 27 56
146158 45 82
19627 36 117
10881 18 100
145243 54 49
55978 50 167
215280 19 93
185064 31 66
163525 37 102
31329 62 125
94659 59 167
8201 36 171
165594 63 75
148328 35 93
45805 54 66
133048 39 11
58538 57 68
42717 56 102
177527 35 15
83366 49 68
180439 49 150
170612 50 131
82121 52 76
204392 20 143
138109 52 93
138462 28 171
200955 23 32
121334 40 43
71069 32 31
106221 52 33
86259 50 103
141268 38 97
83118 36 114
186999 20 56
198570 54 89
191752 34 44
154395 42 166
86629 56 72
27302 36 28
114590 24 32
32336 67 125
27037 33 93
66625 35 160
119999 63 66
66752 49 23
93990 40 18
98980 54 6
111681 40 49
66316 48 109
34818 37 5
65614 47 130
67599 46 29
84679 48 101
56737 69 149
89635 29 27
8177 58 154
215180 28 99
167766 49 41
71254 35 166
106659 39 57
84599 59 126
111563 65 31
209036 54 152
140966 66 130
160134 36 88
16673 32 31
174637 46 68
219459 63 163
94442 63 48
10072 47 1
211505 61 112
33071 53 29
40005 47 149
168200 33 151
11929 53 148
165065 48 156
110483 31 109
192412 27 100
217055 26 55
104398 40 147
157332 63 46
50812 45 125
184807 55 5
29918 38 109
208819 48 106
23096 64 7
147669 52 18
1409 56 52
215384 48 125
22018 43 6
38761 42 167
21937 51 126
106836 35 31
56051 28 140
105236 13 127
185800 43 141
16314 25 126
203051 54 18
6748 47 81
44399 48 81
25067 30 25
21560 39 94
51691 54 106
176109 28 93
139324 57 94
21097 61 134
52350 61 109
208798 41 134
18984 58 79
106538 63 29
115493 44 159
54673 35 122
105376 44 144
131387 55 81
213524 31 147
181883 44 64
99190 58 89
141026 29 95
118279 42 1
92288 40 15
18690 27 107
135288 35 82
210854 46 114
74911 47 66
173622 35 114
91899 49 5
73104 59 35
138012 31 106
129224 35 172
208785 65 130
210716 51 68
173898 25 150
111877 59 1
166046 27 167
136086 52 58
56524 57 32
33838 31 19
34836 51 143
92606 26 129
151597 35 146
162125 64 40
185548 56 167
217367 50 109
11813 24 30
153101 40 95
164841 72 144
82570 57 149
105782 60 0
53237 39 107
37222 53 32
151687 30 140
42134 41 37
99820 29 114
16764 27 15
104503 34 45
67707 36 126
32487 59 0
10322 54 99
21285 55 152
216436 69 90
126823 61 124
23993 34 6
102735 32 100
28161 55 165
207948 45 43
142658 49 171
117060 58 45
178325 26 163
183078 28 45
92181 44 39
148743 48 93
125500 44 107
102919 61 148
48099 32 87
204058 40 46
106890 39 104
203167 47 107
197451 41 140
161050 47 67
23739 48 27
159294 43 153
136705 24 57
76058 50 61
17441 37 115
157965 48 87
142252 28 56
48784 28 134
79724 59 62
21064 41 107
66309 42 106
204502 46 115
57887 41 45
100549 27 147
48801 59 148
216613 67 169
187818 30 146
171896 68 129
65120 61 45
148666 52 49
165745 57 18
114867 48 42
29702 37 100
218959 32 86
166345 35 154
61188 40 36
199631 33 78
164005 48 68
107927 35 68
198156 45 11
160616 54 168
59033 36 155
58463 40 143
167323 30 148
199013 65 99
6464 63 171
130741 31 36
180016 24 47
52621 60 32
126242 51 59
23951 27 151
151448 36 77
62303 46 78
61401 27 160
83761 56 101
13159 48 108
40912 34 21
113341 48 41
86824 42 28
54325 65 122
115911 44 16
125553 53 104
200740 61 0
90388 32 65
44833 20 154
55025 51 107
119847 59 49
74171 38 107
62116 50 45
134756 20 140
3219 59 37
86547 45 94
107132 37 56
44383 35 102
43411 34 114
173713 35 135
173732 56 89
89470 61 151
67748 25 68
144962 21 171
209696 59 104
92006 52 135
42344 23 83
156501 69 164
209434 35 152
31047 34 38
108324 64 102
74559 41 102
179117 49 97
118294 52 164
128871 41 130
58902 34 77
144514 46 68
164283 49 100
154043 45 114
220212 22 134
321 70 173
104063 24 125
192967 52 129
176211 66 138
21379 30 167
25176 58 3
110129 20 151
22809 60 40
185274 45 23
92687 64 8
172871 37 61
144434 55 100
192643 41 10
196699 38 77
62980 57 72
107589 46 167
174918 53 165
98650 36 112
49946 69 16
208240 34 27
178827 50 86
146134 25 107
187533 35 171
64949 38 17
132453 44 94
153757 40 94
8457 45 122
120044 33 82
151632 43 0
144572 59 144
12496 37 93
47135 32 93
21465 40 172
164145 58 28
179907 21 15
41842 36 154
192398 43 171
17057 38 125
110344 38 164
97349 27 171
42861 36 21
121621 18 37
202727 52 93
199432 53 18
49039 49 93
163047 53 89
13102 40 168
101024 41 171
119700 29 12
8186 27 82
55563 46 36
153542 59 3
211625 57 101
170789 28 12
26767 33 125
206007 33 143
113881 52 5
38516 34 94
37705 20 22
41934 67 62
135204 31 110
148734 43 74
158488 34 29
15802 46 167
556 44 119
125146 30 93
35535 18 96
42239 31 166
7686 30 119
151495 50 18
47830 52 66
217579 34 68
165682 64 129
150238 47 115
210277 65 163
166224 35 151
202368 45 143
117567 59 93
103483 51 79
118679 46 44
2527 16 100
220627 41 6
52447 48 100
187152 39 150
205189 58 168
201561 25 17
197878 48 67
97169 32 18
203359 41 58
30544 35 148
37815 23 15
165853 66 77
88601 30 153
87964 47 110
65176 43 17
164681 43 146
79757 38 106
58780 42 94
58179 36 104
196309 21 0
219471 32 31
138906 42 125
61164 53 6
61866 32 93
192339 45 144
3225 41 122
136283 60 108
188966 46 141
46279 40 55
100201 36 86
209292 52 32
126807 20 160
170679 65 168
36887 52 43
114735 45 45
104489 68 171
175189 40 172
17361 30 98
20772 52 85
199653 26 43
52547 46 107
206734 40 62
126039 38 54
197456 42 17
171542 57 104
68547 61 66
19863 25 80
26968 33 93
177540 37 149
112253 32 18
59351 58 0
150088 59 109
78981 38 125
67243 49 142
40543 27 158
46284 53 94
98883 47 75
77159 48 37
116560 38 107
152452 42 123
217839 45 29
204920 32 139
178390 40 36
195008 20 135
142411 33 12
197504 25 122
111590 49 81
212898 47 41
197528 55 48
163698 44 109
115997 29 150
37684 30 19
119811 60 6
86953 35 170
195726 57 162
86499 46 45
62055 49 118
75923 53 41
159598 35 93
199896 26 16
212009 47 57
42442 35 114
41684 43 94
10526 49 129
201769 55 169
102654 45 81
72049 56 109
113684 31 96
7497 65 48
212287 40 160
208035 27 31
5117 53 9
203217 30 171
177806 47 114
181967 51 150
117249 48 101
51913 35 121
119752 52 124
97638 32 99
188716 45 93
150656 63 3
177938 48 134
17353 42 116
217815 54 75
82458 14 106
38380 33 141
172039 70 120
180523 39 112
166485 57 146
48502 55 5
38942 62 153
90608 64 143
183580 47 100
163888 39 83
65 37 27
155758 11 157
141722 51 119
19199 50 127
26730 38 14
137168 53 72
2551 65 30
161585 43 149
29925 46 13
127376 55 35
64780 44 56
121417 48 158
18910 48 130
29232 46 29
47619 63 165
107975 51 43
14348 48 20
34266 33 134
80456 61 74
100983 24 45
76361 44 19
139720 45 171
195347 27 31
151719 43 140
118570 44 16
79087 29 146
134924 63 1
172445 33 112
207328 44 164
17319 27 56
131854 25 55
11059 26 24
186305 47 167
215390 56 109
181263 30 102
9237 37 45
55108 46 15
147716 32 31
72360 33 94
154603 30 125
201341 44 109
37504 51 156
113177 28 45
121819 55 27
16607 31 98
192750 35 27
156652 64 162
41482 66 147
83449 32 43
75989 49 103
105769 33 152
149565 37 28
125579 48 0
216411 47 15
80071 45 3
160499 28 96
117977 58 46
206265 40 155
172263 30 171
183452 45 109
148045 55 97
92849 48 107
210352 63 33
133271 35 0
24430 72 47
183455 50 155
11603 38 109
100197 30 15
69762 40 143
40347 61 33
120466 40 41
197968 37 0
70437 46 30
197569 17 107
68070 55 103
44782 45 16
22194 59 138
23848 37 100
194967 45 116
217279 53 125
103174 47 114
171213 52 14
67757 56 40
143027 39 153
152175 62 71
184491 59 94
48829 36 36
200543 48 155
174650 43 157
54193 58 172
72642 40 107
41190 56 20
113798 44 149
110011 55 67
214009 31 6
114013 72 172
68134 44 50
53082 38 107
192034 38 121
130630 66 107
174505 47 76
105419 30 157
172839 49 87
139448 60 150
14245 33 31
117791 32 167
72361 69 143
215635 45 22
117675 46 75
180251 38 152
145202 30 122
210094 51 117
217700 60 173
69649 56 99
83858 24 43
205254 40 8
42851 38 43
188600 61 21
190357 51 29
25530 48 120
146347 35 5
110487 20 125
4869 46 15
95228 62 105
58241 26 35
189443 28 160
121236 33 19
119739 41 72
159245 49 18
67911 58 145
150996 33 153
99239 43 104
76364 33 43
168709 40 30
135222 54 46
30799 33 15
98066 42 68
208113 51 122
123843 49 100
214774 49 164
166856 51 124
97836 35 30
23910 66 142
132341 47 151
200149 37 81
3578 71 101
104899 35 107
153939 23 152
22625 53 129
154008 47 160
193407 66 102
154549 51 124
56641 35 59
133053 42 171
65061 43 43
112026 61 126
1032 66 28
134798 47 121
199929 47 104
187961 59 42
281 28 80
60693 35 94
74362 50 56
140611 64 55
209222 22 108
186102 27 56
71365 58 141
190420 39 68
175593 59 84
116014 34 43
157599 52 164
58494 37 27
35471 21 106
59137 38 48
184976 46 157
12947 61 168
150833 38 45
31647 53 170
118478 54 157
147434 61 93
43811 42 103
90491 56 39
113676 56 114
156403 39 166
44881 41 86
93341 62 57
113060 46 105
131355 55 27
139206 37 165
193145 47 43
80266 29 15
163011 45 49
61498 36 45
211665 55 2
52391 66 171
148964 23 116
220662 66 13
199274 57 143
199433 39 37
94540 28 154
210310 54 114
173232 58 146
175634 53 15
188671 52 167
172422 33 134
28471 50 68
88830 54 96
125188 39 160
117769 63 156
179019 31 173
104508 60 74
75749 33 82
161828 47 96
127172 30 86
56649 38 30
144959 34 69
95628 36 135
175965 31 82
53318 56 47
72448 37 119
11372 42 75
79030 50 64
81220 47 15
86335 54 139
46650 44 30
92227 20 6
46510 47 39
188527 36 143
125452 50 102
157546 49 81
71180 21 145
59488 34 45
125615 51 100
163508 24 67
49701 46 49
36280 29 110
218356 43 41
92936 59 14
55583 41 164
157751 32 45
107635 58 124
180139 27 154
133252 45 93
75637 41 143
57687 35 158
199552 36 45
121021 52 40
210313 51 162
179729 34 77
40755 54 152
117182 36 27
136155 42 130
195302 42 107
63043 46 44
215599 32 102
152001 47 166
84158 37 98
153297 51 49
67412 66 30
180474 66 69
195548 28 159
65501 43 1
54746 43 37
205739 46 29
60239 36 152
117687 43 143
193600 34 114
200561 71 143
145639 28 151
7914 27 43
56134 34 109
66704 27 127
84800 70 19
202315 19 117
158268 45 3
30337 62 93
59159 35 32
31869 32 3
72151 42 44
9761 37 149
130344 49 171
119766 61 146
78147 63 118
70494 25 139
11607 56 59
147818 41 81
45092 32 135
97682 18 67
12648 46 39
161236 50 47
23312 37 150
12040 29 152
152284 24 9
100048 32 99
217299 25 15
73390 25 59
199501 32 100
115897 32 106
135207 37 43
109552 47 82
219974 42 109
152087 46 26
203804 32 146
26532 67 130
143848 41 41
87519 50 50
68142 39 9
7031 50 99
191598 43 25
137186 24 109
211 30 166
109764 35 31
185529 49 17
116312 63 84
79880 66 135
201003 24 23
43801 64 73
75093 50 120
126038 36 11
159789 49 45
156697 41 143
40855 56 81
16070 57 71
25514 38 112
79682 51 150
157695 45 4
181551 56 170
85187 43 42
114901 33 44
94800 53 87
7193 44 129
125881 40 97
109743 31 37
206388 20 24
58077 43 165
146054 48 103
183652 27 145
20731 36 30
99291 35 164
109806 33 99
35689 41 10
184781 61 93
211619 59 74
132960 22 74
83177 55 151
86220 31 149
31028 55 67
218944 53 86
68518 61 10
61266 54 43
35974 26 56
195786 54 46
174416 39 171
193324 20 38
117369 44 157
143614 30 55
1385 24 154
19155 52 125
196565 68 43
183453 32 93
176507 29 97
93484 35 105
132362 45 45
79710 54 81
10546 32 33
93976 26 43
2005 46 70
101830 45 165
31609 35 55
13525 37 86
149925 29 80
217088 28 20
29970 47 114
112460 23 132
4906 30 100
214191 46 42
100512 61 1
148875 52 109
42505 36 149
74462 57 68
3170 49 123
10349 52 103
44037 45 124
124384 67 5
105372 46 104
152185 52 16
158309 55 120
63372 54 120
202415 36 143
74228 59 144
53202 31 56
2969 30 125
200133 36 18
13575 61 142
9856 41 93
32180 59 147
29468 32 45
92626 52 58
174762 48 96
194829 22 45
115718 71 76
204120 50 17
71158 25 11
46621 44 94
121130 35 66
9182 49 109
54624 28 143
151230 51 98
138240 28 46
104778 25 104
204993 44 87
163991 57 10
82574 58 107
136646 39 160
82035 45 67
122460 60 82
66040 30 56
180915 53 15
184878 39 18
219000 41 67
53408 34 164
111672 60 81
56961 54 35
43989 52 109
206078 51 147
79408 63 92
168359 52 91
199218 41 147
119692 35 170
185304 54 22
103581 68 173
209942 47 106
50452 32 8
154120 61 56
81706 45 27
151486 27 86
21336 52 109
13027 36 68
45761 36 89
33832 25 49
194958 36 138
84066 62 119
70067 48 81
85868 33 94
173155 26 135
112310 38 50
174173 52 93
1861 27 57
18624 40 8
1723 28 127
47744 64 21
99471 60 107
165448 30 30
83122 60 146
1668 33 171
190165 38 123
7652 58 120
21367 34 106
93053 52 150
19450 49 158
125995 27 162
89653 50 81
182158 34 134
107050 55 144
108591 34 37
39983 50 36
134001 34 41
32240 43 31
117016 60 0
465 34 89
197576 23 4
59694 32 80
79303 63 72
59726 29 122
115230 45 119
214092 47 165
13654 45 76
151679 63 73
12270 58 65
42160 32 45
211850 29 129
180798 34 71
814 36 99
41933 46 20
129530 41 68
148899 49 43
197328 40 68
114029 42 11
87223 63 27
58979 63 32
27649 16 27
217262 52 45
37698 64 35
41720 43 125
125971 38 14
172572 51 6
31717 59 159
122319 60 154
58115 62 124
88193 34 143
34909 32 12
92140 47 43
11022 58 32
127113 34 125
186814 45 102
99232 29 26
190035 40 109
40620 38 100
126411 63 165
29835 45 145
142699 30 151
52562 41 99
216259 52 41
119535 29 112
22744 28 48
79499 28 107
37647 36 36
216338 37 49
94247 26 112
29547 43 149
200966 41 107
46962 29 134
63858 53 166
183274 54 74
200735 63 121
52323 21 109
119208 36 46
14178 32 171
40735 57 49
34320 41 151
34018 56 47
189730 41 173
143426 27 152
14436 40 67
165019 49 99
6781 48 21
12324 36 11
91249 50 65
18384 36 8
108332 28 45
216076 49 6
48056 64 144
204290 56 172
32951 33 67
126993 43 126
118308 60 49
123589 39 93
173909 52 155
218919 28 119
107997 68 8
5575 43 43
16011 70 142
120670 46 43
112220 48 114
45650 42 164
70934 57 83
39514 34 29
53551 33 149
8656 56 156
26088 57 150
50892 43 117
106728 52 49
121133 50 172
129299 25 69
181633 42 94
94424 61 7
65417 50 109
188325 35 36
169709 47 119
109735 62 134
141368 39 146
72365 21 103
101009 31 67
196476 53 38
143693 31 135
22947 48 69
135783 55 143
33939 51 113
161474 31 150
50598 36 17
199530 52 43
199885 34 155
76588 43 42
129685 38 92
129257 40 143
197188 46 41
31910 33 107
147418 27 5
195835 48 19
41300 49 45
149636 53 138
99966 29 17
197206 33 94
101801 42 121
212687 50 106
70276 53 109
142472 24 10
132493 37 27
81165 25 151
204879 42 28
41629 35 3
25814 42 85
121149 34 148
73140 54 28
84050 17 86
84931 42 17
146841 51 148
46036 29 56
63254 55 6
131631 41 104
15275 29 56
185146 29 11
111694 69 68
145023 59 94
115624 45 15
114817 54 146
43414 59 145
134180 52 149
100897 36 160
204552 40 99
127779 53 123
163834 34 135
48026 36 146
139638 42 6
70780 39 23
63864 44 128
33860 65 120
191087 33 65
176923 34 41
197242 38 68
118569 39 87
31663 59 106
156832 54 154
25946 37 45
199244 40 71
6584 37 151
130257 56 160
158602 63 151
128746 32 151
79586 51 39
198802 62 22
100707 42 93
109284 34 82
90840 30 79
65604 24 56
196293 32 153
124565 31 14
177277 55 46
157228 51 84
41901 71 144
27152 53 156
95075 53 28
56694 47 141
142591 51 124
3607 38 43
89621 36 107
138044 34 11
22541 47 105
61836 50 29
202265 53 84
215208 27 149
65828 62 118
26719 34 3
202457 61 23
167873 49 127
151689 44 30
204454 56 124
18281 31 15
8366 60 60
160065 44 29
35699 39 148
129844 49 94
111817 62 156
15960 26 56
98210 48 135
95731 44 40
141457 34 30
220280 31 126
112793 55 157
142007 48 6
151961 27 145
117380 41 83
120316 38 45
204423 67 34
131325 34 93
21776 38 162
13618 27 37
213357 46 115
58723 31 103
98500 57 16
63308 34 97
89632 63 100
205484 56 61
91856 53 107
103468 47 30
215062 51 20
196662 43 94
70270 47 32
5430 35 109
26557 37 71
197140 27 143
63973 33 72
177674 37 81
131310 49 150
85160 44 16
13434 48 114
116772 62 68
127087 45 45
159159 30 164
25228 31 29
21351 65 18
203430 18 131
15791 37 6
7765 40 59
66459 57 36
11872 56 35
150482 46 101
132949 23 160
124121 42 164
100881 25 9
14771 52 101
13641 61 143
105865 56 59
140367 40 17
44180 30 135
116115 65 73
55672 25 101
10651 45 73
9310 56 107
195635 27 66
70916 45 147
44407 44 87
205015 64 24
209175 31 125
84916 53 165
177134 39 16
24180 25 43
28376 51 83
25348 30 149
12515 33 59
13158 46 2
128218 51 54
148764 47 124
35596 69 139
181986 58 14
153895 63 12
76904 32 71
83333 58 79
74347 48 26
51403 38 38
136619 66 34
53752 63 61
51711 38 73
217667 59 36
154822 22 67
145018 40 157
50178 66 137
109592 60 125
134631 52 111
195358 36 32
87532 59 37
9397 50 106
111989 33 166
147109 51 117
56984 60 0
23778 33 106
153420 63 59
134628 43 50
220423 28 151
160330 46 141
32108 43 36
45403 59 20
128072 62 72
213737 54 3
136133 53 45
104012 57 102
88052 68 28
58252 54 59
36804 29 4
178314 31 109
72741 61 1
195685 32 148
104193 42 55
59746 37 150
124053 58 173
184277 63 85
10394 30 37
61984 57 36
58206 36 139
138323 47 101
152791 35 11
46233 46 125
3336 35 93
10131 63 40
44498 27 148
209727 43 18
70753 42 27
1665 47 100
78938 31 85
124578 44 39
197044 48 55
90505 32 167
88802 54 24
128021 45 28
108221 41 16
79266 33 93
76234 63 121
218983 59 106
180573 55 96
5636 33 6
69240 58 130
156099 40 29
42176 43 45
39132 63 16
131437 43 126
9949 28 152
66841 18 30
76473 28 94
206664 21 15
150798 30 107
3352 54 104
124551 50 18
39151 62 6
122151 59 102
106410 25 114
14345 60 26
94897 46 19
18691 44 65
17089 61 18
9329 52 139
4401 36 19
102312 59 153
218860 38 98
135148 30 8
207054 34 8
192694 41 172
162312 60 32
203570 50 106
218327 52 82
3319 35 10
132662 55 109
175391 53 72
23756 51 0
32940 47 68
18011 28 87
163690 41 82
214906 43 125
51868 28 102
216475 43 28
159431 33 160
147727 32 79
18473 23 107
16402 27 146
186094 28 171
79150 29 94
45064 43 149
189010 41 15
31558 52 10
36906 48 124
120921 58 150
56135 31 98
81657 55 7
159918 29 31
186848 57 160
515 59 55
163658 59 126
37678 29 107
181644 23 41
116231 29 146
203303 29 153
19593 58 89
20803 32 99
185506 40 50
109312 59 106
14903 31 88
161844 40 154
146819 46 105
97782 27 94
165632 57 41
190902 49 107
76459 55 64
103757 42 139
100494 44 19
193981 47 107
156067 51 28
113307 65 164
186447 53 50
120617 38 94
151854 63 9
144194 45 37
204411 65 164
90833 41 156
69839 34 5
95320 43 97
113749 41 148
142620 33 128
29906 43 6
207633 44 27
118537 35 121
28463 61 151
162492 36 74
147116 47 82
130353 26 157
201596 27 56
100095 63 138
36345 45 45
79307 26 28
73059 53 40
163772 38 6
78222 29 65
145990 48 73
123273 28 70
134 59 144
132644 46 171
31894 52 165
109450 60 164
1343 31 149
203880 30 171
194109 44 124
170993 37 155
168662 29 143
169943 42 87
85879 41 31
12551 51 82
154081 60 41
26740 44 31
149164 34 150
38275 37 112
86655 42 28
108898 38 87
169624 46 172
8115 33 52
85535 50 18
202906 43 148
163168 52 45
156916 25 145
3851 39 114
84650 47 127
130627 69 23
47781 32 151
47947 51 153
168073 60 32
75919 54 160
112666 38 37
99427 21 109
165776 41 135
11644 51 119
51749 48 171
44692 21 145
189202 56 43
86719 31 151
22776 44 129
24567 35 154
123996 49 75
73030 49 20
131397 52 85
94753 65 59
2441 44 63
152886 49 43
88945 50 149
81034 50 165
96692 38 157
212810 59 34
124727 48 92
155851 46 146
151173 59 165
180682 29 140
56492 49 45
19356 18 114
205112 58 45
118855 44 0
51278 33 56
37743 57 19
92703 54 118
123754 37 109
161160 64 103
164030 53 62
174264 62 65
174073 42 86
38830 61 112
183904 34 151
192389 48 94
134276 40 151
57907 47 49
164242 59 129
57323 57 45
130912 51 147
208280 37 36
46149 48 148
101139 50 5
174917 39 25
142421 59 130
175828 69 139
213906 56 29
197203 33 143
70037 41 140
50269 33 93
174811 51 106
88957 56 165
120888 42 113
64970 64 73
9215 30 135
131624 44 84
96912 53 102
116176 23 99
6907 33 20
57977 54 149
206661 40 109
89892 36 47
135614 45 47
135633 58 80
509 65 148
66445 32 106
59206 50 81
100984 28 81
126772 33 98
167611 37 148
190054 48 112
26678 15 160
74934 41 164
158565 51 125
97367 31 21
198577 32 15
206333 62 5
77687 48 68
2555 60 144
160262 48 37
151936 36 149
147741 48 68
73058 34 104
26995 51 80
117961 25 155
82884 47 73
108487 17 66
163723 42 19
118172 36 122
67852 47 135
63276 60 46
122863 46 6
14687 51 18
160318 25 16
93683 29 99
11516 34 102
147222 53 148
139747 30 6
28231 31 18
124086 38 18
70204 45 73
125249 24 68
132692 33 109
157539 60 32
100224 25 135
210562 56 72
213625 26 94
17210 37 93
87654 45 153
86553 43 46
26372 25 1
197157 34 22
136535 39 43
71642 66 83
31063 41 99
165110 28 146
162268 44 171
97567 40 34
70388 42 171
215785 38 123
99855 53 107
60303 68 31
114698 36 31
172676 30 109
160011 53 59
136794 32 43
158236 68 85
132821 54 109
58591 26 114
153696 18 131
200014 49 147
2257 48 113
138506 36 152
118313 32 130
84009 34 22
28702 54 125
175962 37 94
108195 35 147
71759 61 146
84568 66 144
183377 54 143
137948 33 94
186586 19 129
29898 40 119
135137 55 84
179722 49 163
109933 55 13
131249 42 157
96589 54 160
72750 36 10
212857 39 148
172168 32 20
171444 57 103
169755 34 112
171179 49 83
41073 56 14
113247 49 67
115942 57 82
28035 61 164
216500 33 41
20507 52 31
19345 52 68
10627 36 96
104039 67 6
202111 25 161
177577 44 27
101151 33 6
15594 40 152
59681 33 101
56549 51 37
64818 40 45
54714 52 156
211635 59 149
215643 46 107
44843 34 130
1505 38 16
94590 56 62
137089 39 6
166773 33 151
31152 44 129
211260 39 107
145013 26 148
9062 33 93
81163 47 76
78544 36 112
82019 61 11
68726 31 143
9270 50 172
83678 36 86
11835 53 149
167353 49 106
75433 31 6
167014 59 45
213954 32 43
160720 49 10
36968 59 12
6394 57 157
154627 41 168
25661 45 113
60502 37 19
30994 60 88
30401 47 31
217744 37 87
72688 51 34
157526 45 87
55808 26 155
81702 61 171
220511 43 118
12796 27 150
40558 67 129
158943 51 108
66517 61 112
115630 37 118
183753 44 107
202127 55 22
3316 40 143
163548 32 155
131812 43 153
24845 58 100
201128 40 98
82394 47 160
103318 30 56
187755 49 2
152745 35 6
2899 44 31
115118 51 109
28568 61 167
145856 48 26
178751 32 19
22762 68 156
134484 47 20
155870 40 49
32885 27 55
127478 59 114
163971 50 36
193411 25 28
219713 44 87
98132 55 128
111657 38 94
74164 41 102
4623 54 148
215373 37 12
157756 40 146
66817 41 73
177652 58 36
83195 52 93
156007 66 104
59566 54 76
76194 60 32
104383 42 101
136081 48 135
164825 36 171
111370 43 4
72278 50 123
84899 28 140
151499 30 109
45202 44 93
159798 26 12
79395 31 123
185561 48 27
214621 32 100
47344 49 18
178136 33 93
53939 38 144
44377 16 171
164406 25 139
212239 39 95
190617 33 19
189805 47 160
105928 49 33
47363 44 155
123782 41 104
45577 62 61
23618 43 79
192420 63 54
159031 32 19
12588 64 9
120202 31 151
21806 44 105
151086 35 150
114985 41 170
104956 61 1
42271 39 168
186495 47 114
60393 60 87
89205 29 114
180312 58 83
10216 69 137
26870 42 164
74092 35 82
102795 42 44
40494 45 18
60645 26 55
142501 33 158
40258 20 33
70422 30 22
135000 19 12
90697 42 142
41784 38 72
129887 56 84
81403 54 16
30883 37 45
54590 50 117
3333 44 34
103513 43 4
214119 62 66
107021 36 130
65228 20 157
15406 58 48
95783 29 107
135116 45 103
156045 30 95
27759 39 57
133773 42 147
192483 52 93
121582 52 171
12226 28 95
207007 18 144
34132 50 157
82408 42 152
151263 31 171
77414 30 125
133338 28 143
109595 51 29
204999 31 106
79062 37 73
185331 40 122
181479 50 44
142842 28 171
186104 28 172
27203 38 106
52670 50 48
141270 42 105
200438 50 135
83192 22 107
74598 61 14
77646 62 128
98175 38 121
69070 23 30
220037 65 120
185733 36 101
149501 41 82
54943 57 105
170726 30 101
97823 42 14
113551 39 152
15098 53 50
15866 58 140
69682 55 101
106198 38 146
166695 46 42
131804 42 45
142753 44 112
146123 64 62
85426 34 16
75932 48 100
49257 57 147
7361 70 106
87393 32 21
196787 30 152
152611 41 121
62294 67 173
209079 49 134
60520 42 96
176566 27 45
110560 45 29
181336 38 106
92277 15 133
25235 57 160
210199 41 75
62266 44 112
6571 44 65
9039 52 14
175772 43 36
175038 57 10
33108 42 160
198390 35 43
210504 26 149
125386 33 6
18716 29 100
73344 52 125
103299 34 143
176767 56 99
34896 49 161
195898 27 21
30761 26 85
99178 59 120
10853 30 66
72827 42 17
76269 59 15
42092 32 83
67595 21 97
79531 18 155
22425 50 130
77451 59 160
84422 59 164
113396 49 72
52413 46 112
80679 45 125
143191 56 120
138438 44 71
2126 24 44
50322 34 28
37688 44 56
58476 32 139
202757 69 40
202228 46 156
68845 15 22
198916 29 79
128017 37 140
153481 60 36
150832 53 36
129448 31 145
209985 24 74
27917 50 120
10308 35 109
182386 59 119
99276 33 52
164368 48 33
51773 42 158
129041 66 130
106871 42 133
96515 35 170
7722 27 135
113382 68 57
77025 45 117
190080 58 61
109686 59 67
200346 47 93
115342 44 45
198791 41 30
176795 63 107
196563 32 7
114732 67 150
124254 43 146
7154 27 148
192989 39 6
95153 72 135
54080 47 93
149280 65 120
87698 22 135
206504 33 99
172160 34 94
65864 58 125
153821 63 49
9472 35 19
136526 58 146
93532 51 65
197765 29 83
10552 24 100
45205 59 160
94573 17 9
97886 50 40
100613 30 83
39329 59 171
138909 38 166
105648 23 113
29981 29 130
4630 56 3
61199 63 100
156658 60 45
109207 62 87
137623 33 167
65843 50 67
197329 41 142
128755 61 86
61071 34 114
115665 41 43
63391 48 144
21343 49 110
178539 59 45
52544 29 114
11388 43 97
79054 54 1
73265 39 30
64763 65 144
16705 48 94
55110 56 76
86576 34 106
178497 52 67
88510 28 135
199513 50 120
66417 43 56
167235 60 74
125350 43 94
23614 47 98
70481 31 30
54409 54 148
166904 53 90
96446 52 73
172794 35 1
120399 41 155
89462 63 123
64274 39 146
49980 26 106
172827 52 84
3303 37 3
73578 20 106
216077 32 154
189250 54 146
181036 49 14
129288 32 148
71342 34 45
136686 27 151
96163 34 104
193658 24 56
176082 62 13
157071 25 148
107471 38 6
163608 50 154
211077 40 133
127360 31 146
146822 50 141
83832 47 168
142523 45 87
211751 30 57
27939 36 145
49158 33 89
156275 64 39
152851 49 99
189804 34 126
180377 51 167
121814 34 103
148784 45 68
59576 42 94
3494 37 94
42358 45 67
142683 46 97
73991 53 80
54230 29 18
145761 52 96
179565 50 67
114974 42 26
157923 50 143
189948 33 160
137830 41 135
177642 30 93
177108 64 21
206215 46 56
63327 43 6
82152 43 75
1918 33 109
95123 55 68
188947 49 5
152677 37 87
106719 31 27
213008 31 10
130304 57 100
70576 37 47
202382 40 155
192484 42 74
169372 28 101
53456 43 86
116872 48 106
130696 34 55
51236 37 150
189810 40 6
167679 24 15
168368 21 47
137141 36 30
56277 56 168
73946 38 94
215340 70 87
28234 60 11
184959 48 31
78136 53 18
25876 52 98
33809 32 164
84669 15 134
11089 34 140
63315 47 150
207763 35 58
149805 45 95
153508 45 117
144297 34 143
76772 56 146
72877 62 48
217351 42 150
106783 58 94
47444 61 59
151644 36 173
148553 42 80
206267 45 99
34908 59 141
21152 55 124
181618 26 112
161470 51 164
217079 49 9
106566 33 149
27232 30 94
24111 28 148
123368 49 89
118017 64 61
57306 48 28
15215 43 55
149833 53 37
112071 51 102
54608 36 20
200770 48 135
61135 32 69
15180 27 172
21124 38 153
27070 44 72
43050 58 56
20914 41 47
13392 55 94
59619 33 74
112923 57 28
69802 39 41
216862 61 107
197241 63 161
150800 62 139
162452 58 94
97552 31 148
191741 33 83
65657 41 21
198982 48 150
25272 41 57
97382 46 40
10138 59 43
142392 42 99
177776 43 123
142714 24 15
189939 54 108
201050 72 84
13322 54 106
198477 45 110
194874 36 73
70821 50 94
171867 47 74
210754 45 94
65683 39 139
64233 27 109
35701 24 162
114724 36 148
26715 51 120
205687 53 101
161432 55 153
6299 39 93
211604 42 30
135224 34 109
132560 40 11
78857 43 90
10560 33 56
198889 51 15
17423 39 12
95553 40 101
199599 57 40
32694 40 100
115036 34 106
98713 35 160
142242 28 86
61023 52 66
40725 35 107
34510 44 160
176649 35 132
56405 41 93
44631 38 102
74917 35 81
18633 36 67
1606 43 149
220031 43 94
78232 61 6
193754 38 42
31709 40 19
50785 57 31
178510 44 122
205656 48 100
25449 20 98
85462 32 93
43548 35 39
50682 22 67
161567 37 99
198371 40 152
6144 51 20
54334 43 164
184183 61 81
31293 51 147
46757 36 100
11952 31 122
52332 60 8
166479 37 147
202755 37 109
46224 33 76
113109 66 9
117068 35 16
133815 43 133
19499 24 105
119335 35 11
42064 36 109
97944 36 106
44310 16 129
160588 53 102
169423 25 30
217034 49 143
193323 30 114
210827 44 93
141256 40 6
125963 52 149
129956 34 151
146943 29 43
66398 68 112
176707 39 93
120771 29 83
132394 30 99
14430 32 22
171262 35 134
169154 48 119
27755 41 146
188521 39 112
113102 48 157
107060 61 152
77677 50 143
22628 23 67
53837 47 28
33433 62 148
90708 68 164
157262 53 117
193673 24 109
219978 38 100
29363 58 86
150042 54 99
46663 31 12
54142 62 144
168549 49 74
198932 53 152
151885 37 109
87695 38 27
17586 50 98
68333 57 15
76916 68 33
126524 55 45
114566 55 9
207831 41 158
183545 59 162
100470 23 29
150356 44 171
117354 37 149
13624 47 91
180857 40 101
110668 53 18
40883 50 114
176610 23 154
187635 33 129
143770 38 9
143133 33 149
163670 39 139
175777 26 56
25318 15 81
73151 42 106
54385 68 2
101035 21 127
71578 56 86
124271 44 72
5357 20 100
91844 34 109
168481 51 22
111474 35 67
172623 56 152
105380 39 44
72895 29 22
175968 69 86
181991 33 42
190215 52 67
158077 60 172
15851 33 125
84633 51 107
122939 53 96
37351 60 29
184972 36 162
154309 35 27
86848 54 72
11484 62 100
2923 33 146
193281 59 106
127489 31 94
186945 29 87
26693 53 14
171043 38 100
101815 70 106
173226 59 9
219744 62 103
87970 26 31
30243 50 146
169809 31 167
147862 44 79
2291 55 119
94314 56 2
98861 12 56
37724 57 86
11093 15 171
86231 40 8
78215 29 56
102128 59 150
112813 39 157
127673 31 23
209047 28 143
68344 41 48
196975 32 23
123875 47 55
13394 16 79
22390 28 45
215746 59 168
104621 49 164
108475 70 130
165806 41 16
12622 41 146
202567 41 101
162695 41 81
201476 30 87
49236 66 60
217991 59 94
179084 36 162
117683 39 18
124434 35 0
102960 63 89
140155 47 149
4610 64 128
182675 59 48
146120 48 164
69791 69 14
97530 35 32
58839 50 136
128486 32 151
140504 40 129
149520 44 170
52112 25 6
216907 70 64
104164 53 155
72466 46 16
98531 58 127
60130 53 164
54947 16 135
23671 47 141
202643 59 33
68236 44 99
102461 44 17
59908 59 90
45796 42 148
182721 56 112
166959 65 28
11773 43 155
176306 64 149
154361 38 95
148015 33 106
100521 38 123
19998 49 146
93914 53 44
186741 35 45
86914 48 96
130143 62 140
77509 67 165
132218 44 45
3681 45 41
69519 60 98
58868 37 29
212517 41 136
16969 58 80
67450 48 1
211550 32 171
39653 62 75
192260 65 98
143137 59 50
72088 47 73
114631 40 149
186074 58 71
188635 46 143
174862 43 35
220396 45 74
75854 17 109
20829 47 124
168624 52 142
91661 35 172
40622 62 47
7529 66 74
216984 23 137
64392 32 20
57438 33 145
63667 47 6
20837 33 45
157548 16 23
63653 49 101
93131 38 16
156505 35 134
30156 69 104
64926 55 99
164429 65 38
183771 59 98
7895 55 43
193585 53 44
29643 46 127
143528 52 49
105076 43 134
39280 48 57
4278 58 106
25542 16 12
57670 68 69
179620 24 106
65483 54 142
103733 40 109
84288 44 130
204211 45 147
131245 35 80
91546 41 149
107806 53 149
83284 43 155
154754 44 41
87555 49 100
109441 22 146
86578 33 146
78706 17 29
29460 28 149
207196 51 27
189543 45 19
58771 45 119
213543 32 16
159968 60 154
215 50 149
6765 42 171
172106 50 18
137343 39 112
196049 60 45
65058 61 45
166878 44 143
7382 61 142
90683 59 32
142550 34 171
185816 46 48
167224 28 4
58233 46 22
78004 34 166
108519 24 160
58486 34 121
34456 61 57
101462 43 44
65033 60 156
44639 52 164
85308 23 157
48391 41 128
219643 42 94
86153 29 135
185118 34 123
7709 31 150
152948 39 55
172542 42 16
112776 37 1
195409 29 119
90767 31 18
184944 51 125
137237 37 93
29680 66 140
101242 37 164
70927 21 56
35298 43 46
174041 36 146
44268 29 93
59217 29 109
212696 62 49
70647 40 87
179915 31 114
25809 27 71
39782 30 43
123019 45 107
165706 52 75
66233 50 55
12532 42 68
57340 50 160
139985 39 104
89802 50 16
15219 48 23
98207 51 94
89707 50 116
156796 36 149
14205 18 5
119906 40 126
38442 49 84
154243 41 94
165565 27 171
57733 58 82
171521 58 33
62231 40 43
191796 54 126
130848 52 45
2245 53 39
153789 62 7
202859 41 21
143976 38 166
203469 60 126
62694 48 112
168905 37 151
20434 40 106
214524 48 1
185755 46 118
69686 32 94
109177 60 84
126935 32 27
119263 60 80
36735 41 29
110687 46 6
136107 36 77
117196 37 43
135007 70 86
34262 36 6
54426 56 112
35406 52 32
163474 51 6
122472 24 16
95817 49 43
101893 17 151
46668 41 40
61715 33 65
164016 50 121
7795 58 124
191985 50 164
163374 22 114
125977 63 32
59068 41 43
109056 49 154
45357 65 170
72477 44 17
85722 41 56
182917 39 69
218759 53 123
179835 27 87
60062 55 124
147424 34 146
53339 46 67
20164 48 134
102593 31 135
83092 39 12
133270 38 107
164060 60 120
48754 34 12
19894 57 94
135684 41 128
174634 52 119
174127 41 106
157443 51 41
78081 56 42
103364 40 109
55730 66 101
23488 43 72
129926 33 49
12580 49 93
205202 60 102
29704 49 17
116304 41 31
126395 35 24
172792 38 4
24821 31 167
177996 36 122
95932 54 128
113747 35 130
182587 37 112
209188 48 21
140636 51 17
189305 59 120
125611 44 29
50143 46 171
93100 33 6
217917 37 47
109694 64 94
219793 59 145
203235 41 164
127553 58 159
65217 26 30
192509 40 93
163193 46 55
180169 40 110
178436 45 93
30720 42 93
94758 38 146
107802 21 56
108463 43 90
41095 33 153
135365 56 14
45652 77 172
69016 56 120
170209 38 41
101648 35 129
96557 32 69
69355 55 19
212132 60 157
121392 41 66
36673 16 130
123205 53 29
212880 34 143
167533 30 171
163280 31 94
209040 37 67
212545 21 74
96778 35 103
167373 19 129
133033 29 10
81013 40 76
150187 19 132
179010 29 151
189765 46 27
59803 40 146
157225 40 89
45928 60 114
110128 35 98
9212 39 150
191789 40 56
170722 40 49
125233 51 122
22916 35 11
12103 28 79
96755 39 20
196838 50 27
49095 28 17
19849 41 127
182981 41 130
17792 49 94
211652 53 66
18656 50 100
187176 47 22
66437 28 27
15384 46 48
8066 51 43
202864 33 67
156944 56 55
179744 56 150
29499 57 73
193974 29 19
92152 50 47
6321 43 121
197479 40 84
41791 56 32
200127 34 83
122239 47 153
115810 45 83
25145 46 128
90066 51 67
129068 61 39
150958 59 103
178209 26 87
105311 66 17
162249 43 104
88603 59 66
173117 49 104
209359 34 56
94842 58 9
161744 52 48
183845 44 100
203777 21 54
63445 46 83
129611 32 86
169222 29 162
102068 35 166
30525 39 94
173174 26 45
37601 58 65
85099 40 86
135666 56 124
210632 34 43
172381 55 32
17866 42 164
99589 46 35
98811 30 20
92432 29 30
159250 32 56
147144 25 171
157053 49 20
179719 52 148
33442 43 130
61561 29 56
79312 30 66
63684 58 103
116093 58 146
12009 29 8
66035 61 154
149454 24 9
44687 37 59
17159 30 42
114861 51 30
59672 18 104
37353 64 130
110814 53 144
195064 58 42
152624 56 120
202175 26 148
86275 57 95
81983 37 10
19922 68 171
5280 42 87
42472 38 109
17277 36 87
36692 52 130
57192 49 49
174277 26 8
139964 35 83
20325 34 129
179607 37 67
131141 45 157
162069 64 171
218100 36 48
23048 41 83
208279 40 112
98298 49 93
30036 56 161
218107 39 107
46564 40 12
201642 47 153
5238 60 74
114594 63 8
60256 51 43
135038 33 153
180910 41 27
5617 63 23
134963 47 171
12345 45 20
80740 34 171
52570 28 84
213448 34 146
170810 39 24
56367 31 20
22836 35 146
174816 41 6
99944 44 127
171791 35 135
120870 33 145
30006 59 165
24578 63 137
60041 51 5
180583 52 39
179603 30 113
72223 32 73
35529 34 129
177110 37 42
63401 41 127
10770 31 43
92807 28 81
72235 52 90
10202 35 47
138586 61 171
209724 31 112
176503 62 109
157346 40 43
70499 56 35
148113 36 171
145675 32 56
178631 42 81
198527 43 139
177408 27 16
64271 43 121
111490 54 109
68444 35 69
130667 35 43
120013 47 44
89363 56 71
214759 58 102
121929 39 160
10775 54 31
104966 63 82
124716 30 27
198279 53 40
38594 61 152
46960 56 94
54642 63 88
150890 50 103
169061 61 29
213681 47 28
3337 61 142
94979 51 87
148525 41 56
61521 50 118
148562 57 129
178846 44 93
150959 32 48
88241 47 22
63460 32 152
133507 19 12
35229 58 125
49605 47 6
150983 70 27
212188 44 73
216388 63 127
12543 54 95
80805 50 80
198787 69 104
200 33 151
121772 40 11
187840 20 86
121664 31 143
82753 23 135
193084 38 168
35821 41 43
52891 51 86
200549 54 110
77147 67 59
10999 37 160
24693 52 165
179983 68 129
67114 21 38
196844 54 92
168388 37 152
187408 33 151
143877 59 149
41491 43 55
172410 59 172
22527 60 45
69797 50 150
48468 57 28
78661 40 149
117489 50 94
68215 36 133
170841 57 145
48484 39 171
217326 31 171
214028 46 69
210095 57 172
201397 33 24
56072 31 93
40158 34 81
34288 41 49
80225 30 143
191643 16 43
41781 43 101
167720 53 100
3823 56 16
8855 45 153
110949 30 134
206605 54 53
27621 16 40
111037 42 119
27663 48 101
158282 34 72
76303 50 87
166673 33 143
68598 37 164
162347 65 121
217747 63 71
195075 34 134
204906 45 40
47185 25 45
94169 58 94
78883 31 105
160351 68 4
51070 39 99
30560 42 47
142717 54 170
110065 61 47
197394 68 144
202920 40 55
64100 48 94
4721 21 98
186072 43 30
54568 34 125
21644 54 1
157638 56 130
206279 52 18
38347 33 10
52119 69 102
167642 35 32
118800 31 44
15064 50 56
33796 60 42
30321 45 114
110537 30 152
126547 26 29
26488 44 130
90131 60 168
55056 41 45
154595 29 87
191816 47 80
49929 59 124
52784 26 109
86188 45 102
84585 29 97
132406 37 94
142763 43 71
148907 59 138
155265 50 121
184647 44 66
112406 56 111
209247 53 161
64663 31 172
17172 47 60
17997 35 159
52739 35 100
213088 44 168
102846 33 135
135244 50 125
137826 52 93
92221 41 33
208840 41 100
71319 40 36
29763 28 10
168041 58 129
177432 47 145
168421 43 87
184563 33 16
13353 35 129
81017 46 106
47009 31 79
113727 32 98
178798 66 45
107587 35 55
76282 35 99
137999 52 50
116021 58 125
167283 39 111
809 57 49
110493 38 16
25004 46 140
173099 65 145
111420 19 87
210264 68 115
219943 25 97
86394 33 47
64729 36 104
128374 27 53
93215 61 32
202065 46 73
15879 44 157
65221 48 160
107006 16 97
62329 43 164
121411 57 15
174996 34 6
218170 40 73
194647 39 112
118688 63 165
8926 66 28
139188 39 28
118011 27 12
20553 40 75
144405 34 127
177724 36 149
6435 53 11
154363 51 164
88342 45 86
218462 58 129
29339 42 57
185559 62 45
211052 30 33
78166 30 6
7262 63 109
200961 47 71
129989 30 15
219929 33 56
87657 46 6
186463 59 156
102513 47 31
77008 39 135
157536 19 74
44688 51 27
17901 28 151
201138 22 56
40479 60 102
194087 47 68
146798 38 20
105763 59 160
136660 50 144
90715 23 160
50004 36 68
208535 31 151
103416 31 167
193540 63 99
51060 61 140
180277 65 34
220653 43 104
192844 48 37
108607 50 49
155452 42 57
188043 32 147
211645 21 56
170422 48 18
110917 27 148
173647 43 86
141697 55 106
177709 39 103
199330 50 45
61759 55 129
80411 57 109
153729 17 74
74833 60 117
61800 40 143
142773 69 120
40803 69 157
179663 44 37
51825 38 20
163364 55 30
136444 62 105
136231 63 84
104256 49 45
146550 35 140
213577 41 10
65298 30 56
133226 45 28
127327 40 122
19720 30 104
65373 29 145
181704 33 55
146701 43 109
69934 46 1
126914 24 132
39367 23 93
216585 56 29
8248 53 46
118651 32 102
180040 30 18
62607 67 160
98415 59 149
98437 18 146
89417 59 122
193089 30 166
11956 29 15
148769 61 94
102603 25 107
150608 57 19
178333 44 105
103146 35 107
81293 62 39
35142 44 37
95711 21 22
122310 53 112
137601 28 151
132451 55 109
209871 37 43
97334 26 146
165640 58 73
122109 21 114
170255 35 94
139693 54 146
109799 50 169
153816 50 50
100113 28 127
13134 38 31
114341 56 43
114854 43 30
170552 48 157
11043 54 104
170157 15 38
26369 52 28
56514 36 35
65646 64 32
181066 45 12
24068 17 133
173662 18 126
62665 45 139
59173 33 94
161284 54 106
143202 49 81
127430 48 114
75858 66 31
55950 64 73
136322 34 134
8298 45 150
143104 45 123
178805 37 29
37537 24 56
5542 28 81
148579 48 93
105382 32 169
69301 64 103
161604 22 19
20720 53 156
170699 17 134
74014 45 67
12279 59 107
136742 47 37
110502 41 109
95130 47 18
113480 50 101
215388 40 101
189622 50 45
77906 31 9
97887 39 135
3654 55 100
182150 44 112
118053 58 120
62377 26 147
46334 40 0
176157 48 104
220186 29 114
144290 65 140
218886 51 19
135825 67 65
77678 51 16
67152 38 94
148975 32 160
154266 66 145
171406 44 69
71547 38 29
122962 46 17
211187 41 73
132273 41 36
9087 49 68
181097 63 27
173390 66 10
195505 25 148
39521 36 99
77694 47 68
198918 55 98
34168 38 68
40053 65 25
154801 50 46
115293 43 49
68868 47 123
154292 65 149
203559 63 37
41402 30 15
73197 41 112
52268 45 56
88541 48 155
201192 36 106
208936 66 59
177270 43 68
44288 45 45
157502 42 28
171391 66 13
42741 31 115
124681 30 109
136228 28 107
151699 51 49
147967 32 117
130259 22 45
57021 29 59
184144 61 6
185368 31 107
108860 62 19
123266 30 118
4800 37 90
97225 44 45
174381 51 140
98704 62 144
71666 49 58
81525 46 0
74533 71 125
144033 31 103
52671 51 37
40605 54 93
195788 35 167
163936 51 47
139871 45 107
173688 48 1
27167 45 29
47723 37 34
168483 51 35
86968 28 145
118795 33 135
85048 60 37
199901 27 148
93561 59 103
190344 66 150
126927 39 94
6508 51 3
167760 46 112
72777 31 28
40269 51 86
142950 47 107
179978 14 81
68415 45 105
49643 68 4
41473 33 146
176924 51 101
142354 40 73
172363 37 42
147058 53 150
38685 48 171
215392 26 30
160331 68 143
26220 29 114
28198 27 145
87936 37 49
77965 30 6
5122 48 18
175364 35 151
60820 67 49
157073 46 101
206789 37 45
107433 37 37
35384 61 66
45608 34 86
127080 39 114
100665 31 45
209514 42 45
175329 41 100
136654 18 23
187248 36 152
126859 55 45
12489 32 155
41514 56 128
132793 55 66
191549 51 144
163263 51 157
127646 31 145
38047 35 45
174144 29 99
219990 49 158
31038 66 161
31813 37 109
138670 43 97
7859 54 152
23443 55 84
123755 49 118
24581 47 40
78669 42 31
92559 37 38
18392 26 126
211183 37 165
149600 38 134
59958 39 11
85997 59 125
141868 37 130
116364 40 117
204263 46 67
57123 40 100
207126 31 109
161010 53 24
133203 49 56
132711 34 151
120499 36 20
16796 39 17
5481 64 15
39529 48 18
197660 40 49
67566 49 128
10499 48 90
186366 51 151
148205 40 74
46867 47 91
20190 51 36
192906 65 19
118417 58 137
35437 41 81
44517 52 84
41501 21 100
59503 37 87
59551 48 0
117019 62 104
12599 42 31
148597 42 107
154837 60 109
87360 51 19
115738 36 19
25762 44 146
10810 24 171
79658 54 45
92284 42 8
72870 32 135
201045 25 129
177551 39 108
178161 66 72
18588 48 29
19632 62 173
190763 60 3
201913 31 28
37412 48 33
38041 41 31
22524 42 83
178326 50 6
85362 64 120
176227 48 148
145592 35 135
42524 49 148
92508 46 159
30212 62 149
63354 48 14
84209 64 101
160374 39 27
188701 43 99
14957 26 1
5040 29 154
20189 33 89
138378 47 45
9770 32 149
207341 36 20
100749 33 31
92809 48 32
127408 36 100
146708 36 151
201661 31 56
175986 31 94
194780 33 108
166815 51 134
189763 62 12
156722 59 93
114841 45 68
46855 49 102
182359 66 125
139155 63 129
13012 43 95
119100 31 5
1004 29 21
63389 66 31
73546 42 57
99343 59 49
20739 37 81
98133 25 56
28274 30 93
159702 66 145
173528 31 140
71201 31 57
107969 25 15
158351 42 164
149476 46 46
4580 36 87
34439 48 29
111878 66 162
202355 43 106
57550 25 85
141891 39 135
16456 35 31
19804 53 118
120715 43 171
203208 26 67
2459 46 14
43883 19 160
115211 34 33
16111 40 87
133627 64 0
74059 43 107
26078 46 28
184832 37 146
155196 53 52
205557 58 65
25149 42 16
121128 67 84
142949 27 132
88190 32 0
46071 36 15
75322 61 6
137873 50 171
95085 28 112
29239 31 20
110059 39 100
15113 65 44
189221 46 94
140538 40 144
188537 21 151
131541 27 131
183804 34 129
19870 37 100
114589 53 86
109 46 129
34230 40 19
190383 36 123
25638 30 134
48809 40 149
145898 56 161
177159 45 75
112233 66 123
155371 21 99
114383 56 65
106362 67 20
122441 57 42
12624 33 140
142073 56 172
146871 70 89
164229 50 110
203598 38 56
172635 52 146
102778 35 65
144716 19 135
183540 34 9
150597 54 151
41480 46 50
188912 56 6
96562 37 55
89634 30 63
183723 22 140
31487 22 56
153522 37 30
109759 51 45
146429 64 73
92730 42 21
2759 24 122
17581 37 42
25812 30 37
152205 39 167
220081 38 155
15274 52 147
5837 70 2
186896 62 142
156715 69 139
172956 54 93
180614 71 110
17598 53 94
62769 62 118
92950 67 160
40243 24 59
81837 34 110
209872 39 13
192776 64 48
112393 44 153
85220 44 169
107844 46 81
167597 62 43
157327 45 93
194257 45 143
18214 43 42
109168 66 87
191650 34 49
183197 52 93
123779 31 104
121826 39 67
120349 54 3
5519 54 122
78162 48 146
89018 19 145
30394 41 88
101251 48 68
181411 68 123
116177 32 46
95960 42 56
124102 60 9
95581 56 121
206659 39 87
139073 33 20
37564 34 100
201109 27 93
131840 22 55
55092 36 171
86219 40 123
190275 41 100
99804 61 146
54597 63 158
108082 36 80
119351 35 7
59978 60 45
60438 50 59
87084 31 67
57078 32 10
197597 49 1
17877 53 146
209471 48 126
198058 50 10
109927 52 106
211869 61 15
51758 32 98
205049 22 106
112874 27 56
168227 71 8
195399 56 14
175846 62 113
82596 63 60
112454 39 43
90777 59 32
116169 57 35
139700 51 42
88476 64 163
180183 54 12
129325 67 86
129381 38 31
154976 31 56
116298 35 6
52392 34 47
38814 55 91
90791 48 165
139325 27 98
164511 53 103
153727 29 143
121469 31 6
162690 33 14
151475 43 121
132959 49 45
166115 41 120
38207 36 32
93028 45 40
118744 40 156
190367 61 88
199677 31 146
104982 44 76
178027 48 70
157992 50 46
85473 55 107
156676 37 47
153018 43 144
195678 46 59
31929 38 133
214635 62 29
112016 57 48
183635 45 23
110253 48 67
66987 36 94
63738 40 107
194705 40 72
133965 59 167
133538 61 106
135205 48 141
214101 54 1
207593 21 166
197989 37 152
133106 42 15
144448 40 56
116106 48 35
84617 32 105
80231 50 84
17830 45 134
203549 31 12
8440 39 94
72274 40 164
33518 60 32
37060 64 7
28246 56 145
26247 25 73
90993 18 72
149985 70 172
32013 36 65
161312 31 74
62428 20 94
105354 56 37
122211 30 18
3087 31 45
208873 52 146
156436 34 149
114628 38 123
33748 40 6
184784 38 157
46477 44 101
137804 53 9
63352 48 37
104174 29 101
206798 32 99
138868 44 170
29415 44 171
11500 48 106
5892 61 146
15419 51 71
166368 59 146
49900 37 135
27086 66 91
168128 28 134
173586 43 120
67668 45 37
14578 32 171
145409 43 20
200672 19 11
45954 36 123
156710 44 166
85668 64 48
51240 41 83
191437 38 28
84075 32 37
21749 36 46
196926 26 152
18313 48 102
65945 23 17
5782 46 167
80916 60 0
56789 53 69
181211 18 97
135033 61 162
102103 47 69
184472 26 125
182288 60 123
28311 31 151
139162 48 2
183037 45 121
6350 29 99
178219 33 34
39642 35 37
22756 58 44
41064 35 151
90248 47 160
172268 59 20
156180 33 146
212716 34 149
23414 39 12
50055 30 6
43051 57 18
209859 58 124
35289 55 18
84504 28 117
217845 24 56
195210 30 39
57309 40 122
156193 60 165
116240 58 160
141688 64 108
186502 49 87
48149 40 43
128925 23 39
56773 63 80
35543 43 43
174843 50 18
185603 48 121
102600 44 55
29149 60 173
112243 56 139
202302 62 48
91272 46 93
86905 52 43
36106 60 34
202669 32 56
168416 50 165
80932 32 124
107514 26 41
133194 54 76
100558 27 155
102740 53 124
4298 38 162
116746 51 129
210987 68 65
217795 29 119
31412 53 149
113648 43 51
175653 59 49
205353 37 165
51482 32 16
90801 51 27
69361 19 35
18533 58 15
195442 58 156
182909 27 11
48750 56 102
139502 44 82
84647 53 164
11511 41 168
94932 56 12
194252 44 18
14417 31 129
3946 60 154
106305 27 164
78845 36 120
183186 42 96
49109 60 106
63758 45 36
136050 31 109
80512 37 26
159947 50 18
185550 59 46
116727 23 33
160764 34 87
119850 43 1
84625 23 129
110612 49 7
21878 29 100
85870 44 49
89052 41 113
7752 42 146
208531 48 82
215237 46 142
120373 52 43
65575 30 123
93212 38 122
24152 38 144
94408 48 93
46040 38 94
61615 42 119
16211 69 28
94003 50 60
16804 58 97
57098 55 151
73793 42 127
128035 63 7
191119 46 36
120718 26 131
116879 43 166
180781 36 99
155185 56 121
45206 47 46
732 47 15
200697 60 114
202988 35 87
145322 62 98
10408 39 110
84404 14 43
126086 45 66
220723 39 96
201901 38 170
117759 61 4
38507 62 84
184157 37 134
137233 43 94
211417 21 43
21919 66 75
32736 50 140
219452 53 164
148164 58 60
199629 39 4
206509 43 106
196705 43 48
30597 43 0
139159 53 33
68027 46 104
67154 41 68
59146 65 120
49174 58 37
148726 55 48
31146 30 72
69944 65 90
43265 41 114
99681 38 11
70524 40 144
128638 59 6
169174 60 14
194831 44 123
143511 44 0
129944 55 104
128299 54 46
38201 26 114
40973 47 89
70668 51 17
12882 38 11
112444 35 95
200421 32 139
3616 46 135
113711 60 66
156653 29 145
14950 66 104
109582 31 108
9518 38 122
19157 47 129
115 61 34
95094 37 43
121254 45 16
181227 42 65
129904 32 29
152556 29 2
40194 59 146
102698 61 15
190187 29 157
24535 32 45
55679 49 128
63717 64 102
125004 23 23
123178 56 29
139543 51 29
175233 54 86
94481 36 45
108760 12 15
102803 25 72
168321 51 145
3249 51 162
165245 51 99
49907 23 109
204361 33 43
174444 46 157
138786 59 49
61739 31 14
52721 50 108
98648 39 34
152643 46 125
49557 30 48
178149 38 121
49600 49 55
175808 50 25
219955 40 24
26803 60 116
187354 37 43
165973 29 122
60605 45 75
203814 48 165
111186 50 109
173534 27 56
219691 50 52
55988 55 50
69710 65 20
147823 51 66
182415 25 93
183667 38 172
87341 58 129
2515 27 33
17913 49 42
8803 41 133
43200 37 9
108847 24 171
216745 40 146
18536 36 9
199178 38 87
214984 52 15
34434 34 143
147443 43 6
103300 53 153
99577 59 0
216727 46 65
142101 21 126
115733 34 33
113094 63 173
20339 51 87
43423 62 19
122481 51 46
105467 49 16
193111 35 43
100977 35 113
164869 37 109
162907 22 99
158023 48 29
199863 21 38
66514 58 142
162346 31 96
143723 60 106
56094 31 109
76501 52 97
187990 55 139
6486 56 93
58853 33 109
45799 68 164
120282 39 107
141691 47 76
200197 38 87
48866 44 45
104142 63 23
134443 53 149
140858 17 130
31999 64 57
14733 59 29
64877 35 47
209800 61 46
216027 25 108
145403 49 171
75419 33 162
23087 48 46
88861 56 7
98304 33 135
66013 27 93
11662 53 69
220033 56 150
121220 64 5
147310 43 0
141523 61 109
65232 32 33
127454 61 2
22186 52 106
196700 25 27
199290 42 109
137617 44 158
35617 24 133
54141 36 106
133596 37 104
220515 16 106
118527 60 127
95186 32 40
123547 40 93
180908 40 65
158853 52 7
22555 49 36
200141 26 151
37860 47 18
65347 50 16
58317 39 69
170969 37 109
86190 37 90
206992 65 37
202150 34 109
203229 48 6
143310 55 27
42153 59 32
191237 60 32
15748 25 160
165858 40 42
133736 39 66
85844 48 59
69034 40 20
196004 46 28
5936 62 139
78439 60 120
27485 59 71
9933 37 151
131754 54 140
8455 68 22
96397 22 106
114484 31 65
46905 66 57
110867 48 124
20365 55 101
217546 50 147
143083 63 72
156623 55 72
40686 35 43
119848 40 129
205588 29 134
25011 48 19
12432 42 165
166285 66 18
109878 64 120
130462 20 10
89063 43 17
124068 44 46
162463 39 68
109453 32 6
127153 41 67
42775 59 109
134347 47 40
112131 56 149
58559 23 134
6917 53 128
9203 52 37
135282 54 48
111248 41 9
55923 48 113
183988 47 34
78252 28 126
62588 38 94
12539 62 2
106408 20 72
179009 39 116
211171 67 82
135488 34 6
11423 46 63
9272 38 114
183324 44 100
39507 59 36
153641 41 149
161256 34 107
144477 59 45
178001 51 102
149005 60 109
119460 40 86
215843 52 119
3990 38 152
31969 30 81
163056 31 147
192478 39 135
78836 40 135
206164 48 15
200034 62 161
113138 45 21
88793 47 28
131512 53 105
67639 61 54
112052 45 18
56677 53 99
54708 25 149
163724 42 45
79129 41 102
57011 55 120
12287 39 161
183860 28 101
210071 52 147
40223 23 22
94843 36 12
8621 37 20
192127 50 112
35270 55 106
94098 48 97
18489 35 107
209902 44 128
117492 33 14
22384 52 20
213389 61 135
144263 39 160
99476 35 146
48652 55 37
91081 26 45
30115 42 99
204893 46 90
133992 31 93
4774 43 125
106366 55 37
192415 13 9
53573 44 114
195283 18 30
859 35 96
46815 48 67
205474 50 38
6559 62 50
60370 47 54
94274 58 48
46222 53 164
108321 55 148
130646 49 12
28730 34 22
88692 26 47
52348 59 18
64980 43 121
69857 43 71
173013 36 143
207076 41 109
30724 26 43
180589 36 130
159817 51 139
68834 38 104
68517 50 74
119687 51 120
194507 45 99
212058 53 112
85065 38 148
38571 34 93
167206 29 142
175190 68 3
156323 57 148
44357 48 112
100873 13 38
39095 48 56
148323 37 164
158731 28 27
53243 56 110
155557 42 124
59345 39 93
131375 38 68
98068 28 40
78007 55 133
90172 51 140
18850 39 104
84299 43 45
36319 28 27
173970 59 36
171389 40 72
28975 37 95
35733 58 165
104183 53 5
201672 36 87
108349 31 6
151865 29 15
93082 44 71
56515 38 39
200281 29 147
106810 46 64
135868 37 93
160908 55 74
145349 61 94
174431 57 125
203309 61 37
9704 66 145
107880 60 74
22831 41 154
156544 61 83
134847 26 43
76423 42 112
191125 53 41
197016 44 153
120310 26 156
219231 32 16
7823 35 86
136402 46 15
136652 31 44
3957 20 134
107119 38 106
41622 61 107
70192 38 109
70899 40 145
125976 57 128
102542 42 73
47406 67 86
55759 35 117
142317 17 114
101186 28 28
36153 23 36
75672 44 86
58271 61 140
187576 43 135
151156 57 135
68379 45 100
111986 41 166
137074 27 130
124094 56 105
179646 26 100
163594 34 162
120501 57 114
32837 58 49
35872 46 29
6198 36 172
154060 38 7
219870 45 121
153017 40 129
135177 42 167
58981 42 47
19249 24 146
8463 25 151
105255 43 67
104579 56 149
215977 56 140
48877 33 135
49786 33 128
167595 66 114
137126 37 148
101454 59 21
69896 50 94
82935 30 43
194329 43 146
106423 36 103
138789 26 55
69625 40 160
66282 49 157
22701 29 153
12500 39 156
52847 35 11
198084 37 86
135963 54 168
101060 46 53
77931 61 11
90430 53 147
207305 55 49
54752 66 16
161321 49 36
184321 71 40
68099 30 134
219676 33 7
115110 51 44
219374 38 128
218615 40 12
94259 41 9
2149 42 73
102859 39 139
157414 48 99
16558 43 72
53684 58 173
220245 30 37
53342 54 7
67305 34 27
59017 37 112
21178 65 50
69696 39 39
105650 58 6
56445 33 6
162983 41 147
25731 50 37
80082 59 166
214024 53 151
126169 61 127
85194 41 171
72121 54 59
211678 48 146
33914 52 104
126687 46 17
198063 53 126
155533 64 35
31020 55 171
93260 56 56
70498 54 16
68480 22 11
2866 55 65
89427 49 110
19560 41 100
117246 60 102
99839 53 129
75345 60 130
169642 34 145
64025 31 45
126322 58 172
159650 51 47
191292 68 66
174922 58 54
18279 32 47
121939 29 27
212918 52 86
202610 55 34
60927 61 143
67083 65 0
112023 39 16
108713 25 83
210089 32 0
123771 24 30
170682 66 162
197198 36 20
84776 38 99
206755 47 93
173755 44 29
203225 51 83
194250 35 171
134476 45 43
71316 55 148
148131 36 65
211570 62 170
153832 60 74
160243 57 143
50617 50 10
183825 39 20
172677 62 165
42470 70 159
6030 26 106
156175 27 154
96816 61 99
154911 50 125
88447 25 9
195243 53 48
91273 44 115
29393 47 92
17133 22 141
121295 49 143
72449 37 166
123366 27 148
88245 35 100
2947 58 120
83532 53 123
20844 24 24
203653 43 80
166592 38 74
59328 60 101
158992 49 103
151057 31 145
75682 64 149
57268 42 17
14539 72 138
43397 28 102
119082 33 151
110944 70 86
50574 36 46
208056 48 150
127733 45 106
138281 56 129
51372 61 71
112124 30 59
182846 30 107
173049 70 3
10047 24 150
215138 62 88
11568 45 107
35434 48 121
73566 55 94
183462 49 101
208910 40 23
217100 51 164
74857 50 111
114916 54 33
164870 47 28
24543 63 38
94736 36 43
165460 47 81
19046 60 70
200661 55 153
197251 60 99
90855 36 125
58436 41 86
183472 32 48
140454 33 107
145186 30 67
186348 29 87
125381 46 127
49115 24 136
121176 31 29
159286 61 109
170512 34 140
92463 67 120
175946 27 83
7439 56 93
153201 37 68
45835 66 32
170577 66 48
52277 34 147
138180 22 151
59625 46 171
60657 45 55
207757 41 28
106894 35 89
51022 38 84
96776 41 161
58452 60 53
40442 47 101
176214 39 15
169763 47 31
189693 36 106
190162 46 35
174159 53 82
167710 41 38
25487 46 44
119735 66 140
133544 42 85
197224 66 88
218183 28 0
47519 54 40
23621 39 106
23281 44 144
111768 52 102
75801 29 146
99921 47 103
95637 21 66
1932 45 81
64294 43 160
189320 28 69
47198 32 85
173574 64 22
99413 22 56
86354 42 103
133526 36 68
205774 49 43
173939 34 56
42904 53 81
190370 42 10
132156 28 45
213853 41 87
9175 40 109
44153 61 119
15187 45 164
107502 51 103
105722 49 68
131379 60 42
26907 46 14
186579 31 6
67694 22 45
41022 38 164
191420 48 157
96109 35 109
144419 32 112
98033 22 67
116438 33 67
114234 52 36
29765 31 16
137813 50 144
2197 41 28
195897 43 98
126876 56 74
18908 49 21
186000 59 106
182717 49 119
107876 57 18
105571 70 144
3165 51 47
145879 33 109
201578 17 170
51018 39 79
49750 57 45
106105 53 148
1440 42 143
188967 43 128
4780 65 37
216728 35 9
97776 70 50
18868 33 47
100735 63 16
75447 53 172
9642 63 23
107971 42 93
103642 38 35
40658 52 43
41476 54 165
137840 58 102
35010 49 10
4438 38 151
27563 34 75
47788 45 120
168173 47 67
191035 51 102
196878 45 43
151819 30 56
136566 47 82
191765 26 6
59835 34 93
11751 39 172
101505 40 104
166173 64 145
130588 54 65
111965 29 55
95860 65 170
26959 38 170
116763 55 19
190469 31 94
104311 33 162
149625 28 151
19369 38 171
66948 55 135
177563 36 143
59502 62 5
217130 60 22
148385 44 68
199451 43 118
91768 52 13
101688 51 94
31902 44 34
117120 46 97
95451 32 133
25213 41 71
154548 45 126
179548 33 93
66235 35 93
167031 62 40
166898 30 143
150430 35 152
146227 43 144
15878 53 171
6294 35 11
170295 50 109
16810 43 124
6611 38 144
5119 60 106
92305 40 46
219220 33 143
22956 46 121
159945 32 171
49258 62 99
131973 42 17
128810 54 158
180405 60 114
10904 48 9
45188 56 124
111085 51 18
11261 29 27
127748 30 42
99375 42 43
117433 24 133
2657 42 31
214022 42 72
147908 30 93
194161 35 152
53231 41 82
120220 41 50
48138 45 92
107559 60 110
204665 64 4
115227 46 34
64272 45 44
160640 39 114
204377 45 139
103315 35 135
123543 48 164
121153 65 164
6941 48 173
20314 54 18
126604 63 67
175883 39 81
96543 48 67
4182 39 6
37637 59 40
169137 31 74
30114 44 0
146121 56 44
158270 53 108
168245 65 13
54078 63 1
155624 36 86
156550 44 140
146380 34 91
6285 63 112
215907 31 30
178688 58 6
67459 52 24
110499 65 54
50947 68 39
123463 30 12
5878 39 123
7665 69 102
88461 47 44
217060 51 168
204881 51 128
95242 67 46
118641 32 147
100851 65 164
151381 38 100
4904 30 12
173164 41 36
198405 41 47
111840 41 37
91612 49 73
11466 28 99
173162 45 100
156911 46 55
6660 68 138
102502 27 159
69127 52 121
5052 44 146
183732 63 35
85260 61 109
100485 32 95
154136 44 41
161434 63 22
215190 64 90
31638 28 11
220422 45 113
169734 60 0
59569 51 109
97043 63 99
52610 39 41
78639 45 41
127185 44 151
7119 32 17
58936 46 54
164125 54 120
134117 68 98
140243 63 18
67865 31 6
96004 51 152
142416 38 173
214357 51 27
204488 67 74
156426 46 45
151691 41 122
46015 41 87
69730 60 131
213271 54 172
128562 50 36
67561 43 59
21331 63 106
50634 42 43
147942 42 130
202466 59 15
78615 38 106
196211 59 167
172734 37 27
201583 25 166
182833 65 129
217184 47 129
159187 51 94
78410 40 49
6515 61 42
25396 61 126
8277 62 87
67170 37 147
135452 36 109
160620 31 105
165970 67 36
64212 54 103
8247 28 40
70999 42 109
37154 53 100
32967 52 148
21955 42 16
81445 36 104
191430 57 148
116525 62 117
125879 40 10
128805 43 3
156148 43 117
141455 43 119
62364 52 28
30157 33 93
159403 51 146
153584 30 30
180007 44 10
149022 34 44
30359 39 10
194893 43 110
9199 26 80
52427 67 146
11045 35 68
108000 25 17
110794 49 129
202236 39 100
36181 43 143
176757 33 160
4312 46 104
105918 31 6
39777 53 46
27732 45 100
210165 27 93
219340 43 54
63547 61 125
33982 17 43
39268 60 16
26156 58 129
89965 37 15
170942 49 84
139309 39 94
122694 28 129
105254 36 126
34923 17 12
218054 69 50
160264 23 67
209274 28 8
72317 67 69
92137 31 56
102447 47 149
159664 50 82
213352 40 134
10798 60 86
114699 56 107
81423 47 86
11836 31 142
40004 43 0
117088 49 172
18212 33 151
179431 65 2
120763 44 4
114229 50 125
166804 44 36
12809 45 168
103440 32 55
208324 39 56
133324 36 81
124415 34 24
89142 30 129
212268 22 90
153366 31 45
134489 33 153
203574 46 109
198832 48 141
51398 38 115
23454 40 50
181186 29 120
52806 61 144
107601 54 135
98830 57 50
7968 49 43
204106 26 9
179465 36 114
80182 49 171
56551 45 94
4712 66 101
54683 53 49
24625 20 56
75977 45 165
61407 31 102
213136 54 94
146193 27 151
96729 65 103
16178 36 36
84510 60 21
85971 46 32
107384 42 59
166676 28 134
219274 28 106
73510 51 46
24035 30 10
2419 49 82
98985 45 145
218366 44 64
112578 66 103
73356 22 142
112805 31 94
182102 39 32
61357 47 49
164555 34 3
212678 35 41
121305 44 94
130573 47 18
32447 32 100
153670 39 104
39453 69 36
122194 49 164
218923 26 45
36426 31 112
19836 58 170
130164 31 165
18203 57 77
25198 55 74
186061 53 67
56693 30 100
162400 36 171
58119 56 106
218467 35 109
9588 57 169
203141 49 118
45575 41 73
210168 55 41
48319 66 89
89048 28 146
39157 57 73
115350 62 157
186950 29 4
90882 33 140
77543 23 149
135417 39 169
85803 59 100
211249 43 57
22514 64 149
218146 46 77
220787 26 156
165664 66 72
178472 48 75
77915 63 2
211486 29 151
93669 28 99
216006 52 126
198937 61 107
152606 50 94
117603 64 101
123348 53 127
10339 45 67
115376 44 17
51784 39 5
90811 46 166
77921 18 0
78449 60 66
46623 61 113
137988 60 32
57004 37 20
144089 39 17
110946 56 127
87092 43 98
218879 44 94
98507 30 171
179181 47 148
13436 59 74
7032 51 77
82092 25 97
6541 37 126
172946 45 72
73725 31 94
60824 46 134
163998 40 29
32793 33 77
167899 44 40
148283 35 46
120065 51 127
105466 62 27
92722 66 14
211618 38 164
141676 31 18
88953 50 31
210513 35 100
33314 50 164
59785 51 134
58278 35 16
200627 40 132
100285 37 155
133870 55 18
81927 37 1
17407 37 119
149094 36 166
48128 56 148
177397 33 152
139847 42 114
174955 26 36
194116 38 21
204958 35 159
151058 60 62
175976 63 101
53687 35 123
6033 37 135
166969 43 109
200937 27 145
48905 39 161
129720 67 161
132220 48 71
206565 33 80
173869 58 87
148066 56 70
203115 64 25
210203 34 31
5275 31 42
125739 52 116
70954 45 139
65883 59 6
57903 43 11
171248 35 160
193280 35 125
196779 31 18
211705 36 123
191091 43 107
165199 52 22
18768 50 47
146533 57 73
36566 27 24
54410 35 147
44188 30 31
160155 42 148
202551 46 73
105730 42 81
16362 35 58
195746 25 154
49598 37 38
46698 23 8
116731 44 159
170200 50 31
194458 46 28
52405 40 149
152620 31 96
205076 60 28
184139 41 33
96946 50 79
112800 59 32
68525 44 55
55686 59 5
46119 68 28
28856 39 29
41918 51 16
79159 33 17
108121 58 49
73391 30 99
200183 36 143
77566 45 109
120712 53 63
121206 46 25
217413 36 74
113653 30 6
7924 51 29
172983 37 43
129346 47 99
135382 70 20
93999 66 143
45566 47 56
27211 31 87
132970 39 35
30201 39 87
114405 48 72
127723 44 45
203995 36 0
58031 49 171
110166 58 29
30370 67 84
104475 13 38
181867 47 157
118787 66 140
48922 50 116
34814 36 49
131900 59 167
181063 55 29
80139 60 74
214065 33 166
153447 35 24
116699 34 107
154920 37 56
7998 22 67
37064 69 81
107590 35 82
94462 36 94
6028 46 72
102179 44 169
196124 54 152
26053 70 32
29194 55 33
166214 47 149
14604 32 116
24105 51 18
151696 32 27
68817 40 31
175023 47 48
111559 40 35
173206 47 166
86265 54 105
139737 37 81
144380 62 108
34870 55 86
194399 32 154
12353 47 59
50383 25 56
135923 28 45
132669 16 100
112025 53 44
162763 44 117
182324 70 83
46720 31 135
18192 50 102
50998 40 170
142195 66 125
117559 36 74
84208 30 90
188401 27 99
25622 27 145
59559 67 48
200500 55 122
185571 36 48
215447 32 107
198316 52 157
8841 63 164
183854 41 30
182676 30 93
183998 44 164
4560 40 83
31162 61 28
42806 65 164
192514 61 2
119708 56 93
177399 54 12
38923 26 56
57305 37 129
127346 34 104
53685 42 9
190774 25 10
136928 32 160
81461 46 149
1563 54 18
60225 58 43
116190 48 135
91103 41 68
92510 35 80
198522 35 11
95819 33 5
154940 31 23
122559 30 143
134773 27 99
178770 27 79
81681 40 93
32804 51 117
160819 43 109
13794 56 154
29173 33 36
43382 51 151
52776 28 6
65503 49 171
153881 35 93
76729 27 85
209125 37 140
87087 26 155
175143 51 93
175435 56 1
75379 60 0
211170 53 87
163596 62 14
132582 32 171
131446 34 22
54832 45 41
89050 43 43
66659 37 145
45194 61 90
173791 25 30
11818 49 105
121180 48 61
98037 49 27
169467 50 82
187493 66 148
193023 56 146
116253 42 120
125255 28 10
170106 40 37
214987 23 99
188274 38 55
61211 29 56
10418 45 150
115763 32 112
197348 39 44
209424 47 145
29654 21 160
185076 47 66
141674 34 6
208918 35 171
117266 22 145
105223 54 124
140775 42 148
166037 37 167
45155 59 46
162558 34 15
101687 37 19
185931 46 119
158131 39 4
6123 53 63
197368 62 161
217893 45 117
75758 66 151
207520 39 76
97662 21 16
213731 26 122
196999 37 55
176780 51 37
177584 50 83
127208 34 20
140883 38 112
88659 40 68
86053 64 162
185628 55 9
99363 28 45
178010 17 23
156757 47 167
91648 22 67
45022 12 172
210965 55 101
119236 38 114
84703 26 22
128323 47 57
179135 35 107
123232 40 57
152449 57 160
198602 48 45
139254 60 118
99775 47 35
196486 47 145
128499 43 28
46427 26 151
193256 65 30
51338 29 12
105085 34 21
74670 44 122
107156 35 16
118059 33 125
192655 36 6
57359 41 114
50728 72 15
53626 26 74
52951 42 160
15559 45 173
19301 44 120
49570 25 132
211135 43 43
208409 56 160
62312 40 170
156287 61 108
178772 19 56
6129 51 63
20132 37 46
119526 34 43
218038 49 21
76124 66 24
107762 43 83
185197 40 172
32219 27 126
46826 57 44
112724 30 16
177377 35 129
155955 35 146
166301 38 157
92816 60 59
41987 27 171
175959 27 151
147024 30 31
25406 28 125
136411 54 109
72796 51 6
64309 32 67
7046 60 5
13272 33 135
73675 65 14
134229 12 38
30741 49 103
74982 47 0
210099 40 103
67379 27 94
166674 25 18
203506 63 115
136711 41 93
165 34 29
205406 53 21
56754 61 151
61414 27 151
99192 54 3
198496 33 122
22266 70 150
93361 54 148
216241 51 103
218498 44 41
29261 34 152
11620 41 37
29231 31 16
137726 66 36
2521 52 7
93284 65 149
198021 41 29
92177 38 96
181323 47 31
74786 27 129
27669 40 164
181012 45 125
49151 58 101
173256 52 139
161211 57 116
7993 63 84
179702 28 80
81530 34 147
104057 59 44
45012 45 43
174836 41 104
118533 65 160
87313 65 57
70521 47 21
82076 39 94
97366 36 45
50231 39 70
141095 61 17
26458 58 171
172074 27 130
195775 59 39
196447 34 81
104717 36 74
344 33 94
157838 35 152
64370 48 37
147508 29 100
216294 40 86
131801 36 109
113923 39 114
21504 23 43
77851 25 28
124027 49 42
82638 49 172
156117 18 135
106979 41 129
145464 33 145
104268 47 143
186270 51 49
198311 57 14
96839 39 171
144818 55 51
137409 51 31
208169 20 126
65283 31 99
12473 33 164
130818 45 130
129125 28 43
181681 66 164
143975 52 79
49097 35 7
139863 25 132
69358 52 66
5035 30 117
19626 29 109
149072 39 55
144580 47 43
215132 66 37
190839 59 107
218185 56 114
11235 65 60
14776 48 9
163181 36 86
17256 25 36
220252 49 119
141180 43 53
190643 65 36
27978 40 37
153677 58 122
85155 57 20
24241 43 43
136929 30 127
71687 56 46
115492 44 18
95892 65 117
204668 42 170
147353 42 153
98731 33 43
79945 56 61
204780 57 125
154668 31 122
139655 26 123
86932 49 50
65721 59 113
137541 59 92
174215 39 41
192105 51 102
13074 49 164
186518 43 127
211003 36 12
155546 34 130
68335 44 8
125025 24 140
97042 69 119
129065 39 37
149967 21 92
82733 54 125
188130 40 49
35389 46 22
9481 54 98
70581 33 22
177696 32 171
136622 24 133
81642 51 165
219790 53 130
129467 61 5
2980 46 109
173468 29 122
23189 31 19
97745 40 3
17169 36 86
24600 34 152
27985 47 46
205785 45 81
2809 62 130
76731 59 142
48064 39 153
81060 47 118
184085 30 85
72281 15 37
201859 63 39
200395 65 146
97195 38 15
43068 35 143
206052 47 59
201890 38 1
112785 64 34
1133 20 34
197186 34 130
173327 41 65
93056 34 160
90004 50 171
187406 22 82
155246 38 59
97876 38 112
68172 55 144
77071 44 65
111683 42 12
62448 59 45
84697 41 30
164862 21 31
30594 47 36
169130 60 143
20449 63 101
86288 66 125
142351 61 146
70740 55 35
129455 44 164
199170 52 41
49747 37 45
193004 55 93
103768 36 147
51536 26 130
9070 44 122
44462 59 123
64882 36 109
99181 46 163
110077 61 59
191056 63 152
118905 51 106
30759 40 103
14472 31 145
68794 38 99
158104 65 124
14535 51 87
190790 38 43
83081 40 12
80981 30 122
106062 39 27
16264 25 129
462 46 106
82256 36 151
111336 63 120
56802 63 36
142233 38 91
104932 31 167
186374 75 50
118110 55 112
135748 56 103
74613 26 11
169840 19 118
168072 36 145
22146 57 143
23082 45 48
128542 55 35
171451 38 5
212363 42 19
3666 52 5
180195 21 109
198367 40 146
3466 62 60
161359 54 56
46632 63 40
94121 31 102
174137 51 148
36476 40 164
155479 35 151
102286 38 73
44846 38 151
109034 41 77
113420 42 89
89962 56 114
179917 38 100
84202 69 144
133854 69 98
30906 32 134
71987 26 145
80135 61 126
41749 29 154
114306 44 49
18380 60 17
183534 37 148
162742 34 19
175401 27 43
82231 36 28
192963 41 103
65312 47 100
189119 38 43
170452 22 100
110270 63 108
220686 60 46
36958 37 106
48831 59 52
153817 39 6
85529 44 28
192248 64 146
163720 32 171
7897 42 73
168971 66 7
124779 66 29
212916 45 87
88805 68 125
79299 34 81
5026 46 119
90082 33 30
56681 43 19
182279 26 149
24635 30 171
166331 40 45
216767 22 5
202067 32 43
105874 39 12
162790 60 0
197106 65 70
68674 44 152
155060 51 135
30302 62 73
210668 64 31
204900 34 80
183373 35 144
19958 52 157
54808 41 86
152585 43 121
49753 46 146
81538 45 107
17835 30 145
157597 36 107
79960 35 102
106027 50 123
11610 43 130
143499 18 11
86703 37 74
12189 45 50
61175 36 173
71389 56 6
137829 41 157
116513 63 18
104306 44 124
90284 55 36
128162 42 52
115856 30 27
121344 43 90
2878 54 1
185192 42 146
35367 25 27
93420 25 147
116007 43 20
189894 34 153
210487 31 114
177963 50 75
80478 13 38
27992 35 56
211227 35 72
46883 42 44
42501 68 18
163520 33 143
90180 46 80
118360 27 143
244 51 31
207280 62 126
207134 46 160
168588 44 28
40560 53 166
78420 38 109
145368 36 134
170101 61 87
187179 65 43
164284 30 22
38784 47 35
137902 54 65
130650 57 168
83558 58 67
189704 31 98
160085 36 82
189322 40 37
41930 36 140
11029 50 148
91554 63 145
120198 61 106
29331 41 128
193484 31 89
74872 33 47
168015 59 65
214975 43 155
53040 23 20
19824 53 29
32820 55 59
100970 39 47
47910 41 151
152390 45 46
37646 29 93
154709 41 6
33303 26 147
61536 53 94
30361 29 27
154024 62 67
47168 22 56
212182 56 84
85105 16 130
8320 33 148
96124 63 150
191180 48 10
83057 38 68
89117 35 94
195401 27 151
216556 62 147
168178 31 112
177538 61 170
154480 42 153
36491 49 66
3286 24 43
167281 48 93
160972 29 22
151658 47 20
206175 51 20
101346 39 100
142507 48 128
151978 44 118
192636 28 93
67463 18 151
150010 52 15
68983 41 45
130414 58 22
109821 45 94
31186 46 17
107336 38 0
44280 20 56
135182 24 56
133667 68 164
148713 45 129
37266 65 120
95337 35 23
975 39 94
97772 29 140
124269 31 105
130258 48 110
91699 67 124
170952 47 143
158978 25 94
187478 67 62
102016 53 154
108762 43 125
35254 51 151
159611 37 27
90330 39 124
3705 46 82
167925 19 37
209795 58 66
90466 44 45
156829 37 141
64241 45 109
220104 53 118
146931 48 56
93057 60 166
478 69 164
126716 30 93
193455 40 12
16958 62 148
208564 39 132
127230 45 28
62265 55 37
50488 21 143
49626 39 127
183392 41 146
30499 54 141
84980 56 144
208965 55 147
107604 27 46
71445 29 129
96175 38 123
72094 39 128
37119 31 14
207194 50 114
107180 33 145
9691 31 171
175303 49 14
24095 63 75
118136 30 93
148415 27 143
121880 68 120
214830 52 57
138798 47 68
52319 26 135
192185 51 87
112705 46 33
116871 44 121
167651 32 48
19790 28 6
67626 48 130
60618 46 72
142622 42 146
206429 35 114
66887 45 42
72694 25 126
50110 48 130
83957 40 146
4922 61 162
114414 47 118
25165 41 86
104297 42 24
187283 45 12
122904 66 79
6419 67 149
182156 54 135
171293 38 107
115919 52 106
28754 35 146
182357 38 162
151520 35 117
195923 35 99
24311 51 165
16278 54 94
213571 40 40
163697 39 34
15664 42 83
193532 48 74
165707 51 16
191821 51 6
54488 52 146
130394 50 121
166095 16 130
181996 34 117
46521 52 101
198589 34 106
130578 38 147
170083 17 45
153530 55 127
36825 41 159
9738 70 170
157411 27 6
79554 56 54
24900 59 165
55187 27 129
167627 41 108
31953 64 164
51642 43 27
41239 45 96
62896 40 30
77283 53 64
158543 41 106
191514 59 47
21138 23 112
200097 57 23
205082 41 101
81701 35 100
73142 29 114
156335 55 173
71145 23 98
61643 66 113
153473 68 149
201005 55 170
90848 64 129
9402 52 45
27667 30 114
88538 42 47
80528 37 146
41028 38 154
157279 64 118
45828 39 28
214213 43 167
111904 41 161
14966 20 1
100591 33 22
77609 51 160
24874 37 155
128491 49 89
107191 33 114
55363 29 162
1676 51 164
60587 66 34
191489 54 125
186350 45 4
56761 26 114
45036 54 48
185582 46 106
138351 32 117
107331 40 130
46919 26 88
167926 49 169
172720 30 74
12729 43 129
18019 28 55
54314 56 44
207269 54 161
200660 31 6
120531 25 151
57450 70 28
89843 62 119
220807 29 34
29885 37 107
145111 55 79
57720 25 105
17974 41 82
85522 35 143
152307 31 6
52165 50 6
177114 44 28
45241 39 94
117156 38 33
86287 32 112
52563 60 91
109493 54 144
50312 39 112
177292 52 93
117767 53 36
79632 31 100
25894 25 67
58371 64 24
60647 34 29
161273 40 93
140629 23 15
54602 35 15
48049 41 59
149760 35 158
94014 64 35
195578 48 166
164597 28 151
109083 29 27
197821 48 36
37783 28 114
153039 29 114
182343 36 123
194564 43 47
215759 50 112
68575 37 32
61448 49 5
192716 44 30
154630 48 59
194679 30 160
29930 43 43
157609 53 68
162776 45 2
145064 51 36
66687 21 145
167273 46 21
188896 69 105
194223 41 49
94302 45 37
37307 63 113
4409 42 30
120853 38 87
189106 57 98
4286 24 156
189566 38 45
42790 27 3
64146 37 93
206809 34 94
114793 64 31
166165 40 49
88278 55 99
175695 31 126
72214 32 6
62801 29 57
213386 36 107
4486 22 133
12174 29 140
198106 50 130
61192 63 33
3428 28 29
87930 63 105
143596 31 43
186614 57 104
127689 54 49
97444 60 125
102768 39 31
67871 72 134
180688 47 57
87795 15 122
214187 67 8
144671 31 67
188345 49 166
94670 41 53
119224 37 9
27335 33 81
162188 44 75
145292 48 32
187786 64 129
22298 49 73
50557 48 97
192237 35 46
41682 32 167
208118 27 106
150553 36 70
6873 42 94
170609 38 49
31912 34 74
123666 40 82
60690 62 87
218138 61 88
37181 33 46
141302 35 81
162467 46 43
62964 31 151
178401 35 27
117733 43 94
164556 49 45
117442 65 84
21074 32 171
22337 30 93
204234 31 70
219895 51 126
199519 31 17
139358 45 143
107031 51 31
143348 60 80
13710 42 23
32891 34 73
117633 36 41
156886 44 39
148943 41 98
104046 42 47
138000 61 68
137526 62 62
172182 28 85
140148 37 134
48117 34 131
105075 57 143
68877 31 56
5907 58 107
153573 64 145
153828 36 146
159808 49 63
59105 63 2
114481 39 162
59900 47 93
135390 29 109
87824 35 151
135101 45 12
17261 64 7
75069 38 170
181614 30 10
102428 44 168
48609 37 106
166498 38 29
120898 30 160
115141 41 86
1174 50 104
15470 22 10
68816 22 43
129470 58 48
85590 26 45
27549 46 120
98431 44 149
26094 38 135
127688 53 122
67185 44 155
190496 60 125
187212 41 72
102707 45 157
148439 59 94
68827 50 30
115349 59 148
1843 33 117
99773 52 18
119300 51 4
65509 61 50
44404 30 80
182127 63 140
197739 41 93
215015 33 151
193172 54 77
161915 46 52
35420 45 43
69867 47 70
136245 36 171
159399 48 35
4414 34 167
148892 28 16
85248 41 30
131531 61 157
177955 61 85
19843 41 146
119195 44 165
70207 49 27
172800 36 140
76764 22 30
142989 59 43
32218 45 98
2609 47 28
140240 25 8
180617 51 55
160762 62 109
49237 37 19
205894 43 95
3903 43 55
99871 39 89
87373 49 43
204239 52 146
150401 53 149
116361 45 109
38054 63 49
82364 59 74
167190 57 165
48 39 34
38927 35 167
18909 38 55
150416 50 68
122817 50 156
128372 36 136
199706 68 50
42530 35 11
122257 48 42
134044 31 83
56063 67 146
173225 43 127
50210 46 41
113016 63 170
27058 45 29
182025 24 119
7687 56 103
159475 55 78
210091 62 168
57229 40 23
195092 33 151
68579 67 37
34202 56 167
151657 65 8
98191 57 125
118957 39 57
78729 47 78
27399 26 159
164142 40 68
39131 50 69
147025 60 28
153994 33 28
205212 54 94
161512 46 125
34336 36 148
18438 65 17
110242 44 53
65135 23 18
154865 34 125
54343 55 157
147765 26 41
108861 40 6
27367 27 71
3400 46 27
116073 45 101
113324 21 2
161106 48 25
170650 50 4
111987 57 27
186393 31 146
102705 43 99
154387 52 46
195171 30 32
82937 46 128
101796 71 105
175974 48 56
165381 45 121
141871 62 47
167279 31 9
207867 47 5
137152 39 133
184933 51 0
56765 61 93
206015 42 20
117018 61 86
89227 25 36
71526 58 43
78598 49 67
162946 45 171
173411 66 144
108094 68 45
36781 35 151
11731 42 121
144664 56 166
68453 48 156
153577 65 32
189064 63 126
107778 66 29
65229 66 120
55182 47 155
78638 40 114
216431 28 143
29530 63 172
92191 53 39
133025 50 162
171869 50 28
134463 14 16
111771 46 102
168034 47 5
170326 42 0
54837 39 74
216674 45 107
64626 62 59
90200 45 41
74514 32 55
76884 58 74
138152 43 145
206342 62 147
121150 69 162
24853 29 114
176464 48 18
134352 47 105
30932 30 109
106712 29 56
151730 70 121
162349 36 93
139172 44 112
207146 31 62
14059 45 103
218527 43 55
200256 27 87
17697 50 140
172805 61 48
146117 41 27
99745 30 173
22015 62 13
187958 63 144
205058 37 56
64834 53 67
193348 58 109
14002 59 74
147003 52 77
17848 65 151
169503 52 156
125238 47 112
40337 47 164
145610 47 121
124798 51 29
6403 61 144
80111 37 81
106579 45 107
59232 36 99
56592 43 11
195329 55 112
35944 41 19
163265 43 163
64878 46 46
24703 58 172
57502 46 134
20198 34 12
26490 50 122
201059 38 107
52856 48 71
37593 45 107
203685 49 37
83765 46 11
117147 55 49
190612 40 10
83699 34 45
142779 30 171
214425 66 161
59969 54 125
66974 49 14
5681 35 15
8256 29 109
23424 51 37
9577 47 100
206397 43 149
35676 48 101
33227 14 14
188651 39 20
59779 28 129
88942 35 94
121332 43 42
97381 30 114
208830 28 15
158525 57 45
198767 35 107
108306 58 107
30056 43 4
41581 38 99
182370 43 50
24234 37 73
122734 32 96
184606 74 7
90741 37 28
95318 22 98
136412 32 73
39035 25 173
77239 38 114
108064 64 114
187133 56 155
158430 70 37
5887 62 145
173112 60 61
201488 48 94
210233 35 160
109519 29 47
26872 40 54
104785 49 148
108603 37 93
166371 60 33
187521 38 99
219814 39 95
202945 36 159
90300 61 111
41325 39 125
75385 35 132
188423 44 124
79662 44 87
166376 21 160
57445 63 48
30532 58 112
154090 64 119
88566 26 152
42949 46 118
21858 32 167
13803 60 103
155331 57 45
97021 49 106
118942 22 5
40363 35 166
14197 45 171
182313 35 57
172536 53 146
39593 31 20
101073 46 164
210772 57 107
145094 39 20
159869 35 21
148282 49 103
42560 37 19
538 43 100
167944 42 153
188113 57 143
212990 58 150
120505 41 171
92447 38 67
201836 41 109
2189 40 107
156914 43 104
179379 31 45
56183 61 37
166390 33 6
136180 69 31
6703 50 74
3792 53 68
99540 27 109
44627 39 129
211916 36 3
88526 41 80
213206 42 122
98163 45 127
35172 47 44
92068 45 28
183326 43 33
108795 44 36
22724 55 27
4672 45 146
53467 37 56
213981 49 45
195839 50 35
133909 46 93
83030 53 94
31520 17 43
26011 52 56
145365 47 170
59612 27 45
20873 47 73
12323 70 103
31718 56 109
165430 45 10
57338 44 43
208836 39 109
138467 48 7
55718 42 65
187509 29 112
210349 50 2
125886 32 124
123388 44 42
209758 20 106
146092 48 157
101513 53 119
152093 31 146
28573 45 121
172761 42 49
126937 44 43
40818 31 99
52352 27 40
41054 28 109
85734 43 73
35401 41 28
215729 43 166
20349 46 93
190783 21 147
9845 47 93
204033 40 106
124100 29 114
102176 54 101
150076 29 152
192877 42 172
2377 35 139
8635 40 64
37781 29 6
49664 49 101
104586 62 13
38528 54 112
113655 39 68
191523 38 15
138298 46 75
6379 42 29
13255 37 166
178253 31 5
17662 56 164
6599 52 114
198352 39 67
210534 36 58
98369 45 27
96464 5 16
107572 37 134
111030 28 143
122056 45 141
40032 51 81
188431 66 99
107444 52 67
103373 20 63
158995 43 80
143319 30 99
69456 57 62
55474 29 113
127514 54 157
11269 49 101
82863 39 52
159256 27 152
147193 54 17
212034 63 107
170506 22 63
175954 25 68
198393 35 16
62637 62 146
82494 32 157
133997 51 29
14846 34 66
124151 50 93
134082 45 66
66064 23 107
100360 61 106
19874 44 146
73500 40 28
219791 30 94
134648 58 168
198013 39 42
48333 59 15
156604 40 14
157118 52 149
57587 33 151
105952 38 139
56472 44 45
179558 50 41
212852 63 152
77186 37 93
65823 48 120
84942 37 114
44882 17 95
191027 59 171
65514 43 146
153648 67 83
30282 31 94
36132 38 125
30802 45 128
214297 44 166
91566 40 90
105101 64 35
205795 33 143
155609 41 59
69410 26 155
173687 35 127
26313 42 64
160523 64 139
179954 20 127
149364 57 49
138170 46 124
122074 66 21
112769 35 15
220615 38 45
118829 29 93
12526 38 49
216037 28 107
148235 43 73
63155 44 166
6467 40 29
86877 63 161
167811 71 19
166590 34 7
208434 69 118
117616 38 48
18555 42 6
213930 66 94
84111 29 4
72271 43 49
12440 36 133
73980 63 173
211475 23 84
25120 56 104
218034 41 93
71552 36 171
21416 46 5
91393 34 8
154941 50 42
140808 32 94
181435 39 114
92846 20 8
122006 39 23
192820 44 38
194916 30 19
41783 29 165
216729 24 9
212360 24 114
19986 33 6
195742 54 132
118625 41 53
38965 34 115
7725 65 36
20530 41 143
204786 28 22
116946 44 93
208697 47 94
133427 46 36
188480 53 166
97457 41 162
99895 34 87
119295 42 160
132897 31 71
34710 70 36
80118 31 140
93684 60 107
56061 23 127
32298 45 77
68150 21 104
191260 45 127
20206 53 98
88978 43 164
63157 34 93
205062 45 140
56663 47 40
41948 44 68
1136 30 16
213132 47 128
46990 36 40
206899 70 125
21976 46 139
130605 44 6
109463 32 11
206630 38 169
80375 66 42
213180 49 127
170280 25 105
33055 37 99
25367 38 151
95649 33 53
108170 47 132
133437 37 6
112397 44 31
76166 48 93
208995 59 105
112861 47 71
4696 57 103
63418 53 168
175903 41 29
115950 47 22
93024 38 47
66642 34 43
137442 61 89
83286 58 32
119436 38 17
46807 58 29
18590 64 14
161598 34 119
3022 40 6
12685 32 109
164217 15 133
81564 28 155
1758 21 112
54292 35 98
133942 38 125
35924 45 140
13913 39 18
80227 19 57
113339 38 146
200766 68 151
66022 61 71
139038 37 132
27262 34 93
58638 37 31
205693 44 87
215374 55 149
122813 50 45
147894 26 167
183289 53 27
39960 31 6
143211 43 156
218753 25 97
180300 29 166
117531 53 143
195090 45 6
26922 31 114
197457 47 106
120261 64 56
134985 37 85
216047 37 107
32697 64 30
219506 29 6
76484 34 135
55991 40 2
147557 50 75
13735 39 102
17615 54 173
150438 27 129
87567 53 150
127587 20 17
168181 40 82
147176 18 86
28776 36 171
50543 63 45
2681 28 144
4575 34 145
103532 32 45
46142 61 34
149808 29 148
20821 59 109
26920 43 130
51760 30 114
123003 36 5
164288 36 98
154826 53 37
216603 41 28
95944 38 114
152551 31 109
29228 21 126
169981 25 9
162507 41 135
59466 31 101
53895 24 122
188278 51 37
101816 49 72
43508 38 68
177099 40 103
20601 63 125
212400 55 105
157506 21 132
53810 64 1
73206 34 32
67060 52 40
195182 41 94
208288 21 37
21220 33 56
71853 31 34
136420 61 68
100278 31 125
126738 26 11
47867 43 109
165747 45 34
114138 46 93
135655 63 33
102816 43 166
157183 46 93
26021 71 150
98164 61 94
53334 47 129
63126 54 129
33884 41 42
150701 38 74
155604 32 74
176645 22 30
46065 14 99
90722 24 11
165859 36 124
109575 47 98
95221 29 171
116630 64 39
27247 59 45
102094 36 83
74064 28 23
154099 56 43
19882 55 76
161501 36 12
38402 48 126
163910 46 80
67252 48 94
11810 60 86
8729 55 120
108752 56 6
190530 39 27
81177 39 109
186860 37 48
63438 64 29
160206 52 106
108496 39 109
172702 18 10
122110 30 170
130453 47 103
30175 33 12
110010 56 30
122818 61 21
212749 33 43
59815 56 149
87266 39 160
123418 57 156
83050 29 127
178116 45 5
150965 52 134
219886 35 114
168478 46 142
60651 35 19
47848 41 103
78966 67 23
210793 29 105
144872 27 30
171975 47 41
175984 37 130
135275 40 164
186568 62 152
98061 63 144
23650 29 1
143402 52 31
197419 47 102
32145 48 148
116001 44 43
182891 60 0
37910 62 112
102131 40 66
44907 54 46
32623 23 2
42859 44 31
10630 51 14
29078 42 36
69310 72 49
33642 53 37
178791 56 46
60082 38 105
148909 56 27
102373 46 3
133255 55 86
21210 37 12
20321 45 45
72443 41 66
30040 44 74
184588 39 20
110122 33 57
116020 51 100
154883 46 31
134333 41 164
87189 55 153
92253 44 9
150104 20 153
45503 26 74
3723 49 164
172049 43 119
137714 20 132
75553 31 112
177173 34 41
171291 48 164
64122 51 170
109380 33 109
172192 47 65
145872 48 154
203670 34 95
178884 51 10
116745 57 97
106446 47 60
37598 17 12
73307 61 81
113353 54 75
127247 68 34
60302 68 100
111706 69 59
19186 54 148
168968 46 34
208352 42 77
31567 20 168
122369 49 6
148802 50 66
214734 58 128
101250 51 64
190982 37 152
94389 42 149
133313 65 16
202715 39 149
143664 68 14
94926 47 73
102326 32 56
87525 51 170
68950 37 154
29964 38 14
185707 57 59
55283 29 87
61077 20 151
168765 54 29
186232 59 75
186128 33 154
4668 59 120
179021 36 134
162610 58 62
184736 54 100
33377 42 45
73195 29 15
118809 42 23
22954 64 90
125633 37 121
208868 39 152
196349 34 134
71753 61 144
209853 53 122
78829 41 11
172385 48 45
218470 56 171
149408 36 110
167625 43 36
74727 27 141
181324 23 9
150654 21 45
74531 54 13
186127 44 129
123253 62 4
117730 49 164
115058 36 127
54033 55 82
91688 28 152
94063 58 168
101457 44 17
102567 22 16
30053 23 12
133663 33 30
31528 55 147
143943 45 115
149859 40 123
83402 63 74
162059 34 112
200208 59 166
140200 31 15
163344 34 50
160431 51 55
82248 31 135
42722 35 20
138400 62 11
94649 51 161
217806 22 33
211236 38 112
99422 44 98
52450 38 106
1583 53 6
71709 42 157
84930 52 114
208800 34 36
162232 62 72
161225 38 51
197598 31 19
105361 33 86
148614 52 55
77273 41 66
147786 61 125
181738 35 122
45323 66 164
81800 55 68
199510 63 161
25143 46 146
217307 34 104
168006 31 4
105759 65 139
212516 41 6
199488 53 37
171062 37 122
98505 52 45
80308 48 59
80289 58 1
203843 53 31
46681 29 65
381 52 40
66890 50 45
165554 46 68
31415 38 18
82257 29 18
39572 64 68
156160 59 1
9307 59 25
49284 42 74
112172 50 43
67483 53 106
44935 63 158
129097 67 88
86947 37 151
68494 69 84
183005 55 145
27429 51 6
68217 55 164
174163 48 45
9940 50 172
217349 37 27
123020 47 0
178654 38 122
180000 38 49
212664 49 74
78208 48 29
5302 38 142
85231 45 84
43267 41 93
5497 36 45
123322 35 146
58974 51 166
131916 49 73
171669 54 1
11580 17 109
167437 46 100
84836 29 6
207536 27 73
91204 35 151
56776 44 34
56411 33 149
123786 46 6
80673 57 143
218639 33 43
123462 31 39
149820 57 39
6547 51 72
180996 52 45
98055 22 151
28565 61 86
132720 39 32
54155 36 78
212995 26 94
152873 15 145
215944 25 151
190257 23 37
14344 53 105
62484 32 138
98042 31 30
200787 30 100
101546 46 15
31315 47 15
90371 57 18
98748 42 133
109635 32 71
120883 28 140
68154 67 85
12876 45 93
205164 28 69
67490 55 107
31094 58 5
216468 38 82
218440 35 0
8194 30 102
11723 24 8
175369 25 149
167344 29 16
98839 54 61
132872 39 160
62135 38 73
36243 37 147
39027 28 150
13514 56 167
31773 34 149
71446 41 53
169588 47 99
176282 42 2
120951 54 5
197510 34 162
160971 33 153
8262 33 83
66952 13 56
202358 46 100
145739 57 109
142958 45 106
130526 53 86
66062 39 160
95577 39 44
51387 47 117
160025 41 93
26865 58 133
190053 25 110
41383 35 40
157402 53 143
165972 31 173
15251 53 31
127574 64 89
60957 51 145
90495 54 45
202303 55 160
59657 23 9
87490 64 45
19425 43 109
131837 47 14
151769 39 66
86734 34 106
206454 54 112
117602 25 18
120217 32 74
137931 56 5
82198 41 26
50888 63 143
25311 47 171
115186 46 151
146821 49 114
117927 16 44
5490 27 30
137645 59 150
79352 59 164
14738 36 151
34050 32 15
47157 40 19
64266 59 93
20959 54 86
724 39 19
175359 39 72
29830 46 129
183627 47 156
15943 57 19
150723 33 42
142033 68 67
179062 36 68
134655 31 86
156035 49 166
174834 71 162
77533 26 56
65344 35 28
34002 49 44
113491 48 93
50962 33 36
162262 60 74
123828 47 72
133581 50 122
154299 35 89
176105 45 36
193808 31 127
17364 18 30
122873 45 82
18627 36 94
68471 59 59
26858 53 5
191726 50 166
199723 53 100
154657 57 16
170344 44 123
500 32 155
143588 62 51
105579 37 122
84506 55 167
154017 59 74
71230 43 80
48872 38 167
26535 29 112
63610 30 45
14382 40 6
68676 30 34
174148 33 107
211218 54 112
155719 41 131
81628 39 55
216331 52 156
204560 27 86
59079 61 169
214967 28 93
153847 48 149
40361 47 30
157752 44 167
104964 59 42
216171 64 133
40891 44 5
189458 55 101
166269 26 109
83903 57 18
75802 59 72
162085 28 149
177356 50 154
203396 26 150
34929 18 16
152348 48 47
69674 55 17
94190 46 93
31812 62 131
68203 61 109
96624 28 143
128908 39 53
50394 56 15
16519 66 30
47671 52 41
93722 27 171
132557 35 171
115839 37 144
66707 29 153
112007 26 154
186669 24 18
151471 31 16
32859 44 93
208504 39 27
19177 31 43
207497 19 153
132856 52 35
131131 35 115
148671 29 15
15233 43 94
202862 48 172
202118 56 87
177224 46 105
193418 66 1
19040 44 130
182238 67 7
88905 53 120
134446 53 72
116837 50 45
216924 36 122
120566 38 10
60240 55 10
86981 29 97
217740 61 0
76007 65 99
6031 55 150
147449 34 94
206213 33 122
185132 34 107
2706 59 69
70559 53 43
67747 51 18
219320 46 106
207702 39 151
190363 28 106
45609 42 46
69036 66 8
38929 49 0
35731 21 67
220658 53 37
190479 62 15
58439 66 135
25042 41 132
127140 32 93
4199 60 109
6255 41 110
141031 34 36
108854 68 116
8761 58 143
36728 38 87
2186 65 85
156268 44 41
97546 41 109
201182 27 30
117287 55 75
19318 37 109
37285 34 91
114216 61 125
60538 55 11
148227 49 160
93592 41 43
34169 38 160
164739 36 160
128945 27 168
137646 65 141
37533 18 55
170380 67 164
202498 42 95
37352 55 106
104479 32 135
68100 38 17
129164 57 157
206790 26 100
100277 30 16
134876 40 45
155632 35 55
123931 34 106
150195 49 171
79765 35 56
149652 29 116
81023 42 166
115066 53 29
210495 33 118
187917 27 135
65062 49 125
204743 29 146
124786 39 56
78057 34 106
176871 48 68
193637 63 50
85568 53 18
77696 28 140
220391 48 43
204637 41 91
122683 28 28
199187 22 23
8935 20 144
200174 47 18
156900 48 87
147720 49 27
148406 54 148
722 34 89
220826 44 0
201593 42 45
214413 35 59
206220 28 118
72376 44 109
136899 54 40
139367 58 104
149305 55 16
85167 69 67
63336 34 164
130783 31 104
176108 52 122
33122 50 143
201615 53 166
85338 28 146
190405 45 6
58295 33 151
29464 33 125
192156 20 170
94928 27 14
165653 36 147
34867 57 127
30279 35 75
202454 31 112
80052 57 143
102891 58 16
104385 33 28
120507 31 146
165339 34 153
41542 65 105
179482 45 110
192019 24 143
98907 50 125
3005 38 151
157676 66 70
120601 42 87
148977 62 140
108863 59 23
208133 57 94
189560 66 17
150760 56 53
164234 25 101
107173 63 42
159129 40 37
218579 47 5
10399 62 38
121100 49 44
123411 31 86
196433 32 114
138926 33 0
70574 65 57
160544 25 149
38629 65 144
208875 30 151
114251 36 121
204299 58 45
26880 49 45
219715 69 83
66300 34 20
66636 38 31
27099 32 153
12547 45 106
145430 63 171
612 68 116
165940 46 125
67260 31 104
48892 58 104
22602 47 167
63605 37 119
158016 36 140
94553 32 19
153620 64 85
3198 54 131
135998 38 148
61573 45 34
170031 54 17
139588 29 155
167196 32 143
126754 37 129
203753 26 56
61823 29 151
62333 60 19
184102 34 122
146500 36 167
149635 27 146
112180 48 128
16162 14 93
103840 60 45
29033 34 110
41188 53 99
91062 30 135
100532 31 168
198541 40 124
21016 48 36
25606 37 17
44245 43 59
15354 41 162
103046 32 122
170953 37 152
196185 31 6
140069 29 11
32159 38 81
76417 35 56
176338 25 147
131480 40 145
41445 31 134
116906 38 107
324 39 104
201834 45 31
49765 41 86
86833 48 168
17350 64 1
62203 59 165
125883 52 5
197663 24 109
188388 26 76
119782 61 72
133682 52 61
26450 63 33
186075 32 145
87314 55 171
198741 64 105
132822 36 40
137258 69 78
106575 46 2
14825 47 109
218969 39 160
136657 57 104
17004 41 73
2623 58 16
163535 30 131
11612 59 101
89149 52 165
112205 61 93
52182 61 84
18102 22 160
82705 44 73
87255 23 45
150657 55 1
45753 37 72
91279 28 94
169612 32 109
71675 29 152
204319 65 152
89483 26 112
119104 42 127
79931 27 112
42257 19 126
63366 43 15
1376 44 94
189963 25 112
132215 45 43
161765 19 117
54014 54 4
46617 49 31
82851 54 93
113802 28 34
180550 47 30
105167 59 124
48740 54 81
144571 48 43
17070 36 83
205603 38 138
13672 32 56
45077 39 57
190693 38 46
23479 51 125
31597 48 164
43920 34 99
42679 49 4
150834 44 167
46464 40 43
180479 45 104
111713 28 100
21089 60 142
220713 53 120
129216 29 26
195481 36 43
69623 45 46
134671 28 31
76116 70 15
94761 53 36
49311 46 99
69438 61 146
89180 41 6
23802 41 27
90677 50 16
32416 59 104
91205 43 86
14885 31 151
205532 52 36
31344 26 94
69712 42 14
39939 69 149
188337 58 18
186154 44 73
24281 40 107
112668 48 155
219510 45 29
2274 36 15
218086 58 41
72720 30 30
191874 51 70
180655 35 106
74345 36 65
86092 58 43
34114 48 67
12944 58 154
207321 42 6
170079 33 19
36239 50 19
103149 37 151
151161 51 68
127254 46 106
176638 62 46
173610 65 38
121212 53 44
52166 35 27
94435 38 118
50542 56 157
106079 47 22
95404 53 168
82107 62 1
13126 13 39
130802 52 43
85008 43 127
99135 49 94
145331 30 19
82800 69 151
145296 59 46
174704 43 62
59319 47 31
66159 24 130
198165 49 101
194123 54 105
190107 45 145
193527 63 99
16661 36 33
182005 38 93
186349 43 86
44601 38 146
189952 55 18
86870 63 108
118736 32 18
186826 56 164
156828 37 118
165326 46 118
205748 53 23
158441 41 73
66810 44 6
159353 41 164
120105 34 109
111081 61 71
15539 44 160
115619 43 101
216316 27 139
181898 41 50
164339 55 106
95849 56 145
112835 55 124
212231 34 19
188155 29 151
19552 46 4
164907 39 110
62583 66 144
209229 27 99
117491 45 75
219443 57 93
169504 55 149
210764 50 160
20812 51 93
145939 36 138
92407 64 52
135126 45 165
203560 23 93
124768 43 78
213762 49 16
6851 45 103
115842 37 93
34286 28 30
53188 41 140
74871 50 84
74631 43 33
14175 24 161
191597 65 41
76544 52 147
183259 58 126
177861 66 46
80505 44 8
85606 40 5
212372 56 164
147048 52 37
52084 45 106
44121 61 170
24212 60 19
209405 68 145
138922 44 27
200645 56 18
23141 43 19
179367 42 124
71471 63 32
60518 37 15
210111 35 16
20688 56 44
54622 50 165
205296 54 89
217192 39 29
88254 64 34
90298 65 48
116858 71 173
127495 44 6
136176 39 23
219745 65 84
200361 63 111
211990 41 106
24167 65 76
23943 44 36
42208 30 32
16174 50 121
70688 25 93
2083 60 109
77967 34 31
62376 35 31
33039 25 9
65240 60 114
184365 48 164
206933 38 74
137389 38 19
34781 35 28
40402 45 28
205335 54 18
201930 27 112
109967 37 151
9143 40 172
187788 47 26
174512 62 27
179715 33 135
104178 53 119
57944 21 16
3857 35 147
113340 20 57
22556 50 123
143907 44 20
4478 26 45
38094 60 45
219214 41 109
115531 65 143
14993 45 72
182582 23 67
101258 42 40
167303 30 45
62679 59 151
164930 50 42
146710 39 69
95779 52 135
196018 48 20
147916 36 74
154889 36 143
20066 31 115
180852 60 4
218981 58 61
68855 40 11
61068 68 36
163593 43 99
163749 33 164
89987 48 133
5662 67 62
195840 29 150
1925 27 109
20705 30 45
105385 20 3
137790 51 6
40723 35 152
187861 68 146
190916 31 31
54039 40 164
197374 42 99
74704 34 27
192392 35 68
217668 35 148
129268 58 0
156305 49 74
137080 51 164
125628 64 172
68028 60 100
129115 50 73
73882 40 112
142115 41 6
201447 42 21
219049 54 109
100929 31 128
133957 42 150
51274 44 39
100989 67 2
145755 39 40
27572 52 149
189577 22 67
86282 39 102
176760 44 109
81654 45 123
118479 48 65
167073 36 102
9762 46 0
145468 29 109
37465 43 32
52349 14 171
7977 49 109
207919 46 149
28817 39 101
182547 38 151
121568 42 100
23595 34 163
82240 26 67
105329 46 30
8710 34 44
9706 48 21
208325 61 122
6517 40 162
40581 62 102
203274 13 38
66469 49 148
93175 33 36
105012 40 144
206835 55 70
172412 22 45
151399 32 143
28364 43 87
148004 46 22
28429 49 119
53641 19 152
34368 67 120
210635 51 66
33836 48 93
45102 52 95
9820 22 10
139303 32 109
159881 56 37
136504 42 86
216075 23 15
201237 45 80
174600 43 0
45530 70 25
85351 60 86
27752 66 164
106694 54 0
138204 48 86
113137 29 43
210730 41 164
215045 54 143
185915 46 150
78454 49 5
98422 44 50
11614 45 109
123533 33 32
67294 57 166
93591 59 59
84239 51 90
193816 62 150
68043 25 123
153900 33 135
209866 71 29
96383 49 30
99498 31 100
71269 20 64
82449 57 80
181229 63 112
190266 34 109
58880 59 124
112491 29 24
32319 34 32
95291 28 0
195139 64 107
151215 27 107
1651 42 122
100433 33 55
54685 40 81
145824 60 127
80704 70 59
63306 69 2
15317 65 5
65342 46 68
53155 29 109
51985 46 36
15168 43 127
56339 43 65
194767 44 131
59062 49 28
124619 34 40
173774 42 94
32242 31 83
67602 58 66
177684 18 132
207752 39 151
196453 36 171
58712 38 93
97187 57 54
215529 33 101
13749 51 104
98643 25 5
67336 38 125
117274 21 11
139076 53 106
168670 32 155
208612 35 95
78646 50 24
126718 48 71
218962 66 63
85680 38 112
183536 27 114
20484 43 124
59994 44 165
41776 43 127
197475 59 125
83726 49 108
100040 50 56
85492 64 142
31084 47 143
20130 43 157
21890 29 27
68597 27 28
115692 49 126
48850 38 6
186536 46 43
216599 42 122
8649 27 27
114348 51 100
149901 47 69
80146 39 171
19693 29 85
52862 61 46
66463 61 128
120736 48 62
155429 37 47
98432 54 46
75124 35 155
132584 23 15
112292 51 172
106323 61 109
192333 62 45
43666 55 124
54398 31 107
42968 37 134
141348 38 68
118978 31 94
26223 57 110
137470 34 86
42984 14 126
150155 33 106
167708 56 84
28543 72 170
181886 30 122
151254 19 97
19788 47 93
85061 38 29
137783 35 6
87984 27 93
220785 46 18
164115 26 45
39573 42 6
65752 27 27
2116 58 151
15916 55 164
186898 41 110
18568 47 107
218300 31 36
48466 40 148
104481 61 102
69979 65 112
141974 30 18
23029 62 39
140559 48 148
79973 48 68
16003 29 12
163048 30 171
144681 44 104
147472 39 77
212630 38 5
170431 39 151
64033 57 98
121757 57 115
42245 38 166
111990 39 111
107186 42 43
167334 39 81
149378 40 103
217621 62 103
25234 39 144
101023 29 43
211370 44 37
164215 28 151
42693 40 162
191491 42 90
15494 41 10
138981 43 94
183242 42 74
103889 46 168
7578 49 128
104389 34 109
54660 62 19
80951 33 99
151538 19 101
136789 56 146
217805 33 44
146314 61 80
142378 50 97
35646 33 132
58676 44 101
81479 66 121
130208 48 100
81160 38 121
123920 33 18
193525 33 71
102039 43 160
147271 44 12
87347 60 32
204792 55 84
167219 52 150
140481 48 165
197002 61 154
44613 37 122
159395 51 150
47643 28 146
75227 22 58
12616 36 115
134109 50 6
138332 45 131
2132 31 56
124192 72 117
68358 60 29
123321 54 8
180085 29 100
97972 33 171
36525 42 171
100281 30 46
160530 43 149
182897 51 129
59308 35 162
74574 49 19
20602 56 172
72938 48 156
2984 54 45
202914 41 27
78617 62 36
77383 38 152
126550 47 28
77519 45 100
17188 46 87
100013 35 14
204898 25 83
141051 38 150
89333 42 31
33504 54 29
58082 50 119
63940 61 0
87818 58 155
97515 62 1
219901 35 109
44501 29 12
3401 61 79
56719 29 6
182802 50 35
26604 59 74
5264 52 159
164736 48 14
184530 34 43
153052 16 45
85063 49 103
199340 34 28
73761 28 6
174265 54 43
157827 56 164
13753 26 10
8577 44 171
83102 19 131
14456 53 20
164174 54 55
86100 31 109
193569 55 42
182312 33 134
37402 31 100
91956 45 41
143752 35 5
1702 34 146
195141 55 38
3813 34 94
193953 60 74
56235 57 19
142487 58 74
38213 37 75
207903 34 150
147555 70 4
106170 27 83
197749 27 129
43880 50 123
106231 59 45
164843 47 82
4569 31 160
216309 33 109
67115 38 0
170569 50 90
88798 33 8
114588 39 61
1264 42 104
216903 34 19
129081 16 99
187667 28 68
73503 61 53
159047 64 129
175690 32 168
60950 18 126
172036 46 100
185913 62 144
129487 20 94
37737 35 68
109930 49 20
82395 35 143
197590 36 109
213426 38 82
37061 32 114
167743 44 81
39144 34 6
130998 34 45
10897 44 79
139904 46 164
146139 39 124
140898 46 43
116199 42 25
127622 34 59
197336 36 155
199102 59 40
26821 47 37
78599 61 37
181938 36 97
1028 52 150
13413 40 146
266 38 6
53043 39 42
107676 55 148
56147 46 55
64379 33 111
158325 53 19
150444 37 82
88572 61 164
24036 18 152
102499 26 101
156839 19 135
208960 33 140
23475 42 8
107818 35 10
147628 34 157
106536 56 44
142534 40 160
211535 32 87
14418 51 6
4767 25 27
194509 25 43
119904 36 103
213117 44 68
189731 44 104
171240 42 82
62423 48 36
192487 29 30
101884 61 148
68107 65 4
62388 62 150
95552 30 103
53138 30 125
187268 44 16
39350 61 143
128691 35 109
141118 25 116
185444 28 15
182718 61 170
189520 20 164
191255 37 150
48575 31 125
193775 35 17
82986 39 106
71768 27 129
35191 31 94
44426 43 56
26562 38 27
125117 67 121
106693 15 97
154529 26 121
102253 38 80
96185 46 132
19973 38 168
48852 41 151
93094 51 45
189318 36 43
215675 38 122
62168 49 114
104051 69 67
20110 32 22
203092 40 134
183253 41 168
20668 31 9
185651 45 150
103618 45 94
156354 48 44
15327 40 112
41358 58 50
86000 45 92
140492 16 97
37145 36 107
169344 28 45
155434 37 147
62783 63 17
173487 35 73
125719 30 122
58282 73 62
119589 66 72
11935 61 128
31683 32 43
132807 27 72
34289 42 94
520 39 15
211983 56 157
121724 23 27
129484 64 0
147973 43 133
7746 64 39
136962 38 104
182983 33 45
214140 31 122
55691 45 124
215849 36 37
220336 45 73
113556 65 140
124789 58 126
83935 54 28
164352 56 2
21724 38 95
80390 42 93
43831 58 37
110934 65 112
151430 43 16
182240 46 120
165729 34 168
13292 56 109
40172 41 109
159993 57 12
158717 46 46
83529 27 49
128551 39 148
38008 30 93
95205 33 29
79353 29 109
136893 27 45
24269 41 63
148549 41 101
39587 51 91
82564 36 101
2924 47 45
54892 31 135
41273 30 171
85157 22 87
85911 31 30
54604 45 171
59876 52 15
79673 26 83
139704 28 94
34793 43 42
193104 33 8
148159 48 137
122197 44 15
158340 43 80
72640 27 109
142446 46 152
36932 47 102
86457 54 123
86451 33 154
164918 47 72
129018 56 87
108339 50 86
24081 65 87
33217 57 20
162357 53 93
76321 41 93
214583 24 30
168295 33 151
133093 67 66
109805 62 6
44485 67 120
23129 53 148
18548 42 148
83322 22 158
159401 50 165
24885 49 103
118621 28 67
172737 61 14
76028 29 107
81612 69 90
191648 59 143
183254 37 94
39832 59 37
42451 22 55
155933 31 98
205554 35 55
174539 57 19
89387 51 104
220408 59 56
12884 59 129
170114 46 109
46020 27 151
173452 56 68
214756 54 156
87334 64 71
23590 58 106
196327 37 157
103599 50 93
80393 40 83
79794 44 14
195907 53 46
76804 41 8
202297 38 100
153306 48 166
162122 39 140
71900 56 17
75145 46 100
179791 36 160
149831 35 31
94814 41 101
140890 58 20
119763 38 147
72473 34 6
7083 36 114
173737 40 67
211241 26 83
57689 35 93
193687 39 105
10375 54 171
18832 23 164
126889 50 46
4461 57 109
47763 46 73
198854 50 160
157216 49 126
6880 46 147
195324 37 105
184141 47 94
199647 60 74
87015 66 91
185082 43 79
60227 64 5
148212 35 125
182572 64 112
128069 28 20
97357 49 167
158445 35 105
165354 52 5
120206 47 68
118036 57 7
103133 34 109
6351 46 37
27274 34 12
161734 72 29
90461 67 135
902 40 114
10 43 6
150149 66 128
163984 60 123
216414 54 152
68411 48 149
18515 35 22
18529 62 103
113072 37 11
177230 62 17
38293 50 45
12484 53 112
192257 20 155
115875 50 75
148114 18 145
64405 60 74
64207 43 112
157304 60 102
218019 49 74
5858 54 74
40099 53 82
86164 56 42
196505 33 10
185212 55 93
143290 43 127
776 38 65
102172 33 151
58581 45 83
115988 44 45
138427 64 70
18964 65 106
40571 47 47
131913 57 13
44652 34 63
70485 39 171
131411 47 101
172131 51 28
162537 49 56
158615 47 73
209484 37 15
18133 32 77
87207 51 18
152374 49 153
51135 61 69
16602 36 78
97965 40 84
36155 67 29
146593 40 56
82956 37 93
107236 31 42
140867 50 122
144669 26 45
180551 36 53
219412 51 95
8782 49 32
36547 32 28
15720 20 153
70843 36 81
16508 59 165
85746 46 94
38280 41 67
199028 48 121
21904 38 8
216181 70 8
167749 49 5
15100 63 138
185054 68 170
27538 17 12
46075 43 94
160648 56 144
19506 34 125
44197 42 0
26087 39 40
82270 41 167
74379 59 90
80075 45 101
143049 44 55
138674 67 83
81200 30 37
58279 64 29
149535 63 113
44184 35 74
100697 24 72
193781 41 150
55018 53 25
61669 26 73
76831 43 165
149104 29 155
94774 51 138
99904 38 31
216114 28 107
16651 39 158
204856 37 171
104423 62 136
192534 47 71
166988 63 83
114010 36 123
9281 40 56
50852 65 46
125484 25 1
50733 25 15
9650 62 83
175021 50 45
91613 40 43
130641 47 85
44035 66 41
180953 15 37
133089 64 57
2489 37 6
39563 61 104
148196 34 114
81977 38 15
13500 29 67
9511 42 28
80268 39 36
28985 45 23
852 43 20
162883 15 165
6344 18 134
93562 56 144
164105 28 6
34569 45 29
91265 38 27
119512 26 91
44801 50 159
15479 22 131
155252 31 28
63404 61 155
203280 64 43
34787 65 14
171414 34 150
174250 28 93
142325 23 17
164348 37 130
16217 62 49
55107 33 148
103179 50 106
118184 45 116
133232 39 6
20563 23 11
205688 61 134
21727 27 147
141242 40 81
167985 50 98
56164 32 6
210075 69 143
83438 32 73
82849 33 151
66774 62 75
35650 29 114
119955 33 114
19314 30 134
13882 29 83
65419 37 165
207512 60 153
26102 59 43
126 55 105
123317 42 6
148903 48 130
127176 44 81
216712 39 100
166531 33 10
162220 61 43
118657 32 11
7833 39 43
192929 52 142
144228 47 162
110587 57 0
37876 51 168
23577 45 104
12004 26 146
133669 31 6
114828 58 18
120347 37 135
149233 29 24
128045 32 55
57613 33 45
27606 64 68
86014 35 6
192047 36 31
164820 27 127
155476 46 43
30850 63 55
659 45 99
192936 57 32
86775 40 103
151806 64 91
154059 61 82
61511 49 121
98997 33 56
35987 71 58
125698 34 99
211257 36 108
175350 27 109
136031 51 150
83137 35 114
14783 50 97
73789 42 160
43986 42 103
194137 65 139
203337 24 67
33287 34 150
197865 42 119
194072 42 168
74731 64 120
208380 30 109
102193 38 82
41507 37 20
146073 44 139
100150 32 86
214248 45 98
110546 31 30
56521 30 93
7710 48 102
129670 36 107
207344 66 149
111292 44 148
