108895 16 2
37055 34 10
122986 48 1
208007 56 4
133878 57 2
171342 38 4
141018 57 1
18675 49 4
72046 40 8
33190 39 6
170899 26 0
16502 45 9
68346 60 6
111546 24 0
101447 57 10
193683 48 2
137799 48 2
137625 46 8
75251 38 4
213289 44 6
198276 23 2
70975 54 6
154565 36 1
102472 42 4
202794 39 3
117063 26 4
95856 28 0
97557 30 4
202673 35 0
55867 48 2
134864 62 8
192222 52 1
63749 47 8
101238 70 4
151580 53 8
117753 20 1
34360 44 3
86670 46 10
79186 40 9
127374 42 1
55029 34 2
54884 41 7
52444 30 7
113770 23 7
196591 54 4
181010 42 1
53996 53 1
195282 49 4
97712 29 7
184382 36 3
184642 52 5
17456 41 2
129454 39 5
92616 26 0
86752 60 3
70924 47 0
100248 56 6
97695 64 1
53778 46 8
150519 41 2
39495 25 7
137618 42 6
25465 32 10
177106 47 8
214835 51 0
66208 37 8
51715 54 7
220818 43 2
91706 36 2
129623 37 3
84843 44 1
65475 30 1
160399 56 6
133125 37 4
14896 60 4
3477 60 7
200262 66 8
1873 38 8
192721 51 4
7324 51 0
12785 59 0
95046 29 2
69605 67 1
88280 40 10
176596 34 2
33141 40 2
27412 58 8
145899 32 6
139361 58 3
77729 30 1
112836 37 6
110017 26 4
75934 42 7
214809 37 1
116867 41 6
14319 44 2
154085 54 8
86713 52 2
19921 22 0
95484 15 2
159936 41 10
156260 39 6
201893 43 6
179778 51 2
46227 59 4
176632 46 1
84938 42 6
26301 56 6
27778 45 6
77856 35 6
92490 47 2
127896 40 7
183818 45 4
191920 54 4
133893 47 10
34198 51 7
164829 32 4
82347 35 9
89607 30 4
25412 35 0
18650 55 4
65804 34 2
62809 49 1
169428 64 6
208937 31 6
328 40 10
5488 54 4
4007 61 10
182413 26 0
126739 69 6
72888 41 9
173803 59 2
211631 40 6
27380 65 5
160266 56 1
196938 54 8
61399 48 4
101165 42 1
191432 38 4
101204 51 9
171079 52 6
178812 50 0
148146 44 9
82805 58 7
143048 43 2
88201 23 5
78567 49 5
134022 53 5
153263 26 6
11910 46 8
213517 27 8
137403 47 2
123558 50 4
2562 65 7
39789 51 0
204153 54 2
6223 44 4
93501 50 2
42808 23 4
81859 42 6
66415 66 2
39631 23 1
181322 39 0
140854 42 5
161389 55 2
131399 65 1
129429 42 2
196734 56 1
115918 55 2
61814 54 1
37710 58 4
62827 27 1
136865 37 7
15049 30 2
36344 62 8
185986 46 7
174252 30 4
23125 35 2
25607 29 9
61428 38 2
191756 27 1
208637 37 10
209043 65 6
141409 27 0
168132 52 10
61642 62 4
60987 35 4
36685 43 5
209305 49 6
219961 53 0
81247 43 1
58276 34 4
66189 44 6
160520 24 4
124839 62 2
25754 36 10
147544 26 8
59810 72 1
21638 21 7
33770 37 4
47792 35 1
93418 42 7
116044 38 2
218588 15 7
194230 45 4
69598 69 7
13349 31 6
59794 27 2
61106 51 1
31700 29 5
51087 24 4
13720 32 2
126478 36 0
76579 43 6
21000 50 6
146075 67 8
62581 33 4
188809 45 4
90870 27 1
34807 50 7
113211 71 8
128006 27 6
48764 47 7
49624 43 8
201995 61 4
9325 59 3
198232 55 3
26758 45 4
61085 35 2
21849 70 5
38410 51 4
108222 55 0
27298 43 6
197564 60 6
55446 57 4
26036 40 4
125929 49 4
51312 33 8
45234 25 6
195797 32 2
98558 47 10
156336 37 6
59718 51 10
77672 33 4
134587 43 4
162011 61 3
147021 51 4
167045 64 4
86856 30 1
125221 55 6
144804 14 2
214791 36 6
181625 23 2
217972 24 2
57536 48 4
38137 56 2
17147 32 10
24203 66 5
17536 61 7
171744 38 10
169287 51 7
123894 43 1
67272 54 7
178692 56 3
164612 47 5
171220 50 1
146251 35 6
56838 28 2
205387 32 4
85940 48 6
20579 38 7
73976 35 4
28995 47 3
41517 54 4
8622 44 2
9284 48 6
2404 40 2
109669 46 0
8012 58 5
185004 36 6
118676 44 3
11363 51 4
117909 39 4
51473 25 4
2846 61 3
99531 16 2
141343 45 1
120637 44 7
135736 69 5
141370 15 4
211275 47 1
213583 54 2
158883 31 10
137787 59 7
135678 25 0
150447 31 1
189500 44 2
127838 31 4
145225 36 0
165499 64 4
113742 22 8
19262 30 4
61189 24 4
47093 43 1
212135 67 6
37050 55 10
142056 53 7
123143 41 2
183262 47 4
42306 42 2
155010 52 5
12963 47 4
142722 38 0
219468 33 10
220451 50 4
13426 47 2
43766 56 2
23788 54 4
198226 34 4
56734 51 6
64674 68 4
105829 59 6
143737 32 2
218918 39 9
183175 33 10
75746 72 1
23617 26 1
97698 37 3
153329 37 3
103191 27 2
49152 58 1
127596 30 10
88182 38 1
117131 42 10
44331 23 1
166518 51 10
123004 52 6
211180 31 4
214261 38 1
25317 54 7
53948 38 8
186830 58 9
109631 52 7
31976 46 7
202002 27 6
173435 21 2
179346 59 4
172506 28 2
44361 37 2
197243 60 9
106465 49 0
53491 70 4
207315 66 3
198651 31 6
124595 44 10
14972 26 1
130066 60 2
141726 54 7
83844 43 0
89106 38 6
98936 36 4
81199 39 6
13311 38 10
200539 44 1
48862 55 4
11602 36 9
82255 43 0
77716 57 8
214633 63 7
23155 45 4
135445 55 10
26149 27 6
216428 25 0
48551 25 2
81238 44 8
179569 61 10
76703 51 5
174640 61 1
109903 43 6
6936 16 4
196366 23 6
88501 45 7
84135 36 4
88360 54 5
21793 42 9
184222 35 4
74588 50 10
106160 42 9
183396 35 1
216622 33 4
28192 58 4
214978 59 3
28908 42 7
84312 45 10
164294 56 7
58707 65 4
193079 63 1
184559 51 9
30965 31 2
171277 46 7
191680 67 6
140103 55 1
41850 30 9
48065 30 6
119200 23 0
14086 55 2
133509 42 10
181130 64 7
196396 48 6
192926 33 2
121699 55 0
135284 70 3
185541 66 1
97570 43 1
122961 29 4
54045 43 9
91860 46 6
173152 54 2
68973 57 4
42123 43 6
191128 25 1
158043 59 7
79769 55 6
177802 65 10
174496 46 7
75107 36 6
152829 49 10
142973 66 10
107061 32 9
29162 24 1
78724 57 1
91552 51 2
14897 41 10
29364 52 6
215035 61 3
176090 37 7
13539 29 0
23124 32 4
106478 47 10
7622 29 1
126678 28 6
39739 35 4
63888 56 4
160693 54 1
49684 53 5
88837 54 7
210331 50 8
97492 46 9
150145 27 6
126023 27 0
171643 26 8
58447 18 4
168732 69 1
161833 55 5
65378 50 9
215950 56 5
210876 60 9
74874 50 1
185386 54 1
122656 29 9
34294 41 6
53856 54 10
175010 70 1
206843 38 1
13220 35 10
202075 64 8
84433 25 4
175193 41 0
49250 67 0
178450 48 8
140794 35 10
92012 43 2
165643 41 6
196679 64 4
173720 55 1
219121 33 7
100866 30 2
214251 38 9
42665 38 5
62698 28 8
44714 50 8
170040 43 6
111053 52 4
8866 56 5
189551 44 2
103947 56 7
38183 58 4
114050 45 7
93701 51 7
77123 42 2
184432 44 7
21391 52 6
106815 52 6
24121 41 2
51866 62 6
70344 46 1
33390 35 6
76934 25 2
7149 54 8
56027 44 9
204014 43 6
3773 57 3
110299 61 7
141355 43 10
123235 37 2
130011 23 2
24468 35 2
109622 35 2
7423 35 9
206596 57 9
201221 35 8
83033 35 6
41279 53 10
164081 38 9
125994 33 2
180917 38 7
202925 58 8
104446 50 10
165050 50 2
30828 27 2
196767 57 8
138371 40 6
171708 32 0
134142 32 7
96506 56 2
50402 49 5
217243 51 10
213761 46 4
36616 62 6
113082 57 0
76413 40 8
202290 54 6
19526 27 2
177787 59 7
142447 57 6
62994 43 4
51412 54 7
6228 39 2
89695 54 8
12865 22 2
110434 36 4
185416 39 6
114875 37 2
180536 19 2
176220 45 2
205780 49 4
196636 38 0
113336 42 1
170493 42 9
169318 50 5
214552 35 6
66622 42 8
27389 45 6
125001 45 6
112122 46 4
116759 45 4
15882 37 0
219648 58 6
50626 43 10
219591 40 7
114544 39 4
31980 36 4
32103 69 5
106059 50 1
171438 19 0
20613 65 9
1616 62 5
3341 42 7
30760 33 8
180413 60 7
192041 55 5
208278 43 4
53757 59 6
150630 38 4
174017 36 2
31493 53 7
18693 63 3
218667 34 6
182421 35 6
42639 50 4
71337 29 4
89045 66 7
182874 69 7
7082 53 1
122552 36 2
60374 58 4
131878 20 4
164774 35 9
32924 30 8
213916 38 10
12404 38 6
74165 27 0
174285 27 2
215099 26 4
144278 46 2
94857 46 2
17616 45 6
55875 52 5
64769 43 0
207389 25 2
129440 23 4
187831 48 2
218222 27 0
163250 32 8
128768 29 2
133914 46 3
177836 56 1
58751 53 4
39740 31 10
123616 56 7
206280 72 3
68789 60 8
45836 29 1
65852 58 10
200897 35 2
2855 49 0
127921 61 4
204075 30 2
101244 43 7
126370 64 7
201347 29 4
189200 34 2
214719 49 8
47689 54 6
56202 36 9
3158 25 0
104748 24 3
22166 31 0
183992 24 2
3816 40 6
112354 44 9
82994 47 6
132555 38 0
8779 27 2
119364 47 4
61943 44 4
135882 64 8
180293 52 9
215144 56 4
13869 46 1
64734 64 0
64544 37 2
167916 23 2
56530 61 1
32676 47 2
219104 51 7
141724 38 10
135856 59 7
126655 26 6
97981 41 2
119159 40 7
34802 41 7
180731 25 0
61997 60 4
89714 65 6
197042 48 7
99982 36 4
39965 43 9
158140 31 4
60232 23 10
176897 31 2
44454 55 4
157618 37 2
190602 49 8
77170 41 6
170210 56 1
188181 44 4
33721 18 0
101672 52 8
208305 55 2
64564 39 1
33354 30 6
64062 25 10
10756 47 6
41545 45 1
2678 36 2
155149 35 4
155313 48 1
177149 41 2
133915 36 10
53771 23 7
98169 59 7
101063 53 2
61712 44 6
104632 38 8
79166 61 3
154180 31 1
26926 37 4
2230 47 6
176482 24 4
586 31 6
43996 33 4
206206 53 9
346 38 0
119509 55 1
18480 61 5
148069 49 9
17463 24 2
198450 31 1
170513 70 8
36026 36 3
101451 40 4
112933 44 2
206326 66 5
182181 50 6
197811 49 1
189446 35 6
82264 56 7
18866 51 3
202968 33 0
187401 30 1
198419 52 6
155655 64 3
17145 42 4
31033 52 5
68481 44 6
139951 46 6
44587 51 2
142390 32 10
192711 38 0
195455 51 1
90682 25 6
106472 28 0
32028 36 3
167589 33 10
2925 63 2
173747 30 1
213875 41 1
47991 34 2
14419 38 6
154508 24 1
46389 28 6
198233 23 1
180127 19 4
90189 45 7
162665 49 1
216864 50 2
33559 43 6
6133 48 9
173860 39 3
47412 57 1
13821 38 4
28916 48 4
69068 40 4
110971 34 0
51996 29 9
157106 31 10
217566 41 8
199549 45 2
79582 16 2
22414 24 6
22343 40 7
192161 43 4
181740 42 4
113456 50 2
118469 43 3
128009 44 9
212434 37 7
17691 38 0
186780 49 4
131634 45 8
15388 35 4
147431 58 4
64716 35 1
202855 26 0
26280 32 4
69953 47 4
175625 37 4
120351 36 7
174559 46 3
164892 34 10
73035 41 4
74697 55 10
103032 54 0
210967 32 2
41856 40 6
62419 26 6
124064 70 6
8204 56 4
194312 53 4
168552 41 8
87006 32 2
44398 26 4
205856 50 3
201690 43 4
20256 24 4
95133 26 3
182323 55 9
99730 44 6
156520 68 8
157859 55 2
158947 61 2
195133 37 8
144223 53 7
213329 71 3
203319 50 1
117487 26 0
159932 40 2
198436 29 0
23900 57 4
70309 54 4
93399 48 4
166579 36 10
66223 46 10
64418 38 3
160597 36 4
171535 41 10
105272 34 1
137130 28 4
198914 47 4
115614 21 0
163453 28 6
213067 64 4
92558 59 10
128183 48 1
58113 38 4
57580 71 6
179872 31 10
66288 36 6
37157 50 4
139192 21 7
92911 22 6
66758 40 6
159864 61 6
196184 39 2
163164 53 5
189317 33 2
27316 33 6
34438 38 4
8575 49 10
153441 35 4
122126 41 2
56470 35 2
89818 47 7
37897 35 1
127679 67 8
199550 58 4
59100 54 1
90143 29 5
41849 53 2
209159 67 3
51090 38 6
153626 67 3
35919 60 2
144602 35 0
32607 64 4
201292 58 4
183865 49 3
204599 38 8
48248 60 6
140607 34 6
180496 40 5
102639 49 8
64820 50 6
205225 43 10
142263 41 7
46839 29 0
188332 45 4
35256 45 6
50630 44 6
123155 51 7
216961 31 5
133867 52 8
58336 32 6
131776 20 4
54148 57 8
64179 13 0
116384 52 7
70799 34 7
176938 57 4
135883 33 6
145681 35 1
200688 27 8
87125 40 4
77979 69 8
177784 63 8
109137 29 2
174136 58 8
216251 61 10
116825 33 1
39761 68 2
138458 42 10
115360 50 3
119734 25 7
61734 41 7
169105 27 0
95672 62 1
3932 41 1
164460 48 0
193354 46 10
86001 70 2
128429 47 0
45585 34 7
145068 56 6
211598 57 1
37025 56 3
139516 50 9
104700 42 4
21184 46 4
78692 64 4
120406 64 9
6347 65 6
214272 59 1
72145 43 7
183529 33 4
155597 33 6
47320 29 2
2378 61 9
160914 27 4
125263 46 6
61745 55 9
28014 51 10
98640 53 7
149447 63 7
68341 31 8
157510 41 6
58698 28 10
51277 49 6
171598 62 8
9815 59 4
187288 32 2
3205 31 2
29319 25 0
64778 65 5
123848 34 4
116482 37 7
132587 57 8
75942 50 4
161615 37 4
110924 42 7
158391 34 0
11677 31 4
31284 57 4
137837 53 4
9838 39 8
91284 35 2
218285 56 10
88512 53 4
36039 42 10
37347 46 0
76233 32 2
102353 55 4
115783 48 4
71465 51 6
109972 32 6
119881 51 10
122875 62 6
33864 47 10
45840 52 1
103486 37 10
39743 41 6
93805 37 6
42683 34 7
194279 30 6
215842 48 6
37320 39 7
137232 28 7
11474 52 4
193722 37 6
46944 30 6
198897 66 9
112356 25 0
156124 45 2
47608 36 2
12653 41 6
127255 24 4
109529 37 6
170237 58 6
38199 65 3
82709 43 6
164436 55 8
196325 34 4
26819 37 2
172695 40 6
117536 36 6
23482 49 4
44967 39 2
107836 26 0
143417 34 6
170155 37 4
47064 45 6
168197 34 7
212783 46 8
49744 41 9
141924 52 2
211551 53 10
16444 32 4
53749 39 2
87537 43 4
170419 56 10
124918 40 0
146234 44 7
189882 23 3
23190 62 0
86829 42 7
139878 47 4
23605 34 7
153996 32 6
133737 51 2
204583 30 4
210694 39 6
123578 46 2
145572 34 2
138739 62 7
119802 41 7
170821 63 3
177550 33 4
135486 51 10
37735 65 5
184221 34 2
30893 50 6
53977 49 9
167500 43 1
54139 63 1
186432 36 2
45252 58 7
54509 47 7
89499 43 0
188745 44 7
189683 66 6
159627 40 8
21931 49 6
93494 51 4
18482 35 4
193897 59 7
125088 47 4
121950 62 6
54158 60 1
34301 35 7
126870 51 6
198625 47 8
127652 45 1
86119 50 1
173911 51 9
169178 36 0
155221 42 0
45757 37 2
61191 48 0
143447 34 4
52583 37 6
133640 53 6
154827 45 7
118347 30 0
3917 34 0
7617 43 4
76893 24 8
167115 47 2
168789 55 2
113929 43 2
43822 41 4
80695 53 6
32681 32 10
96711 33 1
81830 40 6
52400 17 8
213881 34 1
152456 61 3
103652 21 6
52412 34 2
62998 30 4
195072 51 9
109015 49 7
71350 51 8
63380 28 4
139142 35 4
175385 35 4
7405 47 2
169234 34 6
208002 41 6
73753 50 1
143209 34 2
70215 31 7
81750 45 5
175152 32 1
57105 56 7
160053 48 1
94117 38 2
196846 34 2
50406 65 7
5948 63 3
181869 36 7
22814 36 0
132566 28 1
200547 38 10
132374 36 1
102952 60 7
205973 22 8
82036 27 1
53330 42 9
124684 49 1
217609 42 6
128644 64 9
13549 25 10
29808 36 0
192815 42 10
71079 23 7
134710 43 2
67121 58 1
56971 45 5
102596 29 4
159930 61 0
31949 45 1
4681 55 4
13960 53 3
171482 51 8
121164 47 2
31495 38 10
55248 58 5
139466 35 4
60419 39 0
157792 47 6
122466 64 6
147674 53 4
68925 50 6
195598 47 4
204358 63 6
93035 61 2
165338 41 10
212238 50 1
107693 31 7
135444 45 9
193050 44 4
159070 31 2
10204 33 2
178737 30 2
62780 32 0
31406 37 5
106241 65 3
187437 35 6
203457 43 1
32873 49 5
174564 59 5
90204 34 2
129695 27 0
24676 54 1
203161 46 2
127916 24 2
904 38 1
7359 30 4
191668 23 4
65085 32 2
20678 43 4
131626 51 5
68800 34 3
132851 25 0
165727 54 2
117726 19 8
212142 29 2
63247 67 6
129966 30 2
32253 31 1
62614 17 4
190381 55 10
102757 37 6
96051 37 1
212422 44 9
102516 40 8
189670 53 10
165802 52 8
94221 49 8
14997 37 8
19928 57 1
7749 65 4
16155 28 0
125303 66 6
64161 63 5
215228 59 8
197558 31 2
118322 62 0
203499 48 0
97341 29 2
210249 44 2
146041 19 6
204591 43 4
217763 46 8
154855 39 2
215452 30 6
115283 29 5
191463 43 2
20094 37 6
28885 18 3
98513 27 1
22774 47 2
88493 65 6
80235 30 4
93509 44 4
13160 50 1
52362 42 2
28851 29 4
130441 27 4
46116 42 10
9910 41 2
107040 66 5
156181 33 4
19861 30 4
142761 48 6
46082 39 2
34528 29 4
81795 43 10
101674 57 4
216570 52 5
166985 56 9
206084 36 8
126695 54 8
121336 37 5
116498 35 0
108084 53 7
77193 55 4
83042 46 3
73881 49 4
54818 45 6
217155 35 2
207037 48 5
116441 44 8
105754 66 7
203164 35 5
217998 33 4
54293 57 7
134608 49 9
167110 41 4
195129 67 4
61653 63 5
217339 28 2
177898 36 1
184730 49 0
17721 31 6
42353 36 2
60671 51 5
36301 48 9
174509 50 8
161428 49 1
167867 29 3
61043 33 0
60398 37 6
47140 47 6
145971 35 8
188955 37 3
198174 38 3
98887 69 2
197134 43 3
53445 62 7
8889 55 9
3581 32 2
219183 58 4
163088 60 2
132195 37 1
39674 65 9
69404 42 0
101952 60 6
189661 38 8
9989 27 9
119088 35 5
56079 43 9
202069 28 0
7334 21 2
178873 52 6
125859 35 4
79790 28 0
49105 27 1
77603 40 8
149898 25 8
176962 29 2
124496 27 0
133450 58 4
130419 37 1
183691 70 9
77821 54 6
182112 51 6
44370 47 4
124069 30 6
18857 56 0
126727 52 2
7308 47 8
183164 31 6
159609 43 3
164415 45 8
51767 25 1
121710 23 5
14318 48 7
164940 26 4
198382 49 10
134981 36 6
110829 40 7
137091 66 6
35511 34 10
113986 56 3
121284 61 4
54460 34 2
162048 29 0
124621 32 2
69193 33 1
175407 41 4
213546 69 7
207350 36 4
106684 45 8
199717 60 8
203915 42 5
97688 58 9
10304 45 7
130015 37 2
138523 51 1
9001 36 1
164912 34 2
145838 34 0
3015 45 6
160827 28 2
77998 59 6
19420 70 8
130734 34 1
215825 45 2
38667 39 2
197234 30 1
189533 44 7
2520 45 9
47943 51 4
55288 32 8
156091 35 2
43777 69 6
122554 31 1
147655 55 8
163296 37 9
216147 43 8
51636 63 7
112262 36 1
61671 40 0
200565 64 6
21708 38 1
90450 40 6
25039 38 9
84909 43 4
189808 25 2
120256 59 1
167892 21 10
156979 32 4
77301 34 0
201382 40 2
170492 27 0
175998 30 4
167209 65 6
122876 50 2
1555 45 9
200712 38 6
62347 31 6
20973 55 0
204168 68 9
45345 59 9
10487 30 6
21643 54 1
21463 44 9
170792 46 1
29664 36 2
183298 65 7
78838 36 6
34900 31 2
91066 38 6
132095 34 9
184671 24 0
800 41 6
126922 52 6
61609 38 4
150487 55 1
98153 39 6
72976 15 0
130869 32 10
202422 35 4
41570 51 3
17851 45 1
149594 24 2
219602 35 2
152336 40 1
208854 31 4
206223 55 7
91711 33 8
206293 33 9
171855 44 8
192320 63 4
85264 58 4
145354 31 0
211994 57 8
71395 44 8
191025 34 7
153034 63 7
41449 41 8
143662 40 8
32585 30 0
112502 52 8
41268 54 2
202552 44 4
193121 30 6
9032 60 1
80466 35 2
175033 56 8
23501 39 2
67537 49 7
147465 46 8
117509 37 4
201458 64 7
79436 39 5
140193 40 6
125250 70 7
213143 38 1
95764 51 4
5793 30 10
110975 71 3
197430 49 8
50558 59 7
89969 58 6
205412 59 2
132516 37 6
203881 39 6
71887 70 5
39661 26 0
163953 47 7
9291 46 6
214203 29 2
203941 44 2
137776 36 4
128087 37 4
21626 24 0
170847 39 10
142162 37 10
166618 42 6
54696 24 0
171610 29 2
13129 20 3
201937 69 5
141219 25 6
216786 46 4
135611 25 1
15806 50 7
132347 58 7
193832 26 4
208424 28 6
184876 31 2
105961 27 3
124109 51 10
138440 29 0
219227 29 4
138342 46 1
41087 48 6
200989 60 5
149656 52 6
110310 35 6
35895 59 6
31263 29 2
136108 34 4
132640 30 0
125389 61 4
174596 45 8
67949 51 2
70728 52 2
113570 32 6
17370 62 9
26056 48 1
82535 47 4
167364 48 3
48851 69 9
130149 71 7
95951 35 4
58552 16 1
6162 42 7
219306 39 2
85922 47 1
154122 30 2
130382 36 2
131868 26 4
80115 30 4
34466 23 0
119458 55 2
20905 52 4
87072 25 0
23100 35 6
78591 49 4
141288 39 6
10917 41 10
63827 59 8
170427 56 10
149105 58 6
10725 57 3
48998 40 7
91963 46 5
84367 25 0
64250 40 2
128881 25 7
92741 70 4
60160 46 1
212178 35 2
64892 45 6
158706 48 2
48870 32 2
90146 47 10
83722 55 4
99138 30 6
89867 55 6
105530 46 2
37931 67 8
202956 45 1
34729 48 5
46831 17 4
91875 63 1
187034 39 2
59192 64 5
102784 34 10
60022 43 7
24454 65 4
172300 57 5
191345 59 9
41088 34 4
42996 55 9
66388 41 3
203692 26 0
155710 50 4
93110 30 10
206956 54 0
123730 49 6
116904 48 1
101785 31 8
156521 32 6
211615 28 10
21723 60 8
206600 60 4
55842 36 1
7759 44 2
147845 39 4
105505 42 8
108818 62 9
87516 47 9
216369 39 8
53462 32 2
90280 36 4
170705 66 3
207186 23 4
120765 43 3
192880 16 1
200807 44 2
117744 42 2
3335 35 2
53130 40 9
176238 41 2
156648 46 10
218213 59 4
141762 37 4
78293 35 1
199624 37 2
117312 40 1
48050 46 9
4057 33 10
150716 25 1
194401 51 7
26914 42 2
123158 21 0
6989 51 1
157280 40 1
30066 45 6
175576 36 2
508 42 7
105520 21 6
155777 39 6
174270 53 4
84597 38 4
91636 51 0
175346 54 7
193643 44 6
57750 47 0
121480 54 8
149077 42 8
167397 39 0
192605 66 3
51071 51 4
5434 32 2
128473 29 8
99326 28 2
56023 40 2
75645 50 2
167991 63 2
113870 31 7
17861 63 1
53189 70 2
178077 43 6
196593 42 7
92273 53 10
207106 35 4
188536 41 6
67479 39 10
50840 28 6
150445 19 4
112269 72 3
127169 36 4
73420 18 10
195458 44 10
13974 39 3
138015 32 0
209737 36 9
57041 21 0
182887 41 8
92677 36 0
124795 56 4
151162 66 4
113915 27 10
42022 25 7
185384 32 6
173313 43 1
34625 52 4
84269 65 8
66660 57 10
95169 50 2
104544 70 9
2233 23 10
159774 27 1
217398 51 8
99695 40 7
165596 32 6
30130 35 7
163845 35 8
81584 69 0
107663 31 2
89814 48 2
44774 30 7
1193 52 6
9285 42 10
181339 43 0
181237 48 4
38447 37 1
97113 49 6
21076 23 2
178776 22 0
64436 39 2
204143 38 10
199264 31 0
168172 43 6
66943 43 4
176081 54 3
128621 26 4
205316 44 2
125308 41 1
9907 37 4
66337 50 4
82402 25 4
57252 56 8
132233 42 6
61306 29 0
116500 40 4
136296 57 6
80250 28 1
209431 35 4
187708 53 2
209796 30 6
1641 47 6
88402 47 10
123058 38 2
112479 45 7
118161 28 6
62670 38 10
90040 54 8
181796 52 2
72786 45 1
202572 26 4
140438 71 3
192091 28 2
190917 47 10
87000 44 9
880 43 2
124492 49 8
70670 63 5
135020 64 4
176368 56 8
30336 55 6
199548 62 8
91777 30 8
26894 56 4
195319 66 6
49797 32 4
156261 55 4
155704 41 6
186694 26 2
130984 27 0
24827 30 6
49467 43 6
107144 45 1
53865 20 4
136872 43 7
53464 24 0
15934 37 3
129709 31 1
73755 58 7
5944 32 4
169418 34 1
32116 40 2
149154 62 3
26110 19 0
110019 46 4
20280 49 4
208433 58 4
64221 54 6
17585 40 0
167107 40 4
42256 38 2
169338 55 3
83707 49 6
184722 62 9
32088 33 8
187952 28 2
115282 24 7
11090 28 4
187506 23 8
6535 32 1
45126 58 4
84532 26 0
13267 29 4
189690 46 9
47397 42 6
177128 40 6
30616 46 2
99123 48 2
150476 50 1
207055 40 6
26572 45 7
127529 47 2
125731 49 1
10874 34 1
72691 40 7
79748 27 10
153368 71 7
16647 41 8
96802 45 6
72249 31 4
19898 60 5
10374 55 6
47116 51 4
167561 37 4
182623 64 9
59116 49 8
114141 37 4
166993 22 9
201030 56 0
207479 36 6
5696 36 1
182067 30 4
44023 54 4
203558 42 4
179781 33 2
96426 49 6
29833 17 0
7304 56 2
150339 52 4
48601 44 10
184619 55 1
137664 59 10
148950 39 2
152258 26 6
58877 62 3
20984 62 9
89687 39 6
68273 45 4
50732 58 9
197489 28 4
176291 30 2
102532 32 4
143162 22 2
78910 37 2
148035 55 6
196241 53 1
17483 43 1
93920 54 9
159603 36 4
165349 58 4
132496 35 6
16351 55 8
190273 52 8
2567 48 2
28343 27 4
210374 40 10
155904 34 1
105755 53 7
34581 39 2
440 46 1
13371 36 2
84469 20 4
15940 49 6
11040 27 10
214782 38 4
48018 33 1
113288 42 2
163284 36 4
164501 46 4
57656 65 7
44711 51 2
31468 43 6
37662 57 7
201680 30 3
188670 56 4
146474 29 6
36769 52 10
73466 34 1
174409 54 5
39771 57 5
50 21 0
176383 31 4
162604 56 2
202521 67 8
117794 27 4
158240 27 0
197145 44 4
47993 70 9
77038 48 4
200454 62 4
159725 38 2
62184 24 7
107354 28 0
176837 43 10
182858 34 0
201412 52 7
162626 66 10
179302 38 10
207266 10 4
117539 42 8
22833 44 2
190 49 9
91058 35 0
12978 31 2
120983 66 9
69924 53 4
212500 40 4
158238 59 0
35856 25 0
174826 32 4
64591 43 4
87682 43 2
150293 46 9
49020 54 7
129975 62 3
45742 44 2
119556 33 2
170281 37 6
30160 50 4
81543 34 4
25722 22 1
180245 33 4
194425 15 7
120165 48 3
197295 48 2
141191 45 4
69525 52 1
86657 43 2
15366 53 9
130229 64 9
187184 31 4
138189 27 1
113839 45 2
167735 54 7
33765 49 4
129742 25 8
3801 44 5
105717 35 1
208874 30 6
192903 43 8
215402 60 3
89060 50 2
9229 52 8
150770 35 2
155235 31 2
175694 66 6
73568 50 7
211201 49 6
55931 42 2
71525 61 4
97783 47 4
17689 35 7
206358 31 4
176809 27 4
116588 35 2
41011 26 1
42480 20 1
204957 36 4
182979 26 4
218408 52 3
71360 52 4
51724 55 6
7279 36 4
57557 40 7
92944 27 6
30275 66 10
125687 35 4
90290 62 4
111541 56 4
76740 58 7
2295 36 0
175749 43 8
39775 27 4
68681 55 7
144423 29 10
36809 44 8
99301 44 6
138732 33 2
62959 50 9
199892 69 4
56983 24 0
219534 49 2
8985 38 2
193385 26 0
52163 40 8
200887 37 4
162784 35 5
79539 58 7
71235 31 2
167782 37 2
35219 67 4
144876 52 8
123448 29 9
37929 47 0
3952 48 4
121964 51 3
94399 32 6
182525 40 4
164328 26 10
55967 25 6
178933 33 6
116606 40 2
155038 20 4
141755 69 3
64768 39 4
148815 43 1
4764 65 9
55985 40 0
24569 34 1
41106 57 4
124691 35 1
176555 53 5
97559 51 1
209467 43 7
37656 47 10
31965 51 8
74664 39 2
127594 37 4
209239 62 8
118074 42 4
10623 45 6
64723 50 5
45472 48 4
174172 50 3
102069 35 4
49485 36 6
69053 63 7
172367 34 2
44555 61 5
86750 23 3
120276 52 8
43484 62 4
101246 34 7
186857 39 2
171796 29 2
81212 40 6
123455 49 2
201506 51 1
39744 32 2
86291 62 8
45841 49 4
40611 33 7
16717 48 8
193503 57 8
196218 21 1
90262 46 6
150388 41 7
12409 62 5
112265 31 4
167285 54 9
207605 41 3
174498 19 1
109509 42 9
208619 41 2
60922 68 3
2493 66 9
184618 41 6
14970 36 6
28310 47 4
147105 36 4
127050 50 1
24524 57 5
131420 32 4
147168 37 4
29721 30 4
12527 35 0
77388 46 3
212291 71 3
104868 42 6
73271 35 6
99560 34 7
134994 30 1
56221 20 4
214755 37 1
53476 51 3
158825 41 4
25907 53 0
123877 36 2
203959 33 2
137993 45 7
140447 62 5
13206 32 4
189387 64 7
184635 56 1
130633 49 4
213460 54 1
136385 55 4
2913 33 8
110838 28 2
72763 45 2
10718 43 7
148712 58 7
98274 37 6
208123 25 4
110773 23 1
64072 41 4
31747 64 8
64260 44 2
19774 36 4
130228 43 2
161253 28 5
117403 46 10
17762 33 4
115632 50 2
47885 52 4
138980 60 1
135413 18 2
179002 45 8
155042 31 6
206239 55 4
72024 41 2
215150 20 0
66507 30 1
211833 32 6
155790 57 9
156732 55 6
176715 30 2
9631 53 8
188037 65 4
212056 43 9
80459 45 2
139091 28 2
126808 34 8
115254 37 4
199904 55 8
101233 35 2
74496 61 1
207099 46 4
81780 35 7
80807 19 0
140634 27 0
39311 45 1
153843 29 5
59382 49 5
177533 41 4
152441 53 10
28210 67 1
85180 29 4
24013 58 6
146124 44 8
178795 68 6
94386 51 6
90081 47 4
105960 31 7
30291 41 9
10785 40 4
201674 47 2
126909 54 4
13218 58 8
33289 29 9
156836 39 8
42147 35 10
22076 64 5
206839 36 7
78512 38 10
78490 39 6
196640 47 4
157770 58 4
8278 33 6
148577 49 8
32921 61 4
187850 45 5
150649 54 2
195259 30 10
199802 51 9
162627 47 1
106496 65 5
47153 31 3
18235 52 6
26063 61 4
31919 48 7
18897 57 8
176101 63 8
206324 65 7
197825 19 4
78779 41 0
29994 40 4
40774 48 6
124228 29 0
184971 26 6
104842 38 4
162433 35 1
64553 38 2
151336 35 7
167566 48 8
154101 44 0
71391 27 6
70310 56 8
163968 47 7
61466 36 2
56886 60 4
134749 39 4
216470 32 6
39079 52 7
47889 43 1
108124 57 4
107085 36 1
191358 61 9
143555 45 7
45622 30 1
116436 32 7
35366 38 5
110378 45 9
158863 41 2
31830 29 0
186014 33 1
40122 29 4
8512 37 4
77105 37 3
67187 53 1
170981 39 0
36090 35 0
153721 28 2
20607 31 6
25102 57 6
7658 36 2
142428 39 6
18361 34 7
214418 47 8
175431 42 4
28244 39 5
63273 30 4
217448 47 4
157998 42 6
107900 30 4
73241 23 9
160258 28 0
59052 43 2
99216 20 4
37969 44 2
110240 39 1
16488 48 1
208674 57 8
58274 57 8
10859 41 7
32911 19 0
179253 69 4
93444 45 9
205432 69 6
196747 36 3
112909 40 4
106586 58 4
177619 40 2
88105 42 6
156955 47 1
50046 32 0
83639 37 2
135032 32 6
7707 45 2
116634 64 7
175422 51 2
208751 57 4
98089 39 6
3162 23 2
122154 44 6
22330 43 7
159926 44 1
141137 61 4
89437 34 1
211703 63 8
163476 40 4
90986 65 6
96613 29 0
31236 40 6
184564 35 1
1910 33 2
160313 45 6
169106 55 4
4087 49 4
56650 21 2
136947 65 6
152823 39 2
41147 56 2
62017 40 8
201758 27 7
209833 42 4
166329 39 1
150518 52 1
161544 47 2
141099 36 4
17251 30 2
177916 44 8
167262 31 1
97934 50 10
23698 35 2
186776 48 1
65670 58 10
54815 54 10
132102 37 1
189077 41 6
216937 52 8
83381 46 10
174134 37 7
6687 58 7
208803 48 2
41617 26 0
151734 52 9
1597 34 2
204565 39 1
71396 47 4
168341 39 4
60722 32 4
8546 25 2
137067 36 1
124890 27 4
96434 67 5
165788 54 4
95068 43 2
194727 20 3
118244 43 2
154041 56 4
62337 57 1
60435 67 0
2043 44 2
73816 38 0
113651 32 6
217750 47 4
147044 28 0
59750 41 6
22638 31 1
104552 43 10
6070 55 7
214853 40 2
17812 44 6
171268 41 4
54258 41 4
210736 42 4
54654 46 1
84797 44 6
201246 57 9
111653 59 4
168188 49 6
165203 35 4
176732 29 9
185674 51 5
118273 50 8
37538 62 1
42440 59 0
18652 36 7
163489 32 1
93798 60 7
74826 38 4
160328 66 5
95678 37 6
8456 53 1
63053 45 4
765 41 10
138519 47 0
67061 58 3
76761 59 9
107696 35 8
81804 31 2
47549 47 0
141317 42 1
7437 23 9
113405 33 8
199839 40 7
47944 61 4
125993 46 7
184682 24 10
124602 42 9
95093 47 6
83435 64 9
202899 70 8
89390 41 4
66590 64 5
98193 42 2
49703 54 9
86203 44 9
15232 40 4
211287 51 9
32224 52 5
76920 31 4
114833 46 4
206592 30 6
216020 38 4
118815 66 9
190778 41 6
139948 19 0
172086 31 4
69644 38 7
29969 54 4
200537 46 2
128238 69 8
54804 33 2
129098 66 6
22517 30 4
114043 49 6
32880 65 7
33824 49 2
63331 38 10
46641 40 6
191159 43 6
4624 68 4
130038 57 5
206040 38 9
47169 43 6
118126 59 4
212136 36 4
149754 26 6
210079 24 2
114478 47 4
136731 50 7
89195 48 10
145459 54 6
16940 46 8
36797 70 9
116690 28 7
79013 21 4
122857 37 8
189429 66 9
28643 73 4
44629 24 1
192187 46 10
218637 49 3
71068 42 8
176995 48 9
23244 21 9
9366 38 4
95056 37 7
77878 26 4
71423 60 7
198996 50 2
22189 56 2
26134 48 7
1936 27 4
220100 72 3
131877 28 4
4273 65 4
127766 51 3
174902 34 4
11172 32 6
185220 35 1
186402 38 7
70360 47 1
80212 45 10
48047 40 9
45330 32 4
138646 39 6
218541 49 4
167969 25 0
49234 43 4
134688 44 8
95975 46 1
63848 53 4
189421 46 7
166418 60 3
45405 43 2
214381 65 8
62130 60 2
163195 30 4
25923 33 4
2911 49 5
150613 38 6
169041 45 1
12368 25 6
149774 50 2
108476 44 7
125077 33 2
166179 54 4
90255 61 7
103379 62 4
141344 38 4
153402 40 6
131855 38 4
51416 15 6
213651 48 4
138003 44 1
185103 38 6
97992 34 3
138752 31 1
57436 53 10
215527 28 2
152995 37 1
81647 49 8
75295 24 1
99446 44 6
40670 34 8
37271 15 7
38662 38 7
83224 54 10
189890 46 2
193696 64 4
28105 49 6
13766 24 7
80443 46 7
218844 47 0
120210 28 2
177933 27 9
36573 24 8
153025 31 2
145341 44 1
50890 43 4
107362 28 10
81822 35 1
128712 40 1
126619 46 5
220542 53 7
98137 59 7
108518 53 0
81609 30 2
19466 43 2
125296 43 8
85451 44 4
77627 55 1
11346 61 0
11567 25 0
218889 48 4
211966 34 10
126284 28 8
173312 59 3
166022 35 0
82626 39 4
172475 54 7
38593 60 2
67778 60 8
45375 39 10
61022 62 9
44974 26 2
149781 52 10
145623 35 8
103979 42 0
124144 40 4
107440 23 0
104104 28 2
195820 61 4
115319 31 2
18376 43 2
35770 60 8
43812 63 4
85960 58 4
212454 45 4
107956 47 4
10266 53 8
186063 29 6
214648 28 6
20020 39 4
179433 60 4
179338 47 2
56159 31 2
91228 51 1
82422 38 4
175035 52 7
44092 50 6
45333 38 7
80580 38 4
63224 15 2
136040 65 4
109289 45 10
172690 47 1
107877 50 0
118304 54 1
46589 51 2
202020 44 4
194981 50 4
54344 30 0
68467 48 4
198951 33 6
1259 39 0
102915 40 8
155573 49 4
32638 30 4
104510 31 6
90659 23 7
121157 34 4
162285 33 4
58753 45 9
194588 60 2
216227 50 1
61497 32 2
187526 53 7
190573 59 2
24679 37 2
136279 47 0
36010 34 2
128286 26 6
110593 45 7
59610 32 4
101448 32 4
28745 60 4
3259 48 4
209443 28 0
25060 60 4
1063 18 1
134322 51 8
57247 41 4
186575 32 0
196498 61 7
84249 36 10
126871 56 10
102533 35 0
27045 49 6
167821 33 8
37667 29 8
150 45 6
144218 46 10
170989 63 4
180715 29 4
61455 44 6
12713 49 7
207444 53 4
154117 37 1
171863 42 4
45397 63 1
17247 37 4
143251 50 10
57650 42 0
86059 34 4
12255 45 8
85411 47 2
13048 29 0
195340 25 0
13579 52 2
198618 30 2
21053 19 2
213121 62 4
104806 54 4
77679 56 3
162297 49 7
202231 27 2
3599 24 4
50201 43 2
37940 21 6
64187 17 7
147760 59 5
53381 45 4
137096 45 6
32959 40 0
112368 46 1
65861 57 7
98172 54 4
80191 35 2
64285 44 8
10881 18 2
197118 44 6
151047 32 2
102942 49 7
173372 30 6
71883 51 2
219117 72 5
80878 47 7
150991 52 6
143592 47 0
194673 61 4
188405 43 6
142946 45 10
214328 37 8
126134 52 4
116090 44 10
106396 44 4
204276 23 0
188213 32 4
4248 38 1
170421 35 4
165169 39 2
81002 45 7
140812 32 2
9967 47 9
92192 42 7
92415 51 9
19991 27 4
102313 31 10
120154 22 6
206157 43 2
175701 59 6
186924 42 9
17962 37 0
137839 27 2
22454 33 9
93471 43 4
51736 37 4
134996 25 7
152462 51 2
135168 28 0
216463 70 1
53860 40 4
182877 42 6
133229 39 4
25834 58 10
180291 35 2
95708 41 2
151414 41 8
99264 42 2
213420 66 5
213753 70 6
108254 53 1
69281 26 2
5237 20 7
149074 40 1
113730 53 5
66971 40 2
13039 44 7
190799 55 4
13507 35 9
27302 36 6
159370 35 2
177811 42 1
186688 49 2
192840 32 10
77860 48 10
200164 60 4
147381 26 8
117477 26 0
90787 42 8
164327 32 4
78934 47 7
120403 44 6
34818 37 7
18889 68 10
114948 62 8
55489 61 4
71777 29 5
192505 37 6
198867 54 2
110732 39 4
8177 58 10
196377 54 9
205252 58 3
23554 40 2
94029 43 2
65114 55 6
146647 55 1
66791 35 1
217999 26 6
200908 43 1
94849 45 8
75643 35 2
103209 60 6
110198 54 8
129468 44 6
111729 28 10
156933 50 2
132755 52 7
51686 31 2
198457 57 9
15116 59 0
192412 27 2
194619 33 2
174396 48 3
167945 50 9
184807 55 7
174071 38 2
208819 48 4
204261 42 0
46191 69 7
23096 64 5
25262 43 0
63214 27 2
81737 49 3
151065 18 4
142470 32 7
46935 29 0
219361 37 1
43275 43 9
139292 41 0
10924 41 4
17737 32 10
186122 41 4
139761 54 10
132978 34 1
66281 29 5
171336 48 4
198381 40 10
172498 32 6
142827 53 1
68927 43 8
150849 57 4
97652 51 5
154547 51 6
92905 52 0
51691 54 4
14338 29 10
58627 27 0
93018 51 8
51836 73 3
204624 35 6
77167 29 9
102937 33 2
17478 54 1
115583 35 10
86332 30 1
167204 30 1
198610 25 10
80162 44 5
5389 40 4
186994 54 7
210137 26 3
11680 34 7
80141 26 1
54384 46 7
196444 39 4
90225 22 2
69067 41 0
139893 28 6
143631 66 5
38366 46 8
91899 49 7
90041 49 1
99222 38 2
39723 56 3
2649 34 9
138012 31 4
172008 37 2
87886 49 1
163557 42 9
40224 42 2
185937 63 5
208390 37 1
164160 24 0
146229 36 4
93287 47 6
82990 35 0
35725 42 0
75551 26 4
147960 47 6
23882 37 1
191352 44 1
92759 31 2
48504 39 4
163941 20 1
78849 39 6
207228 32 8
77461 32 6
81662 45 8
57283 39 1
24280 22 1
158076 53 0
152506 36 9
42276 52 4
29794 30 6
62153 43 8
81416 46 4
141108 52 8
188993 45 10
173018 37 4
163394 38 10
24065 23 0
118735 67 2
163883 31 7
120092 71 6
120679 29 2
156244 49 2
197648 49 2
102735 32 2
18371 46 1
134556 43 4
33986 64 10
43683 38 4
16811 53 1
214555 39 2
80855 42 0
85146 48 8
6494 32 6
206725 47 6
109865 16 4
97194 32 4
36743 35 1
185542 41 4
33171 45 6
102088 42 6
63357 38 1
38833 37 4
110784 43 8
32507 26 4
194375 23 8
118444 44 2
206170 17 7
18360 31 2
131799 61 4
69348 44 8
157534 66 5
82400 31 4
66309 42 4
58802 56 6
24586 34 7
27255 34 1
165422 68 6
146469 53 2
1353 64 5
41070 45 1
45304 37 2
117239 26 1
169666 40 6
168082 62 6
88577 24 4
114867 48 8
119746 38 9
29702 37 2
108249 30 2
218021 55 4
57424 45 1
96033 18 1
209896 27 4
166345 35 10
70258 42 4
1689 42 2
131435 45 2
75245 40 7
120645 45 7
57024 54 6
78301 37 4
218514 29 4
90964 60 8
80661 45 2
93705 45 6
133836 26 2
24178 51 4
11063 45 10
59388 63 7
189111 44 4
71218 58 4
31590 39 8
181974 63 9
139952 27 10
13361 50 6
176092 55 7
40924 30 2
124711 55 8
199557 43 1
156584 60 5
139032 22 2
121346 48 4
119140 49 9
78893 43 6
86824 42 6
19181 64 7
196035 47 2
5595 57 7
108946 41 10
188728 45 0
204245 39 6
38363 34 10
18303 33 0
213195 30 4
209787 59 2
44833 20 10
80660 28 8
89855 51 5
8071 23 4
6999 53 9
19899 70 4
134856 35 4
58168 52 7
62734 33 3
12459 67 3
113927 37 6
87631 36 2
164708 53 4
13095 29 10
118133 53 6
10067 19 10
195087 47 7
203900 56 10
69204 50 1
101956 27 2
62243 26 6
168031 44 4
9537 56 5
216044 61 4
178984 41 8
18070 41 2
84733 20 1
197945 51 3
210055 44 9
212190 23 0
104766 25 6
145902 52 6
28290 61 9
91806 35 4
76406 53 6
176681 25 6
131126 59 8
121092 37 2
164283 49 2
3742 53 1
170718 44 2
162193 32 4
130083 49 1
179933 29 7
126381 39 5
21409 59 5
71748 35 10
18335 30 7
25176 58 3
42918 37 10
197095 54 4
188734 28 1
144434 55 2
160602 58 4
104355 31 6
192643 41 0
100307 24 2
72122 58 4
210269 25 2
121162 36 2
20308 66 4
217842 34 10
189553 44 10
169303 57 5
22071 30 2
153336 41 6
34817 47 4
126572 40 6
114786 43 6
214772 50 4
186223 30 6
103751 49 4
142557 35 6
116370 47 1
211676 45 1
202088 57 8
30776 53 8
79131 42 2
191459 55 1
9541 38 4
65460 39 8
61985 45 9
214103 26 6
160509 38 10
150916 56 4
53579 35 4
25840 41 4
44792 53 4
132572 58 0
78621 43 5
164145 58 6
41842 36 10
142931 57 1
123825 20 10
160561 34 1
39286 38 0
33737 52 4
15003 32 10
8289 53 10
82563 72 4
47868 42 0
117456 31 9
60715 35 4
50085 30 1
121645 36 6
147212 34 1
190446 36 4
167479 58 2
94250 25 1
50107 53 4
153542 59 3
161728 26 2
108962 37 7
207458 69 7
113674 35 10
128991 47 6
90249 31 6
69825 52 7
81978 48 2
113881 52 7
74263 30 2
81058 40 6
151842 52 6
100526 28 2
182597 50 7
71117 37 4
144206 48 7
39967 31 9
27306 21 4
93672 57 4
27046 60 0
84924 66 5
27865 69 3
138413 45 1
165347 47 1
187061 24 0
151434 45 5
135264 49 4
50771 51 2
198948 42 7
139812 25 1
54724 51 1
46251 64 9
135521 57 1
130746 45 1
101446 27 2
58658 43 10
170916 28 8
134618 42 8
133372 32 1
209269 24 0
186606 40 6
108943 32 4
8485 24 4
69973 51 6
202786 35 8
218619 65 7
2527 16 2
216725 50 2
52447 48 2
136735 50 9
176276 48 4
206529 40 3
78096 17 0
89906 34 10
61160 38 2
214355 40 2
22679 37 6
77715 45 4
154866 28 0
111675 49 5
164278 24 4
114664 43 4
4828 55 1
59691 55 4
135253 53 9
107563 38 5
191969 45 5
76178 44 6
185735 47 3
178527 25 7
20574 66 9
55109 49 6
40394 20 10
151297 49 1
77235 35 2
79757 38 4
184566 33 1
32327 44 1
170374 49 1
219309 31 3
2136 45 10
49476 30 1
68852 37 6
197955 55 4
127349 50 10
23050 53 9
194680 22 0
38235 26 10
11072 49 6
196310 39 9
17104 41 6
112297 41 2
51637 55 1
53403 39 7
86572 47 4
57556 63 4
193573 38 9
73289 66 9
159197 58 1
70566 39 6
60346 25 1
45797 38 6
176287 69 4
76681 61 5
151818 34 0
47809 38 2
66990 31 1
71237 32 0
99367 45 8
153871 48 7
51553 62 4
74184 30 2
147935 56 3
132842 38 3
65151 34 8
98989 48 5
63459 29 2
119986 43 2
69061 64 5
171437 29 1
198400 35 0
134762 30 4
195798 30 6
19776 58 4
160856 59 4
96807 37 6
131477 39 10
191167 30 5
121962 70 7
140797 25 4
107158 59 9
12067 37 1
67065 39 10
66873 35 9
74156 44 10
118428 38 8
10311 32 6
217302 42 7
103725 46 5
161355 43 2
22053 47 8
99003 29 9
39375 47 10
219315 54 10
16580 59 10
132375 30 3
164066 28 1
184286 57 4
25735 38 1
60235 29 10
62304 62 3
86787 33 4
118224 68 6
54954 61 0
212007 25 10
15485 68 3
199063 62 9
183011 53 8
116038 52 1
111551 49 7
1021 35 2
194461 52 8
87273 27 10
171801 52 8
32874 29 2
91937 33 2
31214 25 2
53350 35 7
72985 54 1
201938 46 10
112740 40 4
138367 66 7
104875 50 7
35329 36 8
150656 63 3
93608 46 9
198364 47 4
72179 61 6
82458 14 4
104438 18 1
50118 42 6
93896 46 4
12655 23 3
13483 40 2
190838 64 4
210298 21 2
48502 55 7
149608 29 9
189735 46 6
85208 63 5
149920 38 9
176337 38 4
98398 25 1
183580 47 2
111427 38 4
121587 50 1
175357 29 5
142341 36 9
58377 45 10
138589 41 1
178205 45 8
208672 56 2
46336 44 6
202474 55 7
217522 32 1
70294 51 2
135425 32 7
137486 31 8
67996 20 8
209244 54 7
14348 48 1
58232 50 2
216204 42 4
211125 31 6
29355 44 2
165371 24 1
75429 43 1
138106 59 4
210674 47 1
58068 32 4
193052 45 2
132507 31 10
175809 28 2
32031 46 4
137640 47 7
157068 60 4
175405 41 6
50440 44 2
89213 29 9
204718 51 4
129471 40 2
121631 28 2
169087 69 5
54970 38 8
141173 40 1
218378 51 2
142980 64 4
18775 54 2
185961 45 2
83275 46 3
63833 46 9
187201 48 4
218755 40 2
149565 37 6
171716 64 2
111330 63 4
147143 37 2
7184 29 0
80071 45 3
1251 34 4
98699 33 9
137472 36 7
102671 40 2
155240 70 9
10593 40 4
41503 46 2
74320 43 2
150596 61 4
120847 37 6
191773 37 2
196262 28 2
58005 53 9
214979 34 10
161145 57 6
161134 48 2
217857 66 6
151081 49 3
91235 56 7
218977 39 7
30770 35 4
7021 38 4
89218 52 4
188774 31 4
158099 68 7
200019 57 10
43201 46 8
124355 35 4
220537 34 4
81036 52 2
49235 54 3
23848 37 2
47402 41 4
67130 32 7
209982 37 6
5415 37 6
37549 50 6
104080 47 9
85852 36 10
147037 62 9
79943 58 4
161563 61 5
193936 49 7
211100 58 10
39414 40 2
31308 58 0
58429 16 10
52571 57 8
41190 56 1
204321 51 1
175890 56 7
151798 48 2
202460 31 4
43878 41 1
80134 34 8
88403 19 0
181887 43 8
179151 29 2
62307 44 2
38503 51 1
92225 46 3
12402 38 10
89306 53 1
98854 65 7
156147 42 2
186115 18 0
81555 29 2
110274 25 0
177734 39 2
1821 36 4
107695 38 0
203501 49 4
60778 68 7
61535 35 1
63250 35 2
119815 54 8
68162 25 6
139609 36 6
203792 43 4
4437 35 2
117316 60 7
186201 45 10
169395 35 6
150901 32 6
88520 31 2
52897 60 5
216834 50 0
146347 35 7
86056 42 6
66557 36 10
99334 36 9
201419 67 6
59250 68 7
195736 60 3
159426 48 1
120734 44 6
112549 31 8
10329 38 2
110748 57 4
152255 54 8
6689 44 6
45273 47 8
56332 44 9
162519 45 3
165040 35 2
114370 50 8
45586 64 1
85143 41 1
149772 69 5
98526 29 8
93830 48 4
194931 51 2
184868 57 5
123843 49 2
32295 68 2
103163 57 2
152207 36 4
26364 34 7
133129 33 2
109537 59 6
67268 36 1
62162 40 0
115361 54 6
112518 29 9
138927 28 8
28574 51 7
203175 32 7
10284 49 5
158289 33 6
51731 60 4
84014 52 7
23953 44 6
6090 27 4
215217 46 0
1032 66 6
121266 29 0
108746 45 8
122809 22 0
205005 25 7
57067 57 8
64202 62 6
32508 24 1
187961 59 8
59842 68 4
22535 39 4
152576 59 3
120345 41 1
101367 48 0
191133 31 0
71841 37 2
148902 41 1
191464 25 6
162747 47 4
24991 50 0
35471 21 4
45851 51 8
58161 58 4
55901 49 6
62622 38 2
195648 49 1
108681 33 4
115932 60 7
160312 56 10
33971 38 0
181380 34 2
152275 43 7
87153 59 5
188073 32 0
106040 57 8
99585 37 0
212229 36 9
109593 61 6
199168 53 4
192897 29 6
11296 38 2
172329 41 6
202467 45 2
167934 63 5
86802 34 10
93823 64 1
189884 26 6
60888 46 9
150763 50 6
94540 28 10
7550 41 1
145164 30 3
42437 58 9
11735 21 4
217257 46 10
65166 55 8
149172 36 1
62990 43 2
88970 38 0
145460 54 3
88059 37 4
211133 30 3
123778 57 7
161560 32 1
81638 30 4
75588 42 6
7465 48 1
215868 45 7
37362 30 4
108756 37 7
195503 28 2
13982 45 6
106524 59 1
97482 47 4
49330 62 8
59665 61 9
137287 51 5
150917 49 4
544 55 8
182396 66 3
30166 50 3
216096 52 1
156881 45 2
173038 39 2
27914 25 0
138864 39 10
29603 36 9
93395 29 4
113534 24 2
37629 40 6
125615 51 2
204939 30 2
149719 59 8
120614 52 6
15820 51 9
6922 56 1
120101 46 0
172450 23 0
120581 50 7
112828 24 1
70029 57 6
63027 55 6
192454 50 2
130833 56 2
180139 27 10
82872 38 1
24759 33 1
195500 47 7
67124 43 4
187954 29 7
106298 54 7
45958 30 2
102226 59 9
26404 54 4
170176 65 6
210044 54 6
8536 51 6
64107 25 1
124079 47 4
57355 28 0
153894 57 7
183813 65 8
52195 52 7
155032 49 1
119230 24 0
102368 67 8
17803 55 10
217800 62 1
128722 49 4
113582 45 7
28877 40 8
148789 32 1
22187 47 1
23625 46 2
158268 45 3
141615 57 0
158785 48 8
101416 51 1
31869 32 3
20981 31 4
202174 50 2
153465 33 2
84802 54 10
84832 69 0
197 28 3
11279 33 1
129839 64 7
200206 18 4
161493 44 1
55293 61 6
33555 52 3
180265 40 6
163644 39 6
153930 45 7
157693 32 6
36315 42 4
183327 55 4
200092 57 9
113724 39 2
153504 61 10
139824 45 10
199501 32 2
55084 42 8
115897 32 4
190684 34 2
154430 23 6
89478 39 5
207453 46 1
32604 19 4
46353 54 7
163686 27 2
49339 57 9
14247 69 10
130883 43 10
60413 43 0
145261 35 0
122640 36 4
29166 58 8
71361 42 0
148583 27 10
212407 51 1
200028 42 4
66478 49 6
134461 52 4
157695 45 9
85187 43 8
204303 39 4
107247 47 8
117589 30 6
66824 38 10
16095 29 5
197094 45 0
115777 60 4
158908 50 2
134116 29 10
92264 55 10
108741 60 8
99429 41 2
155159 36 4
185029 50 4
88574 38 2
35689 41 0
59190 41 3
89628 49 1
2037 33 1
204807 55 4
132031 34 0
52387 41 4
68518 61 0
1871 29 3
14328 44 10
164990 34 7
216987 54 3
95254 41 1
128838 37 4
143520 37 6
126152 63 1
1385 24 10
41355 51 5
12366 22 7
15526 26 10
125390 63 6
11955 37 6
37046 27 0
25027 55 5
22936 67 7
208490 36 4
10015 41 8
218762 34 4
204402 33 2
214452 59 8
217088 28 1
10709 59 4
34871 66 8
4906 30 2
214191 46 8
115502 56 3
128308 39 7
150449 61 10
92455 69 6
137123 56 1
50928 62 7
124384 67 7
15087 50 7
21728 35 9
165428 46 6
169494 37 6
45732 40 4
175650 33 6
168133 37 0
74365 26 0
140253 68 8
212879 33 4
124007 58 6
179950 54 4
163327 31 4
139033 50 2
131496 44 8
187000 30 4
213102 19 1
24346 65 4
40310 29 2
116733 49 0
175188 32 10
153190 36 6
182947 50 4
134360 61 10
33967 38 4
77389 38 4
163991 57 0
97673 33 0
106732 62 5
9245 30 7
156371 49 5
76535 48 2
206095 58 1
124990 35 7
137769 68 5
154615 21 2
138233 58 8
109860 56 4
184919 26 6
34026 29 4
90186 55 10
8933 62 0
218288 41 10
27384 36 10
13798 35 10
108912 45 1
102489 43 9
177045 62 3
18496 45 2
35580 35 4
188468 37 6
209942 47 4
216052 45 9
184284 50 2
132450 35 0
31160 30 1
185354 34 7
90136 57 0
157149 49 3
5808 57 4
67834 38 1
63367 50 10
110833 39 0
155345 38 2
213026 29 1
168567 41 4
195638 66 9
46225 37 6
7565 43 4
28878 50 8
135315 47 3
108162 37 0
165872 41 6
66411 51 5
131166 50 2
182659 45 0
13935 30 6
54811 44 4
186747 43 3
68967 34 10
183264 59 1
38186 63 7
185597 64 7
90246 33 4
164365 50 0
21367 34 4
44400 44 0
2039 28 1
54713 52 2
174703 53 6
182767 50 6
198824 31 4
42911 72 9
143124 32 6
67960 35 2
69962 33 10
76216 33 4
78431 61 4
200772 26 0
187038 48 1
152018 54 6
213137 42 5
77240 37 6
219455 35 8
197576 23 9
14113 31 1
6637 37 7
87486 41 2
1859 43 6
131482 34 4
47977 31 4
135530 27 10
143974 31 10
1187 52 1
78137 54 4
190585 44 2
49182 56 2
41933 46 1
38034 40 1
145241 62 6
106486 33 7
140462 33 2
213548 43 6
164241 32 6
32288 49 4
184045 55 4
115239 58 10
101468 55 1
21689 30 0
26440 52 9
65899 38 0
206447 35 6
122319 60 10
218466 48 7
107490 55 0
168635 59 6
128483 31 0
48294 34 4
161292 42 8
215522 41 1
71164 41 9
148286 32 10
32354 29 1
94167 70 5
84390 44 1
40620 38 2
86215 63 7
202124 35 9
152887 52 4
160548 61 7
195774 54 0
162246 26 2
154571 60 4
186633 37 10
68212 58 9
65175 54 1
136206 31 10
176047 60 8
48299 28 4
106009 39 10
31325 38 2
131501 43 1
148507 29 0
189450 35 2
20955 51 7
197568 41 8
78713 51 6
1365 44 2
141077 26 1
179489 34 2
1756 60 8
166283 43 6
46443 44 1
181282 31 8
54186 44 2
194128 33 2
110428 41 3
108682 45 8
179457 42 4
161704 21 7
70073 45 2
3096 61 4
3221 58 4
57560 41 5
67613 45 7
176763 26 0
200499 48 7
6752 34 7
20003 45 9
157669 59 7
77216 37 10
129252 40 1
218049 41 6
122320 47 0
211765 64 8
179700 30 0
110545 61 4
39546 60 4
36986 58 3
180220 38 2
102792 33 6
44028 21 1
151149 44 4
10143 24 4
142281 46 2
14196 37 2
76066 62 10
94424 61 5
118811 32 6
104426 31 0
65107 55 6
88719 33 6
207314 58 7
164691 22 4
84364 69 7
7146 34 10
71765 45 2
81660 35 9
25795 35 5
36045 58 6
76588 43 8
165294 48 8
147418 27 7
108533 59 9
4214 48 4
17856 65 3
52454 48 4
209057 52 4
212687 50 4
142472 24 0
207339 61 8
204879 42 6
35466 19 1
78803 45 2
179284 45 7
49165 60 5
91085 50 3
41629 35 3
82481 42 10
86058 64 3
73140 54 6
28015 44 6
142116 22 0
3176 42 0
79317 56 6
113209 65 4
186863 46 10
192741 36 3
112547 44 4
140528 45 10
31911 40 8
81042 55 8
95958 65 3
107064 44 7
19467 66 9
213087 27 4
155387 33 1
143556 22 10
51826 30 6
162429 60 1
201621 66 2
54583 55 9
80482 51 6
187771 56 10
83004 26 2
200224 36 4
87733 41 7
50669 31 2
26593 54 4
12705 41 6
214912 36 10
20266 39 4
128149 56 1
185711 39 2
171940 47 6
9010 43 7
174335 25 3
127097 67 4
94832 40 7
97800 42 6
77436 67 4
146952 54 8
173129 42 2
217726 48 5
166293 38 4
31663 59 4
34735 36 8
156832 54 10
47008 31 6
187338 32 2
75279 46 3
121781 45 2
214368 60 6
62215 42 8
18756 66 6
5631 28 6
58725 43 2
216537 39 4
98032 35 9
172050 44 5
52495 41 10
114472 49 2
110513 47 10
134291 27 4
103187 49 6
155356 58 4
109430 38 1
29411 20 4
119649 60 1
95075 53 6
27466 29 0
57647 30 3
116096 41 7
168881 39 10
63670 26 2
59408 44 2
38497 28 2
26719 34 3
110844 44 2
206012 32 7
6651 38 4
196096 55 4
212863 55 1
164654 38 1
116850 45 7
192851 28 6
112866 28 1
27613 50 4
177414 25 2
86842 38 3
184603 58 5
118477 52 8
95181 44 1
158286 28 0
53881 34 2
63353 45 1
77876 30 2
130037 45 2
138086 19 7
194929 32 4
111119 61 6
132293 37 10
198248 25 6
214765 40 8
38040 59 6
110589 47 1
90718 42 10
15745 70 4
82839 54 2
142845 39 1
199213 48 4
167950 35 10
131156 57 4
89632 63 2
92982 70 1
84220 49 1
75810 29 4
17452 31 2
102685 59 2
181462 57 7
99420 44 4
215062 51 1
101935 32 1
191052 18 1
11305 51 2
22520 42 2
129287 25 4
28163 31 1
204189 31 6
187747 67 4
131284 45 0
41233 46 2
167736 40 6
26551 70 1
50570 35 2
213601 29 8
4657 32 1
61857 28 2
15881 49 9
187557 43 10
120366 25 1
31161 49 3
146168 42 7
83405 47 10
109705 56 8
68185 34 6
210510 38 9
161895 42 6
214254 64 7
77669 53 8
18047 39 4
167734 46 2
93025 31 10
163687 24 4
63362 38 10
59453 25 1
168051 31 2
7342 50 1
68458 44 2
104427 45 1
195879 36 1
146756 64 0
48186 63 7
44536 53 0
188782 33 9
148706 57 4
69821 44 10
66403 59 7
113611 39 7
211082 64 10
129309 36 4
8200 40 3
167078 57 2
210617 44 5
94624 38 3
161468 31 4
126338 56 8
154710 60 2
134886 62 0
162534 38 6
190952 52 5
184332 68 6
89385 46 8
93885 35 2
122412 36 2
122841 62 7
172521 35 0
45893 50 10
19015 51 1
124702 46 4
147351 42 8
153805 53 3
103034 46 3
109286 51 9
159556 48 0
104861 47 7
98280 41 4
170346 30 6
39361 33 8
82938 59 9
52664 65 0
9397 50 4
40660 28 4
24915 37 7
23778 33 4
3345 19 8
129092 34 1
197554 42 4
35945 46 2
24496 46 1
87496 46 5
212049 58 4
45403 59 1
214564 43 6
210771 32 10
191220 33 0
39997 35 2
214870 36 6
213737 54 3
37090 36 3
23430 20 1
80001 30 6
162035 42 1
94622 42 7
157296 51 10
211649 57 4
10088 46 2
32908 28 4
90411 22 0
136221 45 0
88052 68 6
36804 29 9
87465 48 8
102237 28 10
106316 37 4
80271 56 7
50361 39 2
164135 38 6
207289 42 7
189420 67 9
136053 24 8
34832 52 8
137087 58 10
121333 47 6
4065 56 6
175255 26 7
164118 64 4
179263 32 7
35307 38 4
5613 58 7
28 53 5
102719 38 2
136809 37 2
101837 43 7
87215 50 2
172033 29 2
125414 40 6
20389 59 7
119471 39 7
1665 47 2
194296 22 4
816 53 10
132471 50 7
24536 34 1
126615 60 8
128021 45 6
37653 34 2
54421 58 6
168551 35 6
218983 59 4
117349 38 8
47074 53 4
108477 52 2
209622 49 3
192677 30 6
49532 60 9
49277 46 6
108648 34 4
48873 39 2
209851 39 0
184920 26 6
151287 26 0
177931 36 6
170485 39 4
87306 70 9
187600 32 4
146315 45 4
65188 57 4
145517 60 7
132835 63 4
142210 60 6
109690 58 4
150683 24 0
206981 46 4
106365 22 7
41217 29 8
85053 56 7
122671 63 3
122220 26 0
208636 44 4
203570 50 4
186291 35 2
197618 26 1
205556 43 0
3319 35 0
63886 39 2
193223 51 8
104336 43 4
126958 36 4
29768 27 2
216475 43 6
108676 32 0
171823 54 8
155996 41 2
188876 61 9
35208 40 4
74273 55 0
135800 36 1
176542 47 7
21818 62 2
31558 52 0
115804 42 2
103961 31 2
128837 50 7
87018 50 4
64537 26 4
58293 59 3
10578 49 8
58682 43 6
81657 55 5
212495 43 4
8329 44 8
20333 35 2
133638 40 8
164188 49 4
19214 59 5
61293 52 7
132192 27 2
128046 42 6
43574 35 1
137869 45 6
137290 64 3
70774 43 10
100411 63 9
83936 22 1
90120 33 2
36911 39 2
86348 52 10
111955 37 8
109312 59 4
207529 63 4
117952 39 7
173602 27 2
160797 45 2
9802 38 6
171543 30 6
217554 16 4
161844 40 10
10057 36 3
136917 61 10
217918 43 7
179118 48 8
32886 48 4
209703 33 4
68078 46 8
85977 54 2
140806 30 6
88287 65 8
130298 49 10
125988 26 2
4830 64 7
111237 40 7
156067 51 6
83863 25 4
69167 30 7
29264 41 0
693 43 8
154370 59 2
19936 42 1
56219 54 1
197901 30 1
195263 32 1
25398 36 8
123806 60 0
30431 42 10
69839 34 7
78658 53 10
15308 39 9
34698 61 4
12929 43 0
189129 45 6
125371 31 6
151906 67 0
49221 48 7
123847 45 0
114240 24 4
65967 53 2
179968 54 8
50305 33 1
42108 43 8
118497 36 0
79307 26 6
213151 50 10
154378 50 7
3562 25 6
142178 30 1
152645 43 2
51726 45 4
24669 51 6
20819 48 5
14126 32 2
48263 38 7
63974 27 4
208061 52 6
155897 44 4
26660 41 1
56468 47 10
180091 28 6
60781 55 2
123423 13 2
114455 51 0
59102 26 0
86655 42 6
69619 41 1
2783 40 8
199734 63 7
175550 59 7
75271 28 0
121643 48 9
20024 48 4
42450 36 6
141110 49 1
139539 40 7
95845 37 10
5262 66 7
24567 35 10
75180 35 4
136775 20 8
73030 49 1
69047 36 0
205021 61 7
194557 43 4
94639 37 6
33602 36 6
83621 54 7
67291 63 7
216829 22 2
27339 51 8
214611 43 7
61526 46 2
21035 34 4
50522 44 1
58992 45 1
113879 61 10
172746 48 2
130979 60 8
184468 37 7
96909 50 2
75624 43 2
65279 30 2
137264 62 3
59696 51 1
163553 36 8
137885 41 5
71018 62 8
175708 37 0
57148 43 1
48842 47 1
170960 48 2
181165 65 5
132838 50 10
192761 43 4
19948 65 6
101139 50 7
127054 43 4
102315 30 2
127556 30 4
169539 30 8
209127 43 9
138490 42 0
174811 51 4
188425 25 2
101731 37 2
176326 59 2
197840 45 7
143506 22 4
9788 20 10
208429 52 1
6907 33 1
181213 41 1
150138 42 8
196397 43 7
179324 48 8
130971 61 4
100876 64 0
26590 59 6
153479 41 9
66445 32 4
122614 57 8
180399 60 3
133750 30 4
174247 33 4
49654 46 8
152654 34 0
162408 37 8
183793 39 2
6276 55 7
28966 25 4
125125 61 8
106940 41 10
159076 25 8
206333 62 7
103848 57 7
88489 45 2
213710 62 3
114339 43 5
180511 49 8
17717 49 4
206229 37 4
37709 63 6
193261 35 1
53723 32 1
200534 28 6
187823 31 1
145250 53 4
195497 58 4
119948 55 2
40125 59 10
4682 61 9
196590 19 6
6363 41 4
196606 66 2
114624 37 0
183778 68 8
115600 47 10
10401 43 2
126034 25 6
156344 67 9
44508 28 4
121084 27 3
118766 46 2
211090 28 4
97661 52 8
91213 29 10
44311 34 10
78364 63 2
175469 37 2
5203 18 4
68836 35 1
160119 23 2
72742 23 2
161178 35 2
168547 48 3
154610 29 10
217777 57 6
162980 56 0
184420 32 6
125691 40 6
133740 64 7
27459 62 4
73638 57 8
187587 36 0
80198 41 10
161696 53 6
2937 29 2
202918 45 8
135165 32 1
159243 46 10
152735 52 5
38970 28 2
60969 40 4
62128 48 2
47957 25 2
220148 68 9
165469 33 7
12284 47 8
70278 26 4
17406 47 1
146716 43 3
13759 34 1
137712 29 4
117684 25 0
199675 33 1
94367 50 10
11132 61 9
208709 38 7
137161 42 4
199214 26 6
138555 54 2
92393 17 2
167633 51 6
139661 40 2
73361 47 9
115062 26 6
162666 44 6
211742 62 4
59302 50 8
148878 69 3
161741 61 6
68975 50 1
181558 43 1
10469 58 4
202450 29 4
16099 50 4
45876 34 1
72944 38 7
122343 40 2
112639 23 4
145418 49 9
36857 39 0
122919 49 8
59294 44 2
184279 40 2
217596 62 8
95923 20 1
217450 56 1
89239 68 4
172880 36 4
74303 30 6
72750 36 0
193558 42 2
178281 30 2
172168 32 1
100667 63 5
75506 40 4
142339 49 4
94626 48 7
16736 37 6
78470 55 2
169086 28 10
132334 44 2
141252 41 4
111619 56 8
146796 62 4
36652 56 4
119469 23 9
92820 54 2
101129 59 4
92417 46 4
86467 42 2
113898 52 2
86991 39 2
195413 16 7
74883 32 7
36408 39 4
129168 54 0
24921 27 0
29754 27 2
170746 43 8
26278 58 7
94978 34 2
91411 44 7
167353 49 4
42084 17 7
179238 37 4
160720 49 0
35228 26 10
219950 39 6
26958 48 9
144422 70 8
58254 43 10
208289 39 7
194378 41 2
39235 65 10
28894 66 5
123151 40 5
91217 45 6
138990 41 7
205276 44 2
119398 31 10
57173 56 7
192704 40 5
116490 66 5
81781 32 7
124203 47 4
10320 38 6
135327 34 2
45496 50 4
142881 46 2
196126 30 8
168718 48 2
161554 54 4
24845 58 2
3079 31 1
178152 43 7
145398 43 3
202808 34 2
125776 38 2
183922 39 4
41115 51 7
69947 39 8
28074 25 0
134484 47 1
170416 43 9
193645 52 4
8834 41 4
68905 34 6
35326 44 9
25373 29 2
3745 49 7
193411 25 6
213244 38 2
175468 29 6
48223 57 1
1536 45 7
19440 55 7
51641 42 2
5034 38 10
150326 28 6
37535 59 1
133146 58 8
32521 28 4
161087 30 6
146420 53 7
77080 50 6
182995 39 8
80029 27 2
55051 26 10
145168 64 7
111370 43 9
143304 62 4
118827 25 0
42503 35 10
49904 61 9
67527 29 6
200220 44 6
210985 48 4
61862 53 10
131862 18 1
35834 31 6
118697 46 2
217541 56 4
75779 31 2
63869 49 4
214621 32 2
13635 43 7
65794 64 6
24808 45 9
100128 47 5
88994 40 4
70764 33 2
92862 48 8
145193 25 4
182149 57 9
74943 55 6
102075 43 2
82196 60 10
109466 34 7
20112 39 3
179332 57 9
51845 49 6
125497 32 10
44554 51 1
161961 59 4
158135 65 9
131438 39 2
210458 48 5
81250 28 2
173089 66 0
218902 49 1
169437 50 0
122200 59 7
162668 30 6
200460 32 6
186258 43 8
108480 51 8
126856 37 6
69059 57 4
137028 57 3
125175 51 2
126394 25 1
13440 31 2
191639 50 7
31873 24 1
110566 54 4
27366 45 6
137260 51 7
90582 49 0
745 41 2
74317 39 1
4518 68 9
59366 53 8
134196 55 7
54074 67 6
85224 48 2
112101 52 2
194497 43 4
164895 48 4
103513 43 9
189015 30 1
168108 39 2
8083 61 4
66188 59 3
124575 61 7
13725 50 2
108952 41 3
75238 44 1
18912 26 1
208072 70 4
7053 33 10
111182 63 5
74866 42 6
130450 61 6
146252 32 2
125046 47 4
112382 30 4
23300 39 10
51166 36 4
7027 39 7
188360 30 0
156385 41 6
140053 43 7
204999 31 4
137476 32 4
184464 26 2
23165 49 7
47833 22 1
66238 66 3
79619 67 4
150574 32 4
200962 45 1
83551 61 7
58846 43 8
74095 56 3
218343 27 0
27203 38 4
72905 33 6
48307 52 4
204663 40 2
121813 26 4
45998 40 0
24288 61 4
17859 43 6
109640 38 3
164954 25 0
8527 55 10
195132 19 6
159454 58 2
196294 54 1
184021 67 4
37577 25 6
100958 52 2
85771 36 10
57872 41 7
110220 68 4
178213 60 5
105213 52 2
168114 35 2
114116 20 4
193980 59 7
48980 35 7
91328 42 6
166695 46 8
104321 50 4
43905 60 4
173400 40 2
111512 37 8
4495 22 1
75932 48 2
126245 35 4
7361 70 4
148492 64 6
132993 54 8
138090 22 8
209760 51 2
127118 63 3
132092 29 6
181770 33 7
181336 38 4
158092 64 1
40615 48 6
214083 28 7
48952 19 1
144737 39 4
167962 31 2
94378 47 0
27360 28 0
119217 31 6
10197 68 2
16022 31 2
128236 22 10
175038 57 0
19538 34 1
108652 30 4
84123 59 5
18716 29 2
130576 24 1
85254 37 4
48253 30 2
107015 27 2
26418 44 7
24597 36 4
105152 35 2
193002 47 2
199292 37 1
10615 36 2
8971 59 4
89489 35 4
81486 28 10
106741 43 4
125210 37 6
163146 50 6
50322 34 6
56117 40 4
26321 50 8
40824 51 4
151763 46 4
62605 70 4
95565 26 9
24765 44 9
120782 47 1
180955 34 4
94242 23 10
187876 64 8
44200 46 4
209873 46 10
163006 35 3
205509 41 10
203490 62 5
120203 29 4
38471 51 2
8193 70 7
55910 48 9
202944 38 3
51540 24 6
69102 53 0
200258 39 2
134728 48 5
40645 61 6
173183 34 1
194542 30 6
113893 31 2
97519 42 7
681 40 7
112074 42 6
208680 38 2
109893 36 0
149283 34 8
113831 36 7
47182 36 4
179519 39 9
196563 32 5
47338 53 5
140847 42 2
146270 65 4
37009 39 6
32714 56 8
81158 57 4
72788 39 5
70185 23 4
163510 59 2
17527 59 5
133591 57 8
115974 46 10
187482 53 4
113549 28 6
41630 49 2
10552 24 2
158308 68 1
4630 56 3
185791 34 2
5842 60 1
83815 37 6
62798 52 2
61199 63 2
197751 34 6
215416 21 10
20564 56 2
76201 45 8
25132 48 9
97150 37 9
143095 41 1
166491 29 0
158937 34 1
138190 47 9
183460 55 6
81736 40 10
150772 35 2
36828 35 5
194105 52 10
65889 38 1
23930 49 1
188901 47 1
109545 35 2
31776 53 2
178457 29 2
208217 46 4
178124 56 9
86576 34 4
37498 48 4
69344 48 4
181714 24 4
213270 52 4
149881 36 7
113490 52 4
204819 49 7
21055 28 2
220188 56 8
49391 30 0
3429 41 10
24945 27 0
165014 53 8
134510 44 6
136771 62 1
13334 39 4
76551 41 4
172753 50 6
138062 37 4
76211 35 9
192938 27 6
8142 46 7
167747 37 9
124155 27 5
49980 26 4
17831 31 2
126178 55 4
3303 37 3
179042 35 4
73578 20 4
216077 32 10
153317 42 2
66219 59 10
172665 47 8
11642 31 6
107351 31 8
72865 69 9
163608 50 10
188882 58 1
160363 49 4
164566 51 6
12151 41 2
10998 43 1
57917 50 3
164620 44 9
131780 50 10
60506 32 4
85686 25 0
183026 39 1
149019 46 7
215147 61 10
9184 48 7
121188 37 10
99561 35 7
172011 44 6
34669 49 6
186533 45 2
106916 12 7
7819 29 0
31916 29 6
205238 57 6
137666 48 2
61820 58 1
108794 41 3
211643 31 2
36134 43 8
76405 54 9
63101 35 3
111349 26 10
107556 34 6
186650 58 4
187633 46 6
125797 40 4
128898 63 5
112151 50 7
189803 30 6
213900 40 3
41944 67 7
73572 28 2
201305 48 4
220702 22 0
130426 40 7
80576 28 2
188947 49 7
133323 58 6
209634 30 9
7713 64 6
207681 51 6
32076 42 10
213008 31 0
40119 39 6
54337 36 10
146094 26 1
12296 43 5
130304 57 2
70442 38 7
126560 30 2
186106 31 2
141723 62 9
152341 29 5
37499 57 1
95757 24 2
32424 42 0
130531 53 4
14119 41 8
196368 37 4
116872 48 4
207925 62 4
149427 52 4
23227 20 1
65074 57 8
174373 51 2
50327 40 8
36354 57 1
209688 64 3
104897 40 6
21746 51 6
116 32 2
159209 36 4
138441 59 7
208391 50 3
103493 41 4
203919 36 2
72829 43 1
80508 34 2
80180 44 4
183434 45 5
41083 49 10
113808 61 4
75626 30 1
199461 49 6
129061 29 6
88611 31 0
71583 46 8
129795 35 0
120592 24 8
134646 37 7
23901 30 1
213093 34 10
193799 65 1
51573 49 7
122716 38 4
7574 54 4
97651 60 9
7557 45 2
140641 61 5
119074 41 1
181195 36 2
156976 68 6
69847 52 6
139079 45 8
179273 25 6
128194 55 9
39815 45 5
78280 40 2
20584 48 10
52910 59 9
77483 61 1
196065 66 5
129628 58 10
164672 66 7
14029 29 4
144231 40 2
42374 46 7
42697 23 1
19823 44 6
88157 37 1
141553 40 6
1752 39 6
57306 48 6
214247 42 10
214004 20 0
84436 63 4
25492 66 9
54608 36 1
182115 46 4
148012 62 3
41769 63 1
184224 42 2
184862 35 4
208494 58 10
14818 58 6
34366 37 6
165928 28 6
203139 48 7
84047 52 2
112923 57 6
70228 53 6
37650 22 4
188744 44 6
170838 35 0
166864 31 4
121739 27 4
1552 39 7
115071 25 0
160054 27 1
67237 51 10
162300 48 6
199082 41 2
54003 44 10
57090 31 10
13322 54 4
93439 13 7
164991 30 1
66792 60 4
109771 57 7
220176 31 7
1203 54 8
47493 40 2
60789 41 7
177437 28 6
3825 47 6
37617 43 10
211079 52 2
151396 24 4
35822 23 4
182055 28 2
215665 37 4
213689 49 10
177285 29 10
7606 22 2
110294 51 2
13516 50 1
165030 45 2
131121 64 2
9334 43 6
169683 34 2
85200 54 6
95804 64 0
200554 45 0
217493 26 7
201663 51 7
90797 45 4
147520 53 6
71076 53 5
79830 42 8
141701 52 1
185957 33 2
32694 40 2
115036 34 4
38456 42 2
29449 41 6
12544 63 5
213410 26 0
198260 20 0
207052 28 6
41381 62 7
4541 38 2
90905 32 6
213829 68 7
165521 38 10
160570 55 6
142449 33 8
22890 36 4
35375 39 1
144393 51 7
193754 38 8
24024 44 1
27452 55 8
54031 53 2
205656 48 2
10549 32 0
134256 61 3
57082 37 0
81187 36 0
53633 39 10
148580 24 2
34719 42 4
11678 53 4
104505 35 4
199867 54 3
6144 51 1
198379 30 1
141986 38 4
46757 36 2
120748 24 8
153310 35 9
99520 35 5
199868 40 2
31138 38 4
131823 30 4
156036 59 3
185670 67 1
107763 50 10
63901 35 2
118144 30 4
96752 47 1
171108 49 6
202052 53 1
137076 38 8
172362 66 1
171641 29 2
42761 52 1
117788 26 2
97944 36 4
217231 41 2
62018 40 4
154596 51 4
129617 70 7
94309 40 4
179091 29 9
191144 56 6
85035 48 7
183579 27 10
81643 44 1
110442 28 1
2357 36 4
112333 33 6
61214 43 0
11774 17 7
187619 39 0
173270 31 0
196186 39 2
205427 44 6
155754 50 6
146823 26 7
205660 33 6
33896 56 7
64783 60 5
113710 51 6
40678 44 9
141661 32 6
131136 42 0
50423 29 1
65171 54 6
15290 46 1
213236 25 0
197498 36 9
146321 44 4
75496 42 3
165546 32 10
14288 35 4
18820 34 2
11439 53 4
16699 27 8
121902 64 4
53837 47 6
2457 41 9
219978 38 2
108051 42 8
144298 33 2
124272 48 8
71539 49 6
170864 51 1
35192 47 10
196843 58 2
179310 28 2
21867 51 2
26057 32 1
15703 45 4
133098 41 4
188353 35 6
8031 32 2
3112 40 10
99008 19 10
9904 36 2
54571 17 0
110390 42 2
171721 59 3
1740 65 4
36159 50 6
102988 55 6
50000 18 7
202689 46 5
48659 35 6
122901 41 2
96655 37 4
56457 42 7
169029 24 10
140776 46 7
63794 44 7
12925 20 2
144848 48 7
176610 23 10
22495 51 6
128349 18 6
184589 46 6
43555 46 2
99711 25 0
207694 48 2
11464 60 9
73151 42 4
108765 37 7
205759 46 4
16658 48 10
145432 32 0
20137 52 0
173436 42 10
48633 23 4
24442 54 10
79616 41 7
27998 39 6
5357 20 2
193983 52 2
84069 42 10
44737 46 4
92644 22 10
52065 65 4
20755 45 4
118131 46 0
28227 30 0
115656 43 2
138743 31 1
160628 56 1
5128 44 7
131577 45 7
86180 59 4
181991 33 8
32839 35 4
84313 49 7
213767 31 8
62179 34 7
11484 62 2
115275 43 8
206189 33 2
22363 43 6
193281 59 4
111315 30 5
111988 38 4
161995 32 4
148971 61 6
136399 45 9
164389 26 1
132435 40 4
191297 39 6
205341 56 2
151259 25 0
82305 27 4
128558 39 6
171043 38 2
101815 70 4
33464 35 4
97831 43 0
123872 42 4
87774 67 6
135175 51 4
53251 34 8
120599 23 6
42692 34 7
113325 56 0
33127 26 2
62305 41 4
137108 61 0
20670 21 2
145130 15 0
157835 52 2
124920 42 6
125585 31 2
86826 43 0
173215 63 6
44793 48 10
175829 56 4
14415 25 6
147458 25 2
76432 30 2
16154 49 0
5610 26 6
170541 31 4
190809 53 4
185977 56 4
215826 41 4
49653 45 4
101038 30 2
66185 55 8
123197 31 4
117084 38 6
11900 41 6
109099 46 8
160162 56 5
66110 72 5
56351 41 8
206883 42 1
171479 35 9
2270 46 1
66045 58 10
29002 38 2
127859 43 1
32600 28 0
75483 35 7
92727 54 10
3200 41 3
74910 56 7
15531 47 6
135840 40 2
144488 56 7
166196 35 1
98599 55 7
184793 36 1
95690 48 2
180289 53 7
147695 45 9
166959 65 6
203854 29 0
198395 42 4
103974 44 8
90156 37 6
14347 36 6
24575 44 8
148015 33 4
12035 41 7
85002 54 1
38967 59 4
190100 38 0
163329 34 6
59368 15 7
71809 27 1
220434 34 2
115243 25 1
18714 36 2
37721 39 4
141679 44 6
36528 18 10
142207 46 2
69534 38 8
202233 57 5
101049 25 0
82334 58 4
25610 61 3
160346 49 3
32704 47 6
79466 33 2
184776 61 8
190368 47 6
122789 55 8
186577 35 4
139413 34 2
150258 33 8
180226 28 4
122112 31 2
53933 55 1
38044 37 6
81749 64 7
163281 61 5
35061 33 10
138729 37 1
130244 29 0
128704 50 6
192319 23 0
125943 53 7
184015 30 2
18699 55 1
83825 68 1
169527 37 0
66216 42 7
209483 20 7
82429 41 10
64392 32 1
75689 39 1
185432 31 10
204181 45 8
173082 49 0
206787 63 1
165553 29 4
125512 58 8
103673 55 6
105049 31 4
108702 53 7
13264 55 7
211949 58 1
176113 29 0
214114 37 0
153351 43 0
8595 42 3
93633 38 7
138237 53 7
97422 66 6
8313 26 1
93047 38 2
8253 38 8
54505 31 1
157159 36 4
114547 31 2
4278 58 4
208204 45 9
205447 59 9
138676 35 5
179620 24 4
38876 46 2
19817 37 6
91563 52 1
219285 31 2
87555 49 2
1412 59 8
119625 68 3
159194 46 4
141866 35 2
159968 60 10
199772 30 6
90523 39 0
32330 45 2
2131 51 6
130870 25 2
218941 44 6
154514 56 5
161939 40 5
195872 52 4
188225 32 3
13878 59 9
62567 39 2
20743 65 4
86043 36 2
8579 41 1
133945 25 2
167224 28 9
111911 50 2
40465 36 6
171663 43 4
176862 41 6
65354 35 1
216352 37 4
196278 35 1
192525 25 2
42453 45 0
47814 44 4
111347 55 4
61156 60 6
25006 28 6
120481 35 3
148447 41 1
131075 23 1
176806 32 0
55072 70 1
37850 43 9
34033 39 4
94986 16 8
24046 61 3
111915 50 1
70423 24 2
17996 44 2
146548 19 1
213229 47 2
112185 45 6
127387 36 0
11400 60 6
112884 41 5
110303 32 10
46481 36 8
217332 27 3
54007 18 4
138784 50 6
101742 27 2
1311 31 4
14205 18 7
61567 45 6
186504 28 6
206085 43 4
97415 20 2
96356 48 1
53147 45 4
17274 45 7
177560 42 2
4763 45 6
86211 53 6
190391 47 7
153789 62 5
46546 33 4
55355 31 2
172708 67 4
195434 35 10
119584 64 5
185771 60 3
79448 37 6
48802 27 5
91642 38 0
196094 37 7
170575 44 2
20434 40 4
2410 30 8
187394 48 4
33817 33 7
113514 30 1
138340 37 1
91580 39 1
11566 52 1
31906 40 4
113632 40 2
61923 61 9
59637 28 4
115041 45 2
129629 61 2
191853 54 4
35559 43 4
169312 39 2
65664 56 1
117149 37 4
45409 35 2
199436 53 6
105253 49 4
22421 69 9
187376 51 10
30858 43 2
109056 49 10
198561 45 8
86798 40 2
176887 60 6
87129 40 1
195264 49 8
101872 56 7
113194 60 9
101493 35 6
84049 45 2
176956 39 5
48292 42 1
91052 34 4
169980 43 2
196276 54 8
178678 33 4
49393 36 6
152850 49 8
21683 39 3
191365 45 4
16051 56 10
213402 48 2
214934 62 7
13975 52 10
8684 69 9
217496 52 6
49606 31 4
174127 41 4
73666 46 7
163385 35 7
133634 45 10
191611 47 10
71545 52 1
132210 35 1
216184 47 4
78081 56 8
42233 40 10
153692 49 8
75913 59 9
101888 65 5
30366 34 2
207939 61 2
47077 45 3
135423 60 1
196148 45 2
96864 16 2
40428 53 4
215071 50 6
25818 27 6
167626 60 2
81492 67 8
146995 45 1
117007 45 6
206328 59 2
39199 47 1
172792 38 9
114085 29 4
8502 66 9
112287 37 4
53751 60 0
59937 39 0
195768 55 7
191169 29 6
81961 40 6
163912 41 0
152282 13 3
158659 44 10
207465 41 4
21579 51 6
76338 59 6
93741 36 7
91094 38 10
82743 25 0
69739 56 8
102805 36 6
163158 47 8
8984 50 10
54725 44 2
177877 39 2
158609 45 1
10548 64 3
133005 48 10
34651 58 5
23256 44 4
129590 57 9
163321 41 4
218065 32 6
111455 27 6
36955 44 8
213469 53 0
113639 67 6
162503 33 0
42712 39 10
61664 39 8
43679 27 8
23818 31 1
98627 48 7
179335 47 4
96800 41 4
128846 33 6
11809 57 2
43751 27 4
184686 51 2
77086 40 2
131630 29 5
75958 33 7
43874 54 1
174938 64 6
119071 50 4
126057 47 2
63278 48 3
209996 55 4
151760 31 2
192540 26 4
133033 29 0
132167 31 4
57266 49 7
121778 23 0
16689 51 10
186079 38 2
16894 53 6
201385 53 7
82078 53 5
22356 60 4
26757 44 1
70890 37 4
78076 32 6
3444 20 10
144024 36 2
176756 26 6
155834 33 2
47674 41 8
192781 30 6
219966 55 2
104288 41 10
192809 26 6
58679 34 4
172072 33 2
11064 41 6
117931 30 3
51475 43 2
157389 64 2
166913 55 1
44990 32 6
4340 30 10
167426 18 3
142588 62 4
196502 58 1
191384 57 4
130521 29 1
135865 56 6
51331 49 7
28153 32 2
174007 41 3
96755 39 1
40577 38 7
173448 29 9
18656 50 2
154653 57 4
68206 35 2
39451 38 2
48188 57 9
59550 40 2
37467 35 2
196557 42 6
11290 51 4
185090 35 2
200495 49 6
37002 44 2
65868 68 7
115269 34 0
160823 43 2
73257 45 8
212511 37 7
45369 29 7
192244 49 8
72321 59 3
200300 47 1
151565 28 0
67074 43 1
190601 47 1
90083 34 2
197210 64 4
4631 51 2
116765 64 2
85234 45 4
58242 35 10
201548 33 6
199642 18 8
86409 46 2
133299 35 5
108668 24 10
97374 27 2
131316 42 4
183845 44 2
131340 47 4
172975 36 2
46213 42 1
199131 61 1
38869 32 0
102009 65 6
168175 30 6
73382 52 9
157891 31 7
90728 65 4
202016 35 1
8980 21 4
147811 39 2
68856 34 2
218392 45 1
62252 49 0
176288 44 9
13357 56 4
21027 40 6
186910 48 9
153264 30 6
132087 44 10
125887 37 2
153251 61 10
177187 39 2
22268 43 0
44044 14 8
76532 59 4
638 51 2
25853 28 4
195844 51 10
98811 30 1
137391 46 1
145463 61 4
188713 52 10
157053 49 1
83937 29 4
192835 29 9
105546 43 4
148660 34 4
192802 56 8
83248 18 4
105369 45 7
66035 61 10
56885 29 2
17159 30 8
126904 17 2
30368 36 1
200699 55 6
5090 45 1
195064 58 8
132973 41 6
52101 54 3
220625 46 4
69902 67 1
6093 55 4
21085 36 3
81983 37 0
11518 48 7
206178 56 7
83019 25 6
151233 30 4
88860 58 6
84136 64 8
218416 35 2
116305 30 6
199415 54 7
133359 60 1
60581 38 1
38277 51 5
9311 29 0
114178 64 1
39381 53 1
30470 56 1
152695 64 9
6306 33 4
979 28 0
8471 68 6
97626 61 7
10561 35 9
2574 29 7
135267 44 1
38046 67 6
56436 34 1
187124 38 9
57546 50 4
156341 53 2
206719 41 0
215134 30 4
96313 40 10
103442 32 1
154591 32 6
131077 53 5
203372 44 1
142312 28 6
211150 32 6
112383 58 9
200493 35 0
24684 54 4
63678 66 4
12345 45 1
105202 40 4
110544 48 9
176409 36 10
122196 47 6
41900 57 4
126172 48 10
10811 55 8
59392 20 4
82170 51 6
172007 41 7
56367 31 1
205242 39 6
174042 44 4
149649 52 8
6755 44 6
111744 55 9
161349 42 4
60041 51 7
201354 47 4
32792 52 6
177110 37 8
20074 31 1
62560 32 6
139831 37 4
220324 40 2
197808 39 4
128928 33 2
23806 32 6
112054 51 5
67930 41 0
31402 19 10
167583 48 6
177041 35 2
47133 26 7
99899 63 8
99141 45 1
4491 29 7
208351 54 4
144399 64 6
75026 41 8
109102 46 0
88729 54 1
215850 36 2
176497 47 5
158588 26 6
200685 40 6
185861 48 1
220377 51 3
15527 36 6
20209 21 0
212120 60 9
167348 48 3
153355 36 7
210894 31 1
113931 35 4
165032 60 8
93905 26 10
11442 29 0
107391 58 1
151943 63 9
54390 46 6
186196 64 4
26415 40 1
140793 36 7
103746 41 6
191362 43 4
41148 26 4
213681 47 6
185381 49 8
189325 29 4
144535 61 5
93994 67 7
962 17 0
6202 61 1
94880 22 4
185854 46 4
83440 15 2
5126 42 6
148112 56 7
203539 51 5
130296 37 2
149734 51 7
212612 34 4
18443 47 2
54018 41 1
29890 55 0
38196 23 4
174030 39 7
148970 29 3
80404 43 8
193796 34 6
136171 38 2
399 41 3
20587 61 10
41389 63 7
51069 39 4
76197 41 6
192561 45 0
194923 42 8
75338 39 7
62573 42 8
78406 23 2
184014 25 6
121669 39 0
88735 42 6
145954 37 2
138627 19 6
111091 43 6
48468 57 6
214884 42 2
20657 56 4
101544 48 2
20544 53 3
129334 42 9
110448 67 6
127963 45 8
135904 59 5
197823 62 4
93295 18 10
181705 59 9
174872 59 8
42207 43 6
127634 33 1
43578 39 10
43186 50 2
17186 31 1
192051 41 4
121808 60 4
167720 53 2
137827 46 4
195224 39 6
13033 41 1
154328 59 0
199023 13 2
162106 46 2
209082 41 6
173504 42 1
210057 37 6
126019 33 0
69601 31 2
24509 25 0
159610 49 8
203798 40 8
98629 46 2
194547 48 3
66221 24 2
97711 58 1
83876 41 4
206686 51 7
162337 66 9
87089 60 9
193786 56 2
212377 35 9
87323 27 2
17569 53 9
160351 68 9
30324 43 4
110146 32 2
165634 49 8
176280 51 10
2589 46 4
103967 39 2
109101 47 4
212546 48 2
35735 54 1
204114 60 7
38347 33 0
144358 47 6
198449 64 5
101836 53 9
55665 43 1
78534 70 7
33796 60 8
74507 27 2
27976 21 8
46405 26 6
177705 28 0
24727 38 5
5750 43 6
99742 48 4
7704 33 4
174530 41 4
40220 48 8
118342 54 1
10044 62 2
52739 35 2
157359 43 2
124184 47 4
176472 50 4
129648 66 3
37436 71 9
151129 42 4
49413 39 4
45217 31 1
32381 67 1
122851 41 2
208840 41 2
140836 47 0
29763 28 0
30968 36 4
81909 28 2
192859 30 6
143516 64 10
83797 53 3
200883 45 7
36782 43 1
103504 62 9
30843 40 0
108345 56 2
133953 44 3
81017 46 4
109382 34 8
210004 53 4
84227 55 1
48986 47 6
149550 38 4
185022 51 2
88330 55 1
153494 34 4
79641 32 2
133057 42 4
196660 32 4
6118 44 0
42933 28 2
97835 51 2
37315 70 10
180484 31 8
44066 59 4
169779 37 6
4512 30 2
76562 30 5
219887 35 9
166709 18 2
84724 26 2
172209 33 8
34603 42 1
214241 40 1
8926 66 6
99 30 6
115437 33 1
46696 36 10
211659 51 9
136141 42 9
139188 39 6
217765 34 1
186415 32 10
81825 67 6
181818 38 2
25817 27 2
108949 25 10
29938 31 2
135087 38 2
716 54 8
57731 36 10
219101 22 2
183097 38 8
211930 32 4
220487 35 4
137525 48 1
117824 47 6
199544 50 4
198319 29 0
82371 25 3
30945 57 2
211908 41 7
12859 33 4
158401 50 10
157834 25 2
211503 33 0
99028 36 4
112941 36 2
173168 62 9
133249 39 1
18898 50 6
65855 63 2
155013 56 8
125833 48 6
126771 39 9
15337 32 6
146798 38 1
177679 26 1
160688 57 8
193798 44 0
97575 40 5
198595 31 8
177625 46 8
176436 33 10
15511 37 4
159114 40 5
210109 42 2
48843 51 5
116957 34 2
79698 31 4
193841 52 8
74605 38 2
141697 55 4
31144 33 2
160875 50 8
196169 34 4
136910 41 4
2485 46 1
19773 28 7
99864 64 9
149492 24 4
42016 33 10
51825 38 1
54729 59 7
153656 40 1
148278 64 6
175852 57 6
791 26 2
213577 41 0
33582 25 0
158073 29 4
180019 29 2
133226 45 6
153356 69 2
122805 28 8
176723 47 10
70398 45 9
18805 51 4
205450 49 6
76967 43 1
99148 44 1
212168 65 8
71606 40 2
191841 17 2
113345 60 4
113371 52 4
1807 44 2
72307 43 4
91797 61 4
70725 33 4
73473 23 1
42833 61 7
170369 46 6
163732 50 4
182071 49 4
220416 33 7
170440 54 7
144352 50 6
161103 51 7
201232 56 6
38936 42 6
172082 37 4
169239 48 8
114679 27 0
12077 30 10
77909 27 0
51258 27 2
54348 59 1
109363 41 4
190118 58 9
123245 26 6
73925 53 8
11564 57 2
22613 59 6
106765 37 4
45569 68 5
132858 47 8
135195 26 8
160969 44 1
136829 40 0
109281 29 0
164285 59 7
60272 65 4
26771 49 10
14493 41 0
216199 22 4
36201 33 1
89275 64 7
119744 64 7
155702 52 6
147804 57 3
105683 41 1
72429 35 7
84036 61 10
16050 55 0
181187 18 4
132958 50 7
48630 36 4
123832 45 6
54609 41 9
26369 52 6
160844 49 2
15640 63 8
114273 26 0
64030 33 10
99696 50 10
196871 60 2
25141 41 2
161284 54 4
75118 71 9
24398 51 4
102917 38 6
178273 34 4
122567 22 0
129584 25 2
13989 44 10
11282 45 4
202226 61 5
220129 47 2
216014 65 4
54883 39 2
35773 47 2
181532 39 8
167270 69 5
54025 58 6
80091 32 4
153065 65 4
215534 35 6
174091 25 7
192307 52 7
141362 35 1
176800 27 4
181166 35 1
192101 38 2
28759 48 1
78128 33 4
33401 62 1
3654 55 2
62194 52 4
219151 62 3
58704 59 8
204616 52 4
56810 41 2
12504 60 8
114124 69 6
191455 41 7
115577 61 2
210164 64 6
119978 64 0
25726 28 4
154812 31 7
32346 38 2
104188 17 1
30083 36 4
108159 57 9
114787 42 4
91558 49 0
37981 29 7
216687 40 8
177651 61 10
173390 66 0
47294 32 8
91675 49 4
50496 58 7
47983 45 4
143454 46 4
28918 40 2
105098 27 2
175176 42 1
90500 33 7
28306 33 10
72838 35 6
175266 28 2
188429 44 4
40366 44 1
219070 32 2
209837 23 9
118491 23 10
137136 49 1
171906 51 7
28610 64 5
205337 24 8
201192 36 4
157502 42 6
181790 54 1
164455 41 1
96582 60 10
139557 59 1
176162 57 4
14481 65 9
80821 40 4
61912 46 4
173947 32 6
95529 25 10
134262 40 2
87501 31 6
131103 33 2
64067 36 2
36642 35 2
101026 28 7
7430 48 2
202889 40 4
70849 32 6
191002 51 8
197673 59 6
31205 42 1
163044 48 8
30386 20 10
198799 41 8
192837 30 2
6508 51 3
66191 56 2
121634 32 1
72777 31 6
177755 47 6
165606 24 7
128441 55 4
33696 44 7
175579 60 1
49643 68 9
204849 57 3
78108 40 2
163684 53 4
172363 37 8
145727 47 2
115021 49 6
60268 50 8
75217 31 6
55779 59 1
68947 42 2
24371 28 0
146510 42 1
147773 60 4
187816 42 6
218260 29 6
126216 31 7
7596 66 8
91317 27 0
126064 50 5
121860 23 10
28558 37 6
22338 31 1
119771 44 4
112985 39 2
158499 47 5
147373 41 2
194937 44 1
112440 27 4
175329 41 2
83773 32 1
166504 53 0
34887 55 4
323 35 4
140654 44 9
217810 44 7
123120 37 4
6697 26 1
131892 22 8
161873 51 7
58015 53 2
133339 38 1
133845 68 10
38168 31 1
46446 33 3
97234 54 9
101477 47 0
162248 41 8
60692 60 7
79100 35 3
209709 34 9
158265 59 6
199477 53 4
60028 64 9
121033 56 5
170783 49 1
183170 36 7
178075 44 2
8924 59 3
107248 63 5
123515 55 10
147320 22 2
20136 21 1
153382 23 2
134953 36 3
57123 40 2
218493 34 4
140717 41 4
205209 32 7
116676 28 2
35075 32 0
183884 53 8
75920 26 4
120499 36 1
27904 31 2
26643 56 9
122699 59 4
29692 26 4
529 31 4
156982 48 6
46701 60 8
204850 55 8
163585 70 9
68623 40 1
64151 33 7
40550 43 4
168877 53 9
114090 49 3
145541 27 1
50108 33 4
99095 46 7
107733 31 0
41501 21 2
108433 42 8
162770 44 9
103118 59 3
53241 24 1
63458 27 10
72801 42 4
27727 63 6
168288 24 2
136287 64 9
54295 33 1
116775 25 6
29104 40 1
145269 39 6
198736 66 3
190763 60 3
157158 53 10
127841 44 3
26878 47 1
201913 31 6
172083 46 4
105677 35 0
7475 44 3
25727 46 5
136458 37 10
86850 52 1
7388 30 1
89555 47 10
94443 43 1
190973 48 2
30868 35 1
129232 25 2
86874 35 6
48880 33 4
214310 33 2
170832 32 8
204569 41 6
168998 35 8
163294 25 6
61781 60 1
100345 38 5
209227 69 3
60924 52 9
129881 18 7
198857 33 2
5040 29 10
16396 44 4
46096 60 2
31543 55 8
152863 55 6
95442 66 9
138887 26 6
70721 38 1
156801 35 4
207341 36 1
19079 15 6
13258 34 6
113889 33 6
167058 43 1
127408 36 2
177668 48 8
70622 42 4
111234 33 2
147152 56 7
165683 42 2
62868 44 1
71647 52 8
166688 58 4
139501 31 7
102648 45 4
136265 34 2
119100 31 7
184955 50 7
144345 29 1
109489 36 2
73631 36 4
102317 43 0
18351 41 4
173529 36 6
84024 49 4
29169 32 0
123908 37 7
191849 24 4
94679 39 9
142227 45 0
181594 36 2
164747 37 0
11486 57 6
209219 38 2
12767 41 2
10982 54 4
54831 31 7
36391 45 7
127308 44 4
135146 65 7
31125 44 2
68312 49 6
181475 43 4
187955 48 6
202355 43 4
174141 47 4
139480 56 5
79687 39 4
76626 39 9
137657 39 2
42298 40 10
85379 39 8
96730 27 4
74753 47 1
187628 65 4
98114 44 8
26078 46 6
171832 55 4
33588 43 2
95191 25 7
46077 28 6
192476 30 1
112603 37 4
112854 48 0
30429 43 0
78792 19 2
29239 31 1
116121 45 4
61453 49 4
110059 39 2
2529 60 4
198173 49 2
19870 37 2
72869 45 6
201565 44 4
99424 63 6
201273 47 7
127741 30 4
198797 51 7
107245 61 4
72288 59 8
144656 41 8
104907 54 1
130348 36 7
106362 67 1
122441 57 8
181728 32 6
64106 51 7
82918 49 4
160367 37 6
87897 38 10
142071 66 3
167972 65 3
94209 32 2
198900 53 4
72355 68 9
170619 38 7
16678 47 6
104154 55 2
141925 30 1
109547 46 8
94115 41 6
115904 52 6
169202 34 1
17581 37 8
133610 31 0
49798 23 9
175299 44 0
75960 45 7
107981 63 2
34514 60 5
39866 45 4
26574 23 2
204794 23 1
43696 67 4
90639 34 6
94024 40 3
201333 49 6
65611 51 4
176647 45 1
72454 54 0
42970 44 8
19453 34 4
73536 35 6
211008 48 2
138920 31 2
185776 30 2
151839 66 1
179448 55 7
220399 21 7
159018 31 4
18214 43 8
108620 44 6
9778 30 2
136617 67 4
36203 48 4
55940 50 5
216013 68 10
136854 43 7
27305 56 2
25675 32 6
55624 23 8
67538 63 5
158248 28 7
147808 44 8
143607 27 2
103585 42 2
135796 33 10
184329 56 0
200167 31 10
120349 54 3
207332 32 6
211392 48 6
51901 60 7
11596 60 9
96704 32 6
116911 45 4
27869 59 4
96848 41 10
7849 63 0
181718 45 8
139073 33 1
119595 25 1
80038 30 6
37564 34 2
190275 41 2
172256 37 9
178882 29 7
125692 25 0
113105 37 3
87734 48 4
51157 66 6
949 54 6
140098 25 2
63197 37 6
119351 35 5
172644 53 6
103926 47 1
92721 29 1
11674 23 2
57078 32 0
155187 37 6
198058 50 0
150064 51 2
86623 26 4
109927 52 4
205049 22 4
179522 47 2
130161 43 9
101521 15 2
61774 24 10
216212 25 6
216989 43 1
16970 38 0
41843 64 3
43692 35 5
45885 32 10
201175 27 4
16077 47 2
78255 41 7
139700 51 8
55610 44 8
145775 61 8
58313 29 0
142892 53 4
85205 50 7
128154 32 9
172530 30 2
55879 53 1
87452 56 4
93228 21 0
46924 28 0
61692 26 0
65187 59 2
177067 21 2
216192 43 2
118588 62 4
210769 31 0
100898 57 6
83065 30 9
165126 44 1
75442 47 7
209186 31 7
186759 18 1
156365 37 10
91035 45 4
95116 56 8
22911 35 2
192326 35 6
16199 38 7
21305 33 2
158178 23 8
104340 55 4
216611 57 7
13420 17 1
131350 35 3
89252 52 6
97229 25 6
147478 60 4
44117 48 7
125265 40 10
72189 37 2
146333 67 8
55041 40 9
192878 47 8
134638 29 2
163514 43 2
133814 25 4
218622 43 9
26931 24 4
104077 28 1
133538 61 4
180777 37 6
107190 21 0
110711 38 8
139207 48 2
62442 63 1
162266 31 0
151170 42 1
196863 67 8
132249 47 10
117144 38 6
24194 54 1
83051 47 7
110174 59 4
214252 31 0
163536 23 1
199636 56 0
120329 28 2
99873 58 2
98256 45 8
115260 50 2
155398 20 4
83715 51 5
86677 20 10
7188 38 4
123053 46 4
37060 64 5
197083 58 10
56025 35 5
66076 38 6
186494 37 10
205343 42 4
98774 40 4
139943 41 2
189479 38 4
14778 24 3
46168 29 2
75530 45 5
23493 63 7
50367 22 0
140728 27 0
143597 37 6
216487 37 2
149302 48 4
171576 34 6
92216 31 4
205959 31 2
196515 65 8
197443 66 4
189452 48 3
11500 48 4
22508 36 4
58131 26 2
192953 53 4
148009 62 8
56717 22 3
60088 40 2
1587 48 2
33459 21 2
207600 54 4
154324 64 7
141596 32 10
54352 49 1
145409 43 1
59281 57 0
26016 69 3
110036 55 1
65375 66 9
75688 25 0
24674 44 8
82740 41 6
87828 35 4
103750 64 6
164068 46 4
149650 35 4
195155 33 6
191437 38 6
138736 37 10
132037 53 5
39271 36 4
105878 63 3
206384 62 7
198623 30 1
35455 49 4
154490 37 2
160948 65 4
53278 53 6
164369 44 10
195545 54 8
152729 30 1
126798 42 7
140181 34 0
172268 59 1
116790 42 9
142148 66 8
5712 55 6
179497 26 9
117052 40 6
10062 30 6
129900 36 2
111719 57 6
114504 39 2
137590 41 1
21142 27 0
96229 39 0
184909 37 7
168135 50 6
160166 58 1
180639 31 4
161528 40 6
95934 51 9
72246 44 10
193303 43 4
192524 59 4
218742 44 2
108167 41 6
52104 57 7
4159 37 4
167812 48 2
142815 31 6
44351 26 6
157742 39 6
84610 62 4
82970 67 5
188100 58 4
80300 53 5
113830 42 7
32574 43 2
119607 28 9
164157 60 2
93833 47 0
5867 25 0
15535 57 10
209625 43 3
165325 61 7
196011 53 4
69207 53 4
5773 42 4
138534 54 1
53293 47 4
199051 23 0
128008 56 4
86110 49 6
72273 41 4
83293 46 2
91941 49 4
173181 57 8
201448 31 7
206305 47 4
159482 43 2
165636 41 4
110070 53 4
211950 47 6
208678 52 7
14992 60 8
73730 59 7
185429 39 2
196626 48 7
110278 59 0
121663 58 9
145952 66 6
191836 44 10
120073 32 8
115749 65 2
99974 37 2
71202 52 4
77458 25 0
5070 57 4
3946 60 10
96847 56 2
176867 47 6
67456 63 4
44643 30 0
10377 49 2
49109 60 4
109460 33 4
177648 57 7
182368 41 8
154534 35 4
41246 48 9
131610 28 4
39570 38 6
174135 42 8
110612 49 5
21878 29 2
130957 36 7
152089 30 6
95136 58 4
72268 35 4
145743 44 1
106640 46 4
41858 35 9
37630 29 9
200461 61 10
46473 49 2
149292 37 4
2758 61 9
181703 41 5
158183 49 6
190385 57 3
23223 37 2
140971 27 0
156200 48 4
211451 59 2
119420 61 4
67448 34 2
51133 50 3
139334 50 7
16211 69 6
163155 20 8
208191 43 5
136017 48 9
26640 45 4
128035 63 5
90401 29 4
95497 56 1
117959 52 7
173975 27 8
78124 52 10
50363 61 0
34443 42 4
180347 47 8
85991 65 9
159755 65 2
146666 28 8
117759 61 9
157084 54 6
132718 62 9
93089 35 2
127294 54 7
27589 38 2
173846 70 4
49812 41 2
24502 47 5
60425 29 4
199629 39 9
206509 43 4
55964 49 5
137009 30 6
115535 37 10
48946 62 4
79191 29 4
121264 38 5
184031 45 7
76859 39 9
160985 53 0
170420 57 5
135730 62 1
73337 30 6
157683 28 0
132245 40 3
61950 37 0
71952 38 1
125975 35 5
197982 41 8
150351 58 9
183067 34 2
143158 49 8
30117 41 6
154063 43 10
197112 53 4
197022 28 2
14053 39 7
14305 35 2
6579 50 7
143683 41 9
1289 28 1
1655 36 2
61956 45 2
194825 53 4
193336 44 0
122158 24 10
53248 58 9
94162 28 0
108281 29 0
119833 60 7
86428 38 2
54246 21 1
80055 51 6
2690 29 2
30916 27 7
159480 30 6
16148 24 7
36851 63 7
46445 29 9
203298 52 0
41132 28 1
92439 58 2
92020 41 8
197600 37 2
51606 48 9
17439 51 0
31245 58 3
215456 48 7
108696 30 1
50280 30 10
51523 40 2
40476 59 7
166812 48 4
111138 47 2
75737 40 2
206975 32 0
103971 38 4
156040 57 7
42368 49 4
189580 33 1
202547 33 0
216962 45 7
102152 46 1
30067 43 8
127846 31 6
1565 44 4
379 59 8
12912 45 2
174411 59 7
123609 43 0
184106 40 6
136248 50 7
213235 33 2
69500 62 4
64215 35 6
153137 53 4
112595 42 4
94760 53 2
2769 23 5
192848 35 7
36251 37 2
176122 62 9
119544 33 6
185795 68 6
93759 37 3
147113 49 6
145415 35 2
63905 64 4
148384 53 4
170206 30 6
125011 67 9
127681 24 9
8589 55 4
69710 65 1
27293 33 6
17913 49 8
164487 24 0
96061 32 7
132212 65 3
125091 23 0
73959 60 4
31126 41 4
95569 48 4
63876 30 2
160621 42 4
136074 38 4
95349 57 8
172319 51 2
59688 44 2
163237 48 7
19996 30 10
68912 37 3
49145 28 2
16305 28 2
214062 42 2
141313 33 0
8832 40 4
43049 28 7
143723 60 4
20200 53 8
153568 41 2
183014 46 8
14383 30 1
168428 45 7
111597 39 1
147201 17 4
106313 69 7
97857 47 6
87640 36 4
56346 19 7
132317 34 2
189737 44 4
57599 31 7
128312 34 1
139026 53 6
54882 41 7
100682 26 6
205087 51 8
132216 22 4
219124 47 4
32622 54 4
88861 56 5
18735 49 4
130281 25 2
66078 38 1
166085 49 1
121996 46 6
50531 48 4
25982 37 6
9609 39 6
96910 56 8
33698 46 8
35520 50 8
51526 70 6
182904 41 2
165856 66 6
121220 64 7
33968 35 1
209117 35 2
79681 51 6
10136 49 7
20780 35 6
22186 52 4
103921 49 8
131761 28 0
54141 36 4
112342 42 2
220515 16 4
52264 36 4
185323 39 4
186866 38 7
158853 52 5
15397 58 1
152103 26 4
94191 46 4
129320 41 7
111219 29 4
168597 54 2
208152 64 6
83352 60 7
125232 31 3
59447 64 7
52796 39 4
44002 48 2
201150 36 0
165858 40 8
126200 43 7
77259 46 10
106498 57 0
201204 35 10
27598 35 1
187413 20 8
69034 40 1
196004 46 6
25849 38 0
128783 58 0
87201 59 3
79588 33 4
65558 26 8
185894 50 1
123915 34 2
96397 22 4
55737 62 1
41683 25 1
112401 34 1
205980 30 10
90754 41 4
71399 58 7
172350 41 2
207755 51 2
145548 31 6
140818 49 3
169553 25 2
153550 51 4
192111 60 0
153518 45 7
75485 40 6
137070 47 4
130462 20 0
100580 43 9
47972 49 2
90829 48 8
22300 36 2
38142 31 2
59730 36 2
205561 63 5
218797 43 7
180826 35 5
138570 30 6
89288 42 3
123559 58 4
103933 40 6
114042 56 0
85538 45 2
28634 14 1
110733 40 2
29557 48 10
123573 38 8
77631 52 5
138063 40 5
203029 46 7
23233 61 3
157583 41 4
27986 29 1
86894 38 4
125858 32 4
88457 51 7
72936 43 8
113379 17 8
87403 39 2
182875 72 9
106688 27 4
126944 61 4
91044 63 1
12119 50 6
70043 59 2
107111 45 7
148714 30 6
2979 33 0
183324 44 2
180410 53 2
2507 19 0
68893 47 2
135450 60 5
132371 45 1
119488 26 4
197891 61 7
89197 35 2
2288 52 2
33614 57 7
17610 33 1
132003 12 7
47840 42 0
214515 33 4
80577 21 0
70076 62 4
144385 55 7
72412 64 6
57135 31 7
148025 24 2
67542 54 4
143060 39 7
100206 51 4
88793 47 6
123698 25 5
163570 49 10
104798 23 0
7728 30 6
55573 59 6
18559 55 2
1387 40 2
33351 31 10
203554 66 7
75263 47 4
77513 24 1
152558 26 0
143797 49 2
165855 26 10
69449 41 10
8621 37 1
33905 45 10
8831 36 6
64257 36 5
35270 55 4
203014 52 7
94642 33 1
1423 72 7
61846 56 3
125938 37 4
22384 52 1
95777 36 2
144564 49 5
126570 47 4
160269 32 6
92926 54 2
116873 65 1
110777 30 1
34035 42 7
168710 58 9
187405 65 4
206227 66 1
138919 46 6
156443 41 6
131723 28 6
145584 38 4
49409 38 1
191209 35 3
95306 50 6
69564 46 1
15554 43 4
140769 26 4
188051 34 2
75347 36 0
200475 22 10
208764 31 4
2278 41 1
205976 54 8
12972 41 2
182996 49 2
176560 48 7
48658 66 0
21662 30 3
167376 25 10
136592 48 8
214535 18 8
8344 46 10
213959 53 8
204203 35 2
167937 46 9
57834 62 4
199964 27 1
77437 43 0
131369 29 2
32581 61 4
175190 68 3
77198 31 4
121067 28 0
46697 53 4
52500 41 8
95352 61 9
7325 22 4
129414 40 4
22741 28 0
81380 52 2
96045 19 0
200452 43 2
53734 31 2
119118 45 1
45648 17 0
28836 47 2
12247 36 5
24389 43 1
65233 47 4
143152 38 5
43842 58 10
104183 53 7
154130 30 2
130471 26 0
212509 70 1
135314 52 10
22831 41 10
132680 47 4
180017 53 8
21700 31 6
107554 59 9
124875 65 4
109695 37 6
106663 65 6
22060 30 4
91422 51 3
175811 66 5
119314 39 7
120710 34 1
107119 38 4
65043 29 9
88238 55 2
187547 33 0
70245 57 7
120756 30 8
73170 35 7
99085 21 7
165865 65 8
204235 41 6
154960 32 1
56569 37 9
23833 38 7
101186 28 6
158604 37 6
210542 52 7
64012 42 2
184040 38 3
68379 45 2
152060 27 1
1866 44 8
90378 43 9
179646 26 2
101326 38 4
75953 62 4
209177 47 4
32407 51 0
57065 61 10
65511 50 10
107396 55 4
154060 38 5
83638 47 10
216491 62 4
174347 25 4
108556 31 6
127886 56 4
25756 27 0
77336 40 2
122097 46 2
209584 22 4
95423 32 6
178657 28 6
143189 55 7
72823 43 9
127552 32 4
24144 39 10
91662 40 2
130027 49 10
103327 37 2
108432 37 0
205615 40 2
163878 56 6
103931 52 4
193702 53 6
67988 41 4
53647 43 6
133683 41 10
90475 43 4
181080 18 1
116155 51 6
104577 49 2
60834 32 6
157130 62 4
84483 42 9
89395 54 3
156439 54 4
141 35 4
195714 40 4
173611 27 0
181606 53 6
116254 23 0
5053 64 3
48254 35 7
168037 40 4
219676 33 5
98723 50 0
11478 54 9
156310 38 6
205965 34 0
160878 43 6
165331 38 4
212261 50 1
215128 19 4
161388 25 9
209700 33 4
72251 32 10
57522 56 6
13643 32 6
69400 38 10
97475 31 1
150870 18 1
160705 34 2
190098 54 8
73689 45 3
157318 61 9
42414 52 2
136733 43 10
53342 54 5
149397 47 7
201165 37 4
40545 31 1
143518 40 10
17431 51 1
154005 26 6
95547 32 1
98963 39 6
2592 54 2
12772 69 5
204670 31 6
196549 44 2
52399 38 2
22139 55 4
108379 59 9
19560 41 2
193620 39 4
17094 51 4
72083 29 10
97517 40 9
46750 44 7
94901 64 3
38304 47 6
149083 27 4
172636 32 3
187833 51 8
93259 34 6
89251 64 3
198718 49 3
90073 55 0
178309 40 4
144175 43 1
57211 38 1
52070 53 8
218407 62 4
20633 46 2
168975 46 2
94299 24 7
113813 50 8
197198 36 1
39646 34 1
121610 40 4
27309 37 2
164203 50 1
146088 57 0
144014 61 0
50013 64 8
59106 39 1
136856 32 10
133674 39 5
73051 46 2
14809 44 1
195816 46 4
143009 36 8
50617 50 0
115047 30 4
183825 39 1
219905 48 7
6030 26 4
156175 27 10
198437 37 10
104930 48 7
121370 60 9
89579 55 8
180416 52 10
28994 36 8
64338 33 4
192425 22 10
203790 22 0
71066 53 9
88245 35 2
25486 26 0
159441 33 10
118838 29 7
195104 58 3
52965 66 0
170613 33 6
209476 16 2
61886 44 8
89886 61 7
107468 53 2
114177 39 0
131111 48 6
127240 56 10
142508 49 3
31392 49 1
4332 37 2
91997 46 8
27625 40 1
119001 44 1
88035 39 2
163126 32 1
127733 45 4
100800 49 2
176673 33 10
52938 43 7
91848 27 2
173049 70 3
120596 39 6
147794 33 6
187986 59 2
162720 60 5
194723 46 2
189118 56 4
82311 33 9
134659 65 8
196929 60 2
138859 40 6
71863 30 2
124328 44 8
183862 21 0
7960 37 1
18302 69 5
80065 41 6
127678 57 4
164870 47 6
94226 60 3
156226 26 6
15942 56 8
117041 56 6
215356 59 3
16303 47 2
85003 30 2
178285 30 2
199516 42 1
214572 50 5
77535 46 4
49995 30 1
123194 33 6
157142 27 1
65891 61 9
127782 54 7
191316 52 8
115889 38 6
208283 16 8
196358 43 2
147611 25 1
6560 71 9
80335 30 6
199894 61 4
187900 50 4
33501 20 4
180806 54 9
207096 38 7
207757 41 6
72380 27 1
197959 46 4
100437 29 9
111627 44 6
99104 36 4
41216 48 4
7876 64 6
189693 36 4
96707 31 6
126210 22 0
207959 35 2
96116 45 6
23621 39 4
116817 53 7
179041 66 6
168462 30 2
153140 34 1
100450 51 9
15005 43 9
21775 47 6
120789 42 6
107246 49 6
64863 45 0
150328 62 9
152763 30 6
13470 30 6
111385 57 8
67763 35 5
95827 49 4
64690 56 4
72891 60 8
165351 60 0
200362 60 4
115642 26 6
88806 32 2
30172 43 1
130136 60 7
94964 42 5
21192 27 0
115948 41 6
218230 12 2
6188 23 1
188781 28 6
123130 50 2
143550 37 6
190370 42 0
172240 46 7
145437 49 0
43754 48 7
118538 51 9
38333 47 1
15427 36 10
86693 32 1
131379 60 8
204568 67 6
157888 47 8
108138 53 6
177486 56 2
106140 53 4
148756 46 8
192220 28 6
78151 25 7
181210 58 4
160949 42 8
168708 52 9
2197 41 6
12093 43 7
175840 68 8
161370 51 9
186000 59 4
167856 24 0
163578 66 3
31997 39 8
42944 49 7
75806 44 4
161346 51 2
205499 58 4
63581 29 3
121908 49 4
75364 64 0
27383 53 7
193694 64 5
63963 44 2
11663 23 2
89967 71 4
138801 37 5
57617 55 6
35010 49 0
147785 38 2
217209 40 1
9328 31 0
114172 46 4
201896 58 6
161674 46 3
79618 39 1
158996 46 10
101381 57 4
170974 22 0
176440 31 4
184554 35 2
173633 25 3
139925 47 4
55863 56 2
78395 30 4
91380 37 2
161024 43 6
42673 39 4
199234 42 5
118634 44 4
143472 48 10
59502 62 7
128510 50 4
18293 26 8
57812 46 2
87019 35 9
107196 36 2
19267 58 4
196209 49 2
100178 55 6
118882 50 8
62257 47 4
168852 55 5
182251 63 2
142359 33 4
167366 49 6
8231 54 4
45239 26 1
80955 63 5
34722 61 4
44952 41 10
731 27 6
5119 60 4
152221 55 6
7375 42 5
15484 48 8
21160 39 1
59528 29 4
105449 35 2
171259 48 6
158991 31 2
89280 35 4
207828 47 2
23027 45 2
199997 72 9
30491 50 1
164438 47 6
4932 46 7
206274 50 10
127748 30 8
101748 64 3
146901 47 2
193017 57 9
214215 48 6
117351 40 5
63829 33 2
106443 33 10
165746 26 6
30390 37 0
88469 37 2
175779 24 1
26623 30 1
69878 72 7
62309 52 0
101388 22 0
52061 32 2
97292 67 4
67180 30 6
14016 45 1
15838 42 2
204665 64 9
68713 54 1
47870 44 10
145914 61 7
220771 58 8
201534 38 0
195489 44 0
44996 49 7
81185 47 6
111953 52 8
77706 40 1
60038 55 2
194278 25 0
187668 35 2
88924 50 4
1633 54 9
78851 58 9
199116 65 0
82280 71 9
218157 59 6
170499 21 4
49101 38 2
12292 23 10
154083 48 8
74444 50 4
84486 39 4
63319 57 1
41124 32 4
135685 34 1
11162 57 2
187391 37 2
171013 57 4
22299 27 2
135960 40 10
15015 39 7
114436 42 2
64525 26 6
151516 38 10
1878 33 3
210826 22 0
12415 68 8
70137 48 10
2389 38 7
76530 47 4
134452 68 3
14599 46 10
11814 34 7
151381 38 2
84097 33 0
65642 63 4
54490 59 4
216313 28 2
16065 44 10
93849 37 6
173162 45 2
189915 35 7
103282 65 8
21722 31 2
87861 48 7
112709 40 6
194084 40 9
136532 29 4
150310 30 3
182268 31 1
124472 27 2
129886 48 4
140178 55 6
164335 23 4
92074 17 0
56197 63 6
65443 34 10
30660 50 1
193731 27 1
59082 56 8
40925 34 1
205912 46 8
218544 46 10
209687 47 1
13864 35 5
1714 50 4
66721 57 9
137075 37 4
101070 50 5
133962 61 8
53481 44 9
125946 46 1
43732 47 1
185611 39 0
46414 46 7
109751 37 2
102980 39 0
107317 64 6
36660 25 2
189417 46 4
154682 64 9
30815 44 3
29413 44 6
151145 42 3
85805 22 10
215705 31 4
113106 29 10
92940 47 8
76064 63 4
2540 31 7
77131 48 4
40926 59 9
82604 57 8
40422 29 5
32534 66 3
126934 38 1
213277 23 9
176361 43 9
167220 31 10
21331 63 4
42910 45 7
170004 30 2
78615 38 4
50286 42 8
115434 28 0
121566 30 6
172556 44 5
171749 38 9
6515 61 8
116257 55 8
146833 38 9
59896 58 3
30578 43 1
104924 62 6
27688 49 0
37154 53 2
216130 43 7
123507 48 10
82020 56 0
159866 49 5
170265 35 2
125879 40 0
60943 30 9
59337 39 4
128805 43 3
5311 30 6
148935 42 0
172241 48 7
212540 43 8
219587 30 4
62364 52 6
22410 43 10
180132 67 4
137464 55 4
180007 44 0
30359 39 0
163829 29 4
160309 42 10
144382 24 0
211481 22 3
129945 48 10
172323 41 2
141845 41 1
192390 36 2
98017 45 1
53672 64 3
202236 39 2
121715 51 3
113524 45 4
191534 51 7
32059 46 4
157875 30 0
59098 41 4
46515 53 6
11855 26 6
27732 45 2
86887 17 4
30364 44 2
201610 56 6
211244 38 2
220063 38 1
101869 44 6
74897 17 8
71436 27 4
210698 27 4
177774 26 2
66700 28 4
41218 46 6
52917 40 1
131473 54 1
26797 38 4
70179 41 4
79357 40 2
162111 27 2
84581 44 1
59235 40 2
26791 63 7
112477 31 2
30140 35 0
50116 59 1
87671 47 8
154670 55 4
30008 33 10
136690 35 2
165505 47 2
46595 50 6
170365 25 2
93891 43 6
34621 48 6
87073 60 4
11098 25 6
161769 58 9
47950 64 9
48517 39 0
74131 40 8
77583 32 2
120763 44 9
36479 55 5
49949 53 9
29340 22 4
142221 59 4
14445 48 1
62643 36 9
12593 62 8
7181 35 2
174274 47 2
202284 41 6
102588 42 8
87481 42 8
1576 38 4
153903 54 7
126393 53 2
155195 34 10
209602 49 7
170015 40 2
130794 72 7
11697 50 6
116230 50 8
126346 50 1
186674 48 3
182578 49 10
50763 61 9
185142 27 2
61516 56 3
50567 34 2
131315 19 2
40778 37 6
151712 64 2
32939 31 10
146590 68 5
143608 33 4
97126 30 1
97894 50 10
131944 56 7
17750 65 6
183664 38 4
219274 28 4
180558 26 2
151077 56 6
24035 30 0
36394 67 5
194095 57 4
119925 50 1
195852 62 1
10398 69 0
26779 45 9
115247 52 10
206416 46 4
3322 51 2
35606 33 1
161454 28 1
197223 28 0
164555 34 3
127380 57 6
103648 58 8
32447 32 2
109259 28 6
196628 30 6
161768 55 5
186214 62 4
160936 42 6
175910 38 7
157945 36 2
56693 30 2
148080 31 2
149070 36 2
206068 30 0
211157 37 7
58119 56 4
45446 27 4
151128 62 1
161798 67 7
188619 27 4
90097 65 6
97568 42 8
114737 37 8
58654 22 8
202160 16 0
118045 31 2
186950 29 9
48511 38 1
128289 38 10
169015 33 6
115767 28 10
140417 41 6
85803 59 2
38939 31 4
202871 44 7
13750 63 6
89918 36 10
139384 40 4
74905 26 2
91036 71 9
8706 45 10
47234 28 0
184276 43 2
123995 36 4
62778 30 6
68407 49 5
106442 56 9
194884 40 10
38322 34 1
149733 39 10
186405 45 0
80766 66 9
137172 44 8
207812 35 3
176147 61 7
51784 39 7
153281 27 2
144890 44 4
111785 39 3
23956 61 7
145859 33 0
160821 61 4
63236 47 8
56623 30 8
109876 28 0
168959 29 10
55856 26 4
57004 37 1
77688 37 6
174454 46 2
55725 71 6
195365 53 0
157498 49 8
116455 43 7
174750 40 4
83510 36 2
43304 57 10
77835 44 7
27723 36 1
113887 52 4
143864 58 7
34854 39 8
206910 26 6
118125 44 8
170721 45 7
166070 19 0
79826 33 1
123354 61 2
161083 57 1
67845 47 10
203714 27 6
22902 29 0
154286 28 10
142004 64 6
210513 35 2
159706 55 4
126158 62 6
57962 67 3
129094 54 2
141400 56 6
167025 55 1
163853 53 8
26903 53 1
168794 40 4
143201 47 6
90006 28 6
86514 43 2
5981 28 2
174579 32 4
89163 27 4
179881 41 4
148183 53 2
160397 25 0
189029 61 8
111322 33 10
42145 46 6
76027 57 4
192883 38 4
41793 42 3
124842 46 7
70561 31 4
209545 41 7
6488 27 2
30254 35 5
81894 57 4
163922 35 2
76097 28 4
27190 36 10
199812 65 5
57234 31 4
201881 25 0
174993 29 4
9832 27 8
37975 37 1
81385 48 4
5653 62 7
126432 38 10
212996 58 1
76096 42 1
5275 31 8
45717 35 9
132989 41 2
24488 39 7
169606 29 3
190511 33 2
89584 26 0
3058 31 3
46577 42 7
53119 27 6
36209 50 3
172434 44 4
207918 34 4
35869 68 6
173469 50 2
190715 37 2
188258 51 2
118401 59 5
102591 64 7
199864 38 6
205292 65 8
201846 52 7
203878 44 2
194512 23 8
201779 46 9
165935 65 1
101022 41 10
120243 20 1
130497 30 2
106596 47 8
91940 62 0
141304 64 4
195746 25 10
180131 29 0
185187 31 8
134770 19 0
23525 34 6
194458 46 6
98010 32 1
106203 45 8
205076 60 6
141721 70 8
36569 44 2
55686 59 7
104451 45 0
46119 68 6
168263 50 5
71771 28 2
40643 41 6
128487 37 1
114344 45 6
74641 40 6
40738 36 7
91961 26 6
171200 40 9
113220 29 2
93816 58 10
197649 34 6
218084 36 0
55354 35 9
90920 39 4
43512 39 1
212138 19 0
85438 63 6
135382 70 1
10048 55 2
58706 37 6
133348 32 3
131109 54 0
999 26 3
204563 40 1
32320 32 1
139471 30 1
181171 41 4
100998 52 4
58805 34 7
128642 45 5
103158 32 6
131327 42 6
45001 24 4
23434 61 8
27753 66 0
139900 45 0
61631 27 4
207014 50 4
173595 51 5
52935 41 2
134473 31 10
49418 52 7
71796 37 10
125493 39 2
126750 64 1
191877 47 7
153864 45 8
111732 67 6
103239 30 2
139460 52 7
129316 25 1
107455 44 9
194859 42 8
76339 49 7
173625 53 2
32099 34 4
208070 31 7
160461 62 0
188712 32 7
27242 50 1
206073 53 7
157427 20 4
133105 37 2
181276 50 4
68395 65 4
15546 31 7
12818 51 4
44853 57 5
2026 44 5
189400 25 2
220009 68 8
169860 33 4
156727 33 8
188049 30 6
30328 60 7
194399 32 10
152306 51 8
13034 26 6
84391 35 2
7848 31 10
97356 60 3
132669 16 2
51934 18 1
1561 60 3
161192 48 9
3302 21 3
156004 30 2
90268 31 1
89884 38 2
172231 31 4
219836 33 0
82893 66 6
7732 44 7
19360 38 4
168930 62 4
22584 53 2
213349 47 0
64709 40 0
148515 41 9
151813 48 10
91599 29 2
31162 61 6
35768 29 5
199198 49 7
53482 24 6
47191 18 10
156657 56 7
826 29 1
177793 62 4
190774 25 0
64358 35 2
140322 50 1
115909 25 6
23759 53 4
97155 58 8
209603 34 4
150540 53 4
207862 28 6
82706 34 7
123516 53 4
24072 53 2
95819 33 7
76257 64 3
127912 47 0
142216 65 9
13794 56 10
91068 45 3
83272 38 4
71371 45 4
25802 35 1
184774 51 4
181835 40 6
42376 46 2
95226 35 4
1008 36 9
220645 30 3
41372 33 6
83712 36 4
206297 58 4
72920 59 9
56341 19 7
73570 48 0
38125 38 2
148084 71 3
17212 72 6
161825 45 10
175643 46 9
136740 23 6
188106 44 10
218644 41 10
171087 59 5
4180 66 9
153686 44 7
163275 62 5
194798 30 5
215897 41 2
141347 47 7
125255 28 0
194415 37 4
173690 50 7
112270 14 4
68832 35 4
42488 22 10
92211 45 8
76970 49 3
11757 34 10
58686 27 0
31810 37 8
201250 23 9
138838 25 0
77485 43 2
11565 46 1
187322 61 7
157354 26 2
164523 68 4
139567 37 2
165542 41 4
158131 39 9
206874 42 2
185996 41 6
7333 35 5
124483 34 2
52108 37 8
21751 39 8
212249 31 2
68129 28 4
149706 40 1
51556 63 7
161925 67 2
132497 31 6
72693 43 2
37203 38 10
149409 67 9
39014 30 4
182504 36 4
158116 35 6
127208 34 1
262 29 0
167801 57 0
146850 64 2
15442 38 10
215479 28 1
90408 54 1
56171 48 4
122287 65 6
54921 41 2
138811 39 0
140177 60 4
155508 46 4
179882 63 10
8480 26 4
50419 25 0
107977 30 4
7198 32 6
144458 29 0
134073 43 1
173219 33 4
93660 35 6
54218 32 9
149748 39 4
137042 54 6
198539 36 10
196214 60 7
155786 27 1
89090 43 8
169003 32 2
29993 28 6
165625 69 3
155094 45 2
128499 43 6
75215 37 7
52604 41 7
132046 30 0
162696 58 3
119529 62 6
208914 48 2
67475 39 8
126266 56 3
97003 48 10
78647 28 2
70463 41 2
118375 36 4
147282 63 7
180502 41 1
51537 47 4
152107 15 1
159535 33 6
65530 60 6
167174 28 2
25921 26 2
41224 22 1
135297 38 0
81554 54 2
183330 45 5
24193 28 2
79068 33 4
187247 52 8
117573 54 7
17550 46 0
99799 44 5
73481 35 2
128905 32 2
114613 45 4
217476 41 6
121452 40 4
77757 38 4
82281 35 1
195166 31 6
210047 45 0
214414 33 4
72096 37 2
20269 60 5
201997 36 6
58491 27 2
20290 59 8
61520 20 7
25167 62 6
189180 55 6
156670 37 6
115411 44 8
7046 60 7
185554 30 4
48584 48 2
220587 50 0
77420 27 6
21968 40 10
57089 22 1
30250 46 10
217797 45 10
145883 55 8
4923 44 2
19203 36 1
164544 52 4
219304 41 2
113282 49 8
217335 52 2
194165 43 3
215241 43 6
99192 54 3
141872 35 2
201547 57 4
25334 48 0
4802 36 1
168621 57 0
51714 26 9
189232 50 4
214167 31 2
174799 40 8
89858 57 2
172933 39 1
3157 22 8
116956 46 7
166364 37 0
208578 34 2
52665 29 4
38780 48 0
160259 25 6
192821 53 1
160326 38 1
111529 61 8
107313 45 4
86569 32 6
20567 66 5
57295 45 7
2521 52 5
178781 54 2
18073 33 6
79699 68 5
43031 34 4
160112 45 7
99738 25 8
186026 45 0
219358 45 10
147817 38 7
37114 25 4
48173 49 2
14402 41 10
82444 50 3
175967 36 1
35316 37 2
154104 63 2
131037 45 8
107447 44 0
56816 55 1
55545 37 2
65169 62 6
189605 44 4
83479 55 3
68105 64 0
58837 31 6
188224 58 5
124180 35 0
139000 33 4
85928 22 7
147508 29 2
129336 55 4
135734 31 2
100585 42 10
60015 30 1
156995 48 7
121428 53 9
117178 45 4
77851 25 6
46051 42 9
124027 49 8
173695 51 4
139438 59 9
198780 50 7
74926 24 2
170514 40 2
207355 59 4
153432 36 0
24174 52 6
63894 45 6
211567 45 3
65457 47 6
129413 23 10
194151 45 8
97938 41 3
5297 43 1
142851 39 10
49097 35 5
45226 31 6
26430 37 5
127799 69 8
77564 45 7
81868 35 2
117076 27 4
29718 49 5
108336 61 2
139053 44 8
19616 17 2
220163 26 6
163484 45 2
192451 41 2
48068 25 1
54305 49 7
104131 43 4
88936 39 6
2326 20 1
19094 55 1
150826 69 8
53220 42 2
1107 63 6
114774 40 6
114535 50 6
176378 43 2
169225 38 10
106792 32 8
84774 35 1
43366 46 6
202261 27 10
96268 30 6
123214 62 10
181662 46 10
35795 29 10
134390 47 10
108325 40 6
85155 57 1
188157 28 4
7160 30 2
98105 24 6
28486 49 6
193874 56 8
152380 44 9
217984 42 4
163981 35 7
134191 32 1
106987 29 2
108091 14 0
151445 39 7
112771 33 0
140071 51 6
147274 42 1
132630 39 2
86555 37 7
11233 59 7
46828 48 6
208781 56 9
134317 30 4
32502 37 4
51766 40 6
177693 45 8
65619 64 3
58632 38 7
23076 30 6
191428 27 1
211173 60 6
156938 52 9
33430 39 6
182395 28 7
104373 28 4
210024 37 4
86915 30 2
18028 24 1
13083 41 9
79471 48 6
52160 40 4
14105 54 8
91391 46 1
154515 44 2
72756 40 7
143715 69 6
79984 36 1
200064 25 6
179148 42 8
73660 34 10
129467 61 7
102415 45 7
92533 53 9
220395 31 1
97745 40 3
128140 34 10
13965 44 2
35957 45 6
151126 49 9
92072 48 6
220736 60 1
3439 50 10
25160 38 4
21233 18 4
136477 39 2
90358 65 4
214113 35 2
208290 49 10
173402 27 2
56909 25 2
189930 63 5
157384 25 0
136797 40 0
127659 61 9
154611 50 3
14281 39 2
200927 47 4
67163 55 2
197359 27 10
144903 40 0
141310 65 8
183052 51 7
95909 44 2
145439 44 1
46131 25 4
146955 43 4
128874 43 6
86733 29 4
208546 53 10
165523 42 10
159735 43 2
174358 69 6
81204 27 4
214109 38 2
26672 39 1
41310 38 6
189174 39 10
12937 41 5
102912 37 1
13871 60 0
142465 17 3
118905 51 4
201974 42 2
103520 56 0
176858 46 10
59197 30 4
175804 49 9
61906 35 10
137380 48 1
185020 21 10
125695 41 0
106725 65 3
196698 67 7
13879 59 1
462 46 4
79344 48 8
69287 24 1
9002 45 6
141693 50 9
193113 31 3
27594 30 4
46559 58 6
109782 65 9
25270 60 7
184571 51 10
131406 47 6
8671 34 1
143845 48 6
176053 52 1
108915 48 10
7966 42 7
9805 25 2
58661 42 2
158621 52 2
24761 31 4
91815 49 4
171451 38 7
3666 52 7
6418 48 1
100789 55 4
4983 37 4
168593 39 1
27334 59 3
21875 46 2
186234 31 4
80293 53 10
104651 39 1
219376 46 7
70879 60 2
176659 26 0
42329 55 8
59649 35 2
67158 66 3
159061 55 6
134292 37 1
33741 59 4
172585 55 0
179917 38 2
108557 46 10
18809 55 6
56882 51 2
19427 38 2
121915 32 6
125446 57 1
30603 55 4
168728 46 6
41749 29 10
191995 50 5
41226 48 0
184742 61 2
9982 35 1
200136 55 2
82231 36 6
73139 42 9
65312 47 2
130506 30 2
164299 41 8
170452 22 2
36958 37 4
58917 40 10
18571 29 10
190785 31 7
169854 63 9
201211 51 10
85529 44 6
205093 55 6
72711 43 7
32635 45 9
92961 44 4
168971 66 5
94790 46 7
144807 30 1
147660 60 8
41997 29 0
113139 56 7
187902 36 10
198060 35 2
99795 51 7
200647 50 9
48180 24 4
78629 58 5
33893 36 0
218010 40 7
218987 33 10
216767 22 7
121376 31 0
64323 53 4
218949 48 7
60727 35 3
16536 19 2
218184 45 1
143444 50 3
125791 21 0
51895 50 6
27799 31 1
172355 26 4
62398 52 9
162818 62 9
118256 41 3
59964 39 2
54548 58 2
117081 39 1
181098 16 2
149166 25 6
192943 66 8
121543 33 2
157621 42 6
62314 67 0
149741 41 4
105014 24 4
147780 26 6
11969 45 10
29857 63 8
162828 36 7
46377 38 8
151917 49 4
92568 41 6
214551 28 2
91133 30 10
114576 49 8
180521 30 2
55998 48 1
4845 39 6
105431 58 3
162484 58 7
37948 47 9
136251 41 4
19772 34 4
78070 30 6
161215 36 4
116930 40 1
168019 43 10
21800 37 10
116007 43 1
57926 27 0
198333 51 6
112268 57 6
97119 31 3
192572 42 2
180678 34 2
178626 35 1
154559 35 0
192812 42 8
63019 33 6
60400 51 9
72174 14 7
217033 23 4
55570 49 1
12099 61 4
216474 33 2
168588 44 6
48780 64 7
71498 44 4
130673 53 7
52439 41 2
162425 27 1
173756 28 4
2148 41 4
168862 58 4
50289 27 4
125032 36 2
126392 62 7
207192 38 10
79555 31 1
32179 57 6
156092 17 1
59774 46 6
9144 30 6
62005 68 5
168130 30 1
154721 40 7
19080 70 3
143237 35 4
187764 58 1
120198 61 4
149290 23 0
215999 50 4
605 39 2
182722 56 3
180899 41 6
53040 23 1
169020 31 4
173657 52 9
78035 41 7
52882 34 4
35990 13 8
52325 38 8
80316 43 6
218681 35 7
22499 55 4
196579 56 1
31081 35 7
31035 38 7
89982 43 0
50806 27 4
146467 48 6
117664 23 6
152522 38 0
77828 58 4
8500 50 0
94517 48 9
108619 38 7
191180 48 0
106624 36 1
185637 30 4
19131 35 2
169691 33 7
84595 42 2
142255 28 10
112617 26 10
62886 35 9
4021 62 7
92116 35 7
20240 45 4
218891 39 4
212924 25 6
107901 33 7
151658 47 1
204828 46 1
206175 51 1
125351 23 4
101346 39 2
79725 50 4
108731 32 6
170096 42 7
7727 67 4
159328 53 0
149078 65 3
184278 54 10
108486 53 1
141642 40 2
145864 30 2
57214 34 4
17401 55 5
156984 70 9
87647 20 4
201482 63 9
23765 42 4
192097 47 9
95680 33 0
79741 50 3
80027 63 6
18704 42 2
99858 35 2
54991 37 2
102016 53 10
177483 32 6
146116 44 6
167612 49 2
102006 25 3
29059 39 6
106308 40 4
40530 28 8
74555 45 6
166272 43 3
134832 52 0
33380 30 6
30313 32 2
77074 29 1
88850 60 0
3898 33 2
144666 46 9
72524 38 0
138638 56 1
127230 45 6
144025 37 4
102450 56 10
28928 46 10
7910 61 4
87235 57 4
89754 59 5
208500 45 4
100132 41 5
102454 70 3
85657 38 6
10660 31 0
53711 39 4
56430 22 4
179162 37 2
219683 14 7
32154 31 0
190039 48 1
182839 39 1
141092 36 1
58681 44 8
123180 29 2
50075 52 3
218311 26 0
118055 36 1
122164 63 5
149658 41 4
60273 61 2
185137 47 0
192669 47 4
28374 26 0
44951 20 3
55693 51 10
77864 40 8
188289 34 2
134210 53 8
216737 37 4
170392 45 0
178248 56 4
158828 37 1
211442 25 6
85037 19 0
14689 43 0
54504 60 8
128855 37 1
212826 25 4
188526 59 9
85345 43 4
7563 42 4
144085 37 10
80897 53 2
105827 30 2
53215 39 9
173614 49 10
168485 68 8
115398 61 2
29446 61 9
66887 45 8
72153 51 6
140949 34 0
789 12 4
36450 63 9
86432 57 8
164134 48 8
192323 28 6
177261 29 0
139440 36 3
52639 60 2
18099 47 10
150779 67 9
157873 61 7
188005 40 1
21754 48 4
145677 41 4
40641 58 7
160176 47 4
115919 52 4
65073 28 1
6894 60 6
185439 25 7
136551 50 0
215188 48 6
142669 37 2
41620 25 2
15898 62 9
40132 33 5
112431 50 2
176245 44 1
122470 35 8
199900 28 0
156654 38 9
28228 47 10
132543 63 7
198589 34 4
66150 26 6
109485 62 4
173012 27 7
129264 30 4
208050 34 6
198974 24 4
199827 40 4
37112 45 0
179299 30 6
104520 53 4
62242 61 4
165166 47 10
195554 38 4
80447 58 2
131601 39 2
135818 48 6
77500 59 2
92834 35 2
158543 41 4
153730 35 6
65367 65 6
169888 37 2
129716 45 6
26554 35 6
185590 30 4
82678 34 3
81701 35 2
27164 46 3
9406 33 2
219077 49 4
48933 21 0
178488 40 4
80947 47 8
208037 53 7
203381 37 2
64657 30 10
197193 21 6
20993 49 2
41028 38 10
45828 39 6
108267 66 4
63048 55 4
82013 36 2
6988 54 9
58727 41 9
26949 52 7
129009 32 7
173214 49 4
86922 51 6
214653 50 4
108344 55 5
186350 45 9
56302 34 4
159120 64 9
185582 46 4
162972 53 1
161098 33 1
168569 46 7
36848 25 9
12775 45 4
66552 30 0
53076 55 4
81876 43 9
101929 60 4
119037 25 6
29333 37 4
140105 37 1
63439 52 1
152301 51 2
181645 65 5
169853 60 4
57450 70 6
114968 68 1
173594 51 7
18736 32 6
169433 43 5
177114 44 6
58711 32 1
18837 31 10
206748 34 6
50601 54 1
16800 32 6
21469 49 8
142434 23 6
34971 36 3
10182 36 10
83662 50 4
145106 47 8
79632 31 2
176953 34 2
37651 29 9
12782 40 1
26955 30 6
115663 24 4
139186 40 8
218972 28 0
124667 51 4
53477 58 7
30745 58 7
184688 35 5
200486 53 8
101567 24 4
209133 39 10
132434 32 1
1884 68 6
33206 44 2
117211 49 5
82273 50 0
122915 29 0
189011 55 10
174169 24 7
48671 42 4
96792 54 8
119442 22 3
65038 45 6
150934 27 6
31580 38 2
75986 29 0
133120 55 2
66493 23 8
61448 49 7
13522 38 6
217207 41 0
163746 25 2
35134 39 6
220732 44 4
52386 40 7
138251 55 7
136993 35 8
142431 48 8
96933 34 4
103117 26 2
86041 34 3
86466 45 1
140880 58 1
66368 33 4
37175 50 6
79102 40 4
41053 38 2
13741 42 0
42790 27 3
43652 48 4
181623 44 6
23660 46 4
145795 55 9
63210 37 7
117216 33 8
119388 32 6
178565 45 6
121303 39 6
48222 43 4
195799 61 7
182047 40 4
165626 29 6
48237 39 1
90037 31 5
84622 69 7
214630 51 1
109620 30 4
72421 63 10
213557 64 9
82572 59 4
148254 28 6
54057 20 6
14647 33 6
142893 50 7
118185 32 2
85445 46 8
202183 28 7
211909 39 10
51781 51 0
152218 41 4
190786 38 4
46749 28 2
178218 60 6
64417 39 6
190111 43 3
33789 31 6
562 43 6
7145 52 1
174667 38 4
36058 38 7
174707 60 8
24211 35 1
210410 39 9
209689 43 4
76728 31 1
97135 33 1
37312 46 7
140968 29 0
56334 56 4
115158 61 4
187411 31 0
144111 32 6
9780 10 4
149578 52 10
203935 26 10
155285 45 5
93747 68 5
199958 36 2
90572 56 7
69338 28 6
208118 27 4
185406 68 7
59734 48 4
85783 31 4
109317 49 6
70941 57 7
24085 40 6
171570 38 4
116598 64 4
101386 24 1
91528 64 5
216920 49 2
204922 46 2
21169 37 4
115002 32 8
147233 52 3
10167 31 4
109314 44 4
132161 55 4
28763 38 7
1389 32 2
58054 62 9
191476 47 9
165715 39 2
84292 36 8
95818 32 4
182042 43 5
116612 41 8
195369 69 5
119475 59 4
119237 26 0
25984 44 6
153635 52 2
55564 62 6
46045 43 4
168360 39 6
43584 29 5
47137 57 4
51930 30 6
44386 42 1
86763 45 1
189123 62 4
143496 37 2
101583 32 6
209412 44 1
64849 43 2
152371 38 8
97598 48 5
132580 64 3
94776 31 4
111413 48 5
13800 46 1
17261 64 5
96930 31 10
105701 36 9
152339 49 4
181614 30 0
142813 52 1
191531 27 2
86728 43 6
87793 33 6
200458 50 6
92274 47 6
145044 26 6
213574 52 3
48609 37 4
72814 26 2
189527 40 8
138545 38 6
114524 47 4
4239 34 1
62238 42 2
1913 49 8
8224 63 2
19127 43 2
11932 44 1
80648 33 2
15470 22 0
91853 44 4
50753 28 2
205239 23 4
158562 42 8
85699 37 6
157545 53 3
160163 47 6
39467 22 0
60176 50 7
173044 41 6
136026 37 4
47601 37 0
159004 36 4
38383 36 2
170578 59 8
165801 50 3
162662 56 4
203743 32 7
23025 61 3
93531 47 8
49591 44 8
26343 55 4
119300 51 9
88710 29 0
149693 33 4
66322 52 8
203931 52 10
52948 54 4
96414 48 10
164032 64 2
172092 27 0
79267 23 0
146487 39 0
162189 32 2
133714 30 2
126246 44 7
104642 51 4
70154 43 2
29811 62 5
155603 55 2
212629 39 6
187420 57 9
124123 47 7
38630 45 1
114564 41 7
4313 42 4
181808 36 4
154402 47 4
177019 27 2
25000 30 4
33118 66 7
166960 51 4
166949 33 4
170976 40 6
179667 42 7
103248 46 4
90980 62 0
182418 32 0
93777 66 5
83186 40 6
59411 43 5
37399 41 8
80535 63 6
182868 63 8
2609 47 6
66038 32 10
151975 42 8
81719 34 1
150686 58 4
105446 45 4
98084 53 0
189582 42 6
72994 46 2
46412 50 4
188780 41 6
68209 24 8
127194 44 1
189484 34 2
116172 29 9
61868 49 4
744 38 4
88060 59 7
105861 52 7
78058 47 2
194792 51 8
109717 26 4
193648 37 8
124648 48 3
199679 26 0
170400 62 0
67094 39 0
81409 37 7
57224 35 0
109311 31 4
26890 64 2
59745 39 3
122257 48 8
40916 47 2
118128 27 0
219167 23 3
161351 53 2
43403 35 4
986 52 10
120649 27 6
203976 49 8
65284 49 1
192488 49 2
184749 36 10
165576 50 4
193086 20 8
160775 19 7
188167 38 10
167162 35 6
3247 40 7
39520 39 4
219545 53 4
147025 60 6
153994 33 6
133087 37 8
184692 60 5
164894 45 1
115406 27 2
137832 30 0
129544 58 9
45062 17 6
171242 47 5
98008 45 5
103084 43 1
42103 52 2
45787 51 8
218030 46 7
11823 48 2
98277 53 4
207820 57 4
105696 33 0
128775 30 5
63745 42 8
128927 20 10
98867 35 2
170650 50 9
10510 38 7
188379 53 8
42197 61 10
175019 31 9
115192 40 8
79962 50 6
152730 57 6
130139 25 2
157458 61 4
96413 62 2
128586 17 7
15827 40 0
5443 68 8
168499 30 4
67476 49 3
74363 36 2
49822 31 2
207867 47 7
204689 54 7
127843 23 2
102259 38 9
48800 31 1
103357 51 7
167764 46 8
18615 37 2
153849 41 6
160755 37 1
183977 24 1
206015 42 1
138945 50 4
45342 33 0
87287 44 0
32592 48 1
106100 53 9
1482 58 0
116635 39 6
195584 36 2
142571 65 8
182172 35 3
148854 41 4
134707 42 4
201935 40 2
140592 23 0
152715 47 1
94384 70 5
27470 47 1
189149 62 4
188724 65 3
129568 61 3
29663 42 4
30897 68 7
171869 50 6
136056 37 6
95511 35 6
168034 47 7
172591 36 2
138271 55 4
115655 58 3
210373 51 4
54874 45 10
15859 50 4
163506 39 2
133521 28 7
115563 55 10
59471 23 3
198550 33 8
83651 41 2
217267 53 2
104308 40 0
219144 43 6
40328 42 2
146080 65 2
195384 28 2
111957 61 4
74343 55 2
112593 64 1
50689 28 6
77026 28 0
99764 64 9
103667 32 10
51139 28 0
106906 45 2
8314 43 1
131592 49 5
197205 23 9
71308 40 9
60171 45 6
76099 38 6
192001 48 4
10061 49 7
199360 65 2
119079 57 8
158798 45 6
66280 32 4
165638 47 8
162724 38 2
203807 67 9
56848 68 1
172436 62 5
157647 57 8
203973 62 4
134898 37 2
29101 47 1
43187 42 1
152028 41 7
122920 33 1
203630 40 2
45152 40 4
179220 47 3
16298 62 8
136446 34 2
22344 41 4
195939 51 0
173150 45 2
393 45 9
205874 23 4
156494 40 6
21122 60 4
214980 12 6
164947 30 1
114940 32 2
188587 15 10
144955 33 0
205751 31 4
75311 63 2
156068 31 6
23694 55 8
53027 35 6
190612 40 0
78281 64 8
125828 40 0
62544 51 1
118023 62 4
217819 56 1
52100 61 4
96154 44 7
138130 40 4
23787 41 6
20845 49 9
9577 47 2
167379 32 2
31147 45 2
85682 31 6
85549 41 2
6358 45 8
188651 39 1
133306 29 8
102481 44 6
54946 38 2
121332 43 8
157204 35 0
192697 45 3
29320 61 8
31463 57 3
207397 37 3
96774 66 4
125193 36 2
127125 47 4
219400 47 8
30056 43 9
29951 61 10
57088 62 0
147846 44 3
171939 59 4
106544 44 10
184606 74 5
75277 69 6
42654 20 0
96127 26 2
140805 49 8
32315 41 2
90741 37 6
38440 44 2
99333 55 6
162181 30 2
215464 30 10
120477 28 6
74051 54 1
78831 49 7
99046 54 9
183112 47 10
201760 60 1
204012 18 2
105078 54 0
134658 52 0
154638 55 3
64281 61 0
192729 43 4
214699 61 7
151300 43 4
123113 37 3
127038 31 8
29605 31 2
839 57 9
45553 57 7
68374 50 6
153454 51 6
21571 25 6
41204 34 7
104433 39 2
214130 46 6
70156 32 1
203393 33 4
150234 29 1
142825 32 10
205550 43 8
209400 42 1
188941 62 8
97021 49 4
207823 46 3
118942 22 7
89217 34 4
44210 58 6
9571 58 10
103773 59 2
220534 24 0
191322 63 9
214145 38 6
39593 31 1
165024 36 1
105395 54 5
157188 60 4
155805 40 10
145094 39 1
144811 27 2
73424 35 4
140928 45 3
538 43 2
148957 43 4
30051 43 1
191443 25 6
178653 30 6
92272 39 4
142373 36 6
83644 44 0
93350 29 7
47236 35 10
66086 50 6
7152 23 1
129599 52 6
59132 50 4
194982 40 8
24911 48 4
27450 37 8
211916 36 3
195977 61 4
115676 38 3
92068 45 6
208393 35 2
209930 23 10
41408 35 6
199169 46 4
124512 37 0
143563 23 6
189861 60 9
162880 51 1
59091 35 7
148888 45 2
77043 41 0
156559 47 5
422 51 10
165430 45 0
181847 33 4
13849 46 9
139763 53 10
61143 60 0
31787 56 8
167416 47 6
172328 54 1
100853 36 4
47875 22 1
196809 32 8
202688 48 2
37702 62 5
19130 35 0
117240 25 4
73719 33 2
138467 48 5
209058 53 6
47762 46 4
166330 54 6
8884 53 6
51017 35 5
51005 29 8
123388 44 8
70997 61 0
203410 46 4
209758 20 4
129137 33 6
83482 49 8
177677 42 4
159844 46 10
35730 34 8
71378 23 0
48698 31 2
4598 35 10
132714 64 5
69085 33 6
216138 45 10
155228 33 6
115263 27 4
125536 60 0
43380 62 9
62836 26 4
35401 41 6
185545 56 10
185969 43 9
100386 41 9
175638 48 3
67113 51 7
204033 40 4
139122 55 2
10121 32 7
99443 35 9
147060 37 1
13437 43 2
43022 60 2
38260 34 7
158993 30 1
131100 36 2
71085 48 2
130768 50 1
96969 62 3
112157 31 3
10803 32 6
163179 48 0
21823 48 1
47332 47 1
50171 29 5
178253 31 7
35338 33 6
53599 50 8
157600 51 1
5057 41 5
80412 38 8
174143 41 6
74089 34 1
199391 49 0
76054 49 6
169280 57 2
218246 50 5
31928 41 6
208923 41 4
48537 40 2
101439 37 9
106383 58 2
149088 30 7
127831 45 7
84835 66 2
128184 60 2
4757 44 8
129191 57 6
183437 46 6
29822 38 0
154903 64 0
175311 28 10
169322 36 0
88956 24 4
212448 63 6
184937 39 6
217690 46 9
84204 40 5
1879 38 2
6888 34 1
146115 58 2
168098 54 7
100360 61 4
73500 40 6
201676 35 10
65725 53 1
174055 37 8
89397 29 7
198013 39 8
93858 27 3
55258 36 7
206430 28 3
191053 34 10
15530 37 6
81262 60 3
8700 56 7
191278 53 2
205471 62 4
49400 44 10
137308 33 8
194410 47 2
36018 29 0
158561 45 1
136859 39 4
42811 22 2
160021 35 1
12118 40 6
133950 59 10
147438 50 4
154886 38 2
166019 35 4
140711 35 4
8141 51 5
38945 48 6
77269 39 8
183852 48 8
86437 69 9
33259 57 4
71075 22 3
114490 35 0
142580 38 1
136564 53 8
39374 22 0
13054 42 10
62318 38 10
166551 26 7
117954 30 6
151619 40 8
130389 53 4
214656 48 10
11965 25 4
56502 34 2
83610 17 4
92052 26 1
166590 34 5
127094 66 9
17799 49 6
82225 39 2
16680 37 1
186537 31 6
75120 63 4
69184 50 7
84111 29 9
190699 56 4
189176 40 4
184720 35 8
160939 46 7
29399 61 5
17572 47 2
194730 36 6
58988 35 3
87575 40 4
119920 40 2
146033 57 4
21416 46 7
75554 43 6
84105 32 1
206043 37 2
168590 51 1
74483 34 1
102535 30 1
12964 31 1
154941 50 8
105471 33 2
106908 53 8
158777 37 4
184421 46 0
46244 40 7
213338 29 9
152073 31 1
201839 40 8
17447 37 4
158254 44 8
59554 37 4
99615 43 1
170593 30 6
21052 29 1
20272 26 2
160083 46 1
9476 54 5
17821 31 2
110465 57 8
27913 61 1
146585 44 6
10587 37 8
159622 47 6
81672 57 0
82643 55 4
90044 50 4
24704 44 1
66741 37 2
27640 55 0
15245 44 3
178813 18 4
143073 23 4
171661 27 4
203711 61 4
104128 46 6
125716 52 0
146255 59 5
149668 40 2
19090 71 5
208404 47 1
30952 28 2
8869 33 1
169717 38 4
121650 43 7
33572 30 4
211043 39 2
189908 50 4
89449 36 7
13819 37 8
20277 53 10
190704 44 4
65467 46 2
196847 28 2
33710 43 10
183574 44 8
159098 43 6
72467 55 6
124526 53 4
189342 51 4
94347 46 1
115939 24 10
220538 42 7
52039 42 0
161584 34 7
131709 48 4
186190 38 1
53310 38 4
100104 26 1
130255 39 2
80375 66 8
25181 32 1
188596 34 1
17837 35 4
183459 56 7
3704 23 2
192141 57 9
118113 39 7
182826 59 8
84715 32 2
31837 32 2
156895 36 2
47567 34 2
218930 35 2
185835 34 4
166584 24 1
7117 44 10
182070 37 2
76800 45 0
167232 49 4
151637 59 2
185630 22 6
83166 31 8
168152 16 0
197458 52 9
187314 66 5
34093 48 0
28791 34 3
186655 37 5
4919 31 6
197476 61 2
162836 18 0
155601 48 1
206141 27 2
63036 53 6
138486 61 2
27554 34 2
217329 33 6
87295 26 6
98975 54 4
75861 72 2
114725 23 1
92928 42 7
116368 31 7
46220 37 4
29637 44 8
160172 16 2
77145 53 1
206823 26 2
58531 48 10
190565 25 2
31736 25 2
61400 37 1
107281 19 4
39143 63 9
116972 62 8
98991 43 7
197457 47 4
206075 45 8
23823 38 4
125721 57 8
21345 61 10
139103 46 6
220359 63 7
141982 56 3
55920 36 2
79316 61 3
148923 50 8
196471 61 10
193325 34 4
215008 52 7
106872 19 0
432 68 2
98118 34 2
146006 61 0
130903 48 2
45339 35 2
188265 37 7
154891 52 2
188721 44 1
122307 37 4
41529 32 6
39867 52 4
118960 32 2
94000 53 6
184374 59 5
153611 35 2
107161 40 2
101712 71 7
126288 35 4
209680 37 4
161397 33 6
123003 36 7
123731 49 0
193736 33 6
126423 40 4
199348 38 9
176139 50 1
160559 67 4
182595 32 2
216603 41 6
218731 46 1
103849 54 9
59695 44 6
109100 64 8
201867 48 9
69026 29 0
122004 44 0
98840 31 1
84628 42 9
128101 30 2
203020 32 2
158799 30 2
124626 57 0
78416 52 4
71949 65 7
61670 56 8
59720 34 2
170887 35 8
210974 31 6
11219 55 2
169074 66 3
7100 37 3
43639 48 8
25407 32 6
80125 65 9
143476 58 4
1463 37 6
117397 39 4
188885 41 6
72178 29 4
133868 33 1
78464 57 7
149109 61 2
145192 40 3
200670 61 8
62969 43 7
33884 41 8
81465 53 3
204462 61 2
162254 42 2
109404 48 2
123980 35 9
61740 52 2
205680 30 6
44891 32 2
191445 33 2
160801 25 0
17780 63 2
197357 49 9
208418 43 7
144654 27 1
54727 47 8
160206 52 4
194040 53 4
83336 62 2
111778 61 7
172702 18 0
3056 43 0
47766 44 6
161826 14 0
45822 27 0
176043 62 10
50723 35 2
13931 54 9
123535 62 7
219942 39 3
21619 41 10
158374 42 8
203883 33 0
110574 64 3
30214 59 4
178116 45 7
94620 36 4
151185 50 7
48020 53 1
199627 51 8
186788 31 10
143288 59 7
214427 30 7
177772 23 4
34694 43 0
115209 56 1
47692 31 10
187542 35 4
165455 35 2
124847 56 10
101795 27 6
86617 51 0
72335 44 6
166892 37 7
220809 58 2
139239 56 10
109808 41 4
50969 46 2
202845 34 0
137002 53 6
146938 58 3
278 32 7
38035 30 4
187291 63 4
32284 25 0
7161 53 6
110879 58 8
20662 45 6
44712 66 8
204463 65 8
163837 50 6
23887 54 6
5874 27 0
179600 36 10
70874 49 4
89085 50 8
79629 63 6
157692 43 10
14726 33 4
28123 35 0
216223 40 10
195492 18 2
112966 52 5
151419 40 7
102373 46 3
160946 34 9
9408 46 4
66466 54 4
194454 35 4
206354 37 7
184588 39 1
158723 53 9
173318 45 10
36214 23 1
35087 35 4
179544 56 6
23212 34 4
160072 61 7
214366 37 8
9214 45 8
220279 43 6
52899 60 1
77041 31 2
119012 29 8
126380 34 10
20154 37 3
116020 51 2
4717 43 2
66627 54 7
58623 21 0
70375 57 10
93374 41 2
161326 52 8
6842 40 6
193685 56 7
145872 48 10
103808 48 8
178884 51 0
60034 47 1
31669 44 2
12444 29 0
217622 55 7
60803 43 1
13343 50 6
85499 28 4
63181 33 4
104936 46 4
60302 68 2
170190 38 7
150735 63 8
111616 25 4
28812 65 3
56382 40 8
31057 56 4
55499 43 2
191769 62 4
17360 54 0
39399 32 2
163937 65 7
113909 23 7
130645 42 2
51520 22 4
69832 60 3
172269 40 6
126095 46 1
141238 27 2
138879 43 7
68950 37 10
201774 25 10
186725 55 8
132649 33 1
22992 36 6
52032 24 4
132771 35 10
89253 35 2
87381 20 4
126302 68 7
159265 52 6
218662 45 6
138077 46 2
159383 21 6
195665 42 1
115087 42 2
186128 33 10
184736 54 2
16467 48 5
37622 31 1
26810 35 10
200268 39 2
33925 60 3
129798 27 0
161342 43 10
175302 55 8
60872 31 2
8922 48 6
156734 63 9
23261 41 2
176584 59 4
130919 44 8
120589 63 5
10395 55 5
100639 34 6
150661 63 9
132124 34 6
18386 15 10
149073 28 0
128302 32 0
206876 29 2
196509 47 8
123253 62 9
115956 26 6
146059 32 0
208666 59 4
17982 32 1
73253 55 2
141814 36 10
146391 45 2
139496 31 4
13290 61 10
17726 50 1
163053 25 2
165047 52 8
42722 35 1
131769 37 6
104850 45 10
86327 72 4
2003 42 2
52450 38 4
103021 68 6
105581 21 0
207837 59 9
28030 46 10
52800 45 4
210546 43 8
11563 36 6
70788 22 0
187115 61 4
167551 30 1
136664 65 4
184242 40 3
115690 47 2
43596 36 7
162575 45 6
20513 69 5
151418 51 9
73236 44 1
160052 62 6
15117 39 8
125330 40 3
44254 39 2
42566 52 7
78612 40 2
141025 39 3
111891 33 1
18981 51 6
127437 24 8
167314 29 10
85191 40 2
468 30 0
21200 63 2
53671 29 0
17448 48 4
168006 31 9
218004 45 7
29896 55 6
152425 38 0
70658 63 9
206285 60 3
100648 29 2
190882 38 1
125669 42 8
111691 55 7
21069 28 1
142712 27 4
97732 48 4
196589 38 1
67483 53 4
4755 65 7
6567 40 4
163233 69 7
6969 60 8
170131 40 1
67990 60 1
207278 32 4
19293 37 3
77065 43 3
68514 41 0
128576 36 9
72231 35 5
192024 35 4
96932 32 9
217914 62 7
77724 54 6
43474 57 1
101704 58 8
14684 37 0
210953 34 5
84379 56 1
194446 16 2
59873 22 0
147593 42 0
213256 31 2
216247 32 0
167437 46 2
83193 43 3
9621 47 6
44620 52 4
200765 36 6
114168 68 6
26634 59 1
79922 36 0
75567 64 0
139267 45 9
163339 42 0
16648 53 1
51432 37 10
179969 24 4
40876 66 5
9662 41 2
195881 26 6
50739 46 1
62226 30 6
18159 43 2
13202 40 2
200787 30 2
169021 37 4
149828 36 6
98940 48 8
178969 49 1
204100 31 4
146654 42 4
207712 47 9
42599 39 4
76168 67 5
117738 32 7
24782 26 2
38720 28 6
31094 58 7
219 63 2
59627 38 6
66339 31 2
149836 48 6
178771 28 2
52503 44 8
71448 49 4
216004 47 1
99574 44 2
174098 38 4
90104 19 10
213932 64 2
192734 43 8
16949 48 6
187911 39 4
179387 16 8
170339 68 3
104595 35 3
214762 49 2
120951 54 7
5628 46 6
150507 53 2
119853 40 7
199049 45 4
202358 46 2
114298 50 8
107650 28 6
188220 33 2
142958 45 4
121948 40 9
179568 33 2
184361 38 7
146174 46 4
200117 42 0
16916 46 4
22738 29 1
180491 51 4
213661 52 1
161444 52 6
8978 42 2
1151 53 7
54737 27 2
96770 44 10
189946 42 2
17949 48 4
82538 41 4
187153 35 1
13537 38 2
120286 39 2
200996 36 1
155474 47 10
2622 56 4
99035 28 6
517 31 7
215137 41 6
125425 51 9
132823 39 1
43002 37 2
87912 31 6
132828 40 2
189541 26 0
66087 48 6
177101 21 0
183245 35 1
105482 66 1
112467 58 4
85488 67 5
62127 62 5
3539 46 9
175017 24 4
101793 22 10
86734 34 4
85693 34 4
179165 48 9
80202 49 0
185774 44 8
137931 56 7
124147 45 6
209183 43 2
72372 52 10
12337 19 6
207845 33 7
65054 44 5
66945 54 5
190829 59 8
82406 42 4
27357 57 5
120618 42 4
75015 61 4
61931 41 2
122030 47 7
211418 35 7
139781 35 0
211226 65 4
219876 56 6
19604 36 7
146060 35 2
170244 36 4
147653 38 3
127474 72 5
161675 49 3
78357 47 2
95287 57 7
86076 39 5
64305 38 0
219487 54 4
150723 33 8
28387 34 1
202833 51 7
212737 31 2
159153 69 8
175596 44 1
160098 60 6
209073 54 4
65344 35 6
103317 44 0
47664 26 0
132676 41 8
140245 54 6
2727 48 4
171417 26 1
154694 35 4
59856 55 4
66835 38 4
117389 67 0
133960 44 6
123374 60 1
149732 39 0
121562 34 2
26858 53 7
102658 36 1
81415 42 7
199723 53 2
201698 36 1
49844 67 7
165227 42 6
82540 18 2
181396 37 2
13978 38 6
178581 61 10
213990 37 1
196352 46 1
69677 37 7
26913 49 2
101536 36 2
30783 26 4
127288 33 2
111992 45 2
203156 41 1
91731 61 10
56748 56 4
133404 33 1
96566 52 7
65663 37 7
207929 32 2
29657 26 6
216404 41 8
78856 63 4
156868 58 10
215810 51 2
183850 40 0
104964 59 8
40891 44 7
75096 38 0
213739 39 4
51105 63 7
197173 59 6
142088 35 2
101766 45 1
177356 50 10
26561 44 4
189594 44 9
41986 51 1
175590 32 6
52150 47 2
200808 31 10
203868 27 5
7410 34 4
188743 47 4
78740 53 8
46850 65 6
95748 27 6
219048 36 4
170479 42 8
28785 66 0
114213 23 10
39804 69 7
58863 50 1
177990 68 5
58514 49 6
39552 46 7
154806 34 4
112007 26 10
5116 66 3
148153 36 10
115248 41 1
35381 27 2
53354 40 1
104349 35 1
77695 43 7
168382 56 9
94766 23 0
62355 41 8
52634 31 6
220365 53 4
182238 67 5
84228 34 7
168459 38 7
6018 47 7
220674 40 9
89121 26 4
144091 61 5
213029 70 7
120716 26 2
120566 38 0
60240 55 0
158102 53 7
20783 29 10
216067 64 2
206433 26 4
161788 48 6
145633 45 4
219320 46 4
46516 34 10
138734 33 1
197424 37 4
48699 43 8
190363 28 4
89904 49 10
59739 30 0
104360 57 1
27041 30 2
42582 28 0
42526 21 4
7526 34 7
88067 54 1
142748 53 5
56200 32 6
136813 56 6
113193 33 4
103471 55 3
2143 30 6
36649 58 7
44785 38 1
37352 55 4
155600 27 0
120864 42 4
134332 70 9
149474 47 6
95642 40 6
46865 38 2
118218 61 8
206790 26 2
123931 34 4
111710 49 1
82819 44 10
45390 43 1
168154 53 2
65272 55 10
167703 38 0
78057 34 4
171031 26 1
151404 28 9
109739 53 9
21616 51 6
12495 46 4
8309 28 7
29953 35 10
200403 30 0
93491 34 9
72215 50 6
191131 51 1
182627 59 5
39052 66 7
137921 39 0
20594 57 1
120435 31 6
122683 28 6
78553 36 4
220185 24 4
158252 62 8
32399 39 10
104491 70 7
202483 55 3
32978 40 1
146649 51 4
6269 28 4
113163 26 10
200101 51 10
64320 39 4
55926 36 1
174331 38 4
74022 57 9
168375 51 4
217071 46 2
104760 36 0
82898 45 0
155072 26 9
166696 70 4
3378 44 1
59925 65 7
191129 39 6
111208 43 2
981 48 5
57452 50 10
206152 57 7
20581 59 3
73512 24 2
104385 33 6
219568 42 2
39057 68 9
90404 30 0
108110 27 6
55420 47 7
146428 28 6
94188 32 4
190587 59 4
151545 21 0
107173 63 8
60860 35 7
13368 22 7
107499 46 1
72551 52 4
142142 28 2
218579 47 7
124670 44 1
130397 40 7
63385 27 4
17409 68 8
58338 51 4
174769 62 9
195882 47 2
147564 24 2
45482 38 2
143071 32 4
57227 56 4
44924 26 4
66300 34 1
94417 32 2
153307 42 7
147549 42 4
86426 54 6
12547 45 4
143156 56 6
146310 57 2
30550 21 4
213945 72 1
168969 50 6
184096 41 0
87952 48 8
197040 45 7
162213 65 3
113998 37 1
213884 23 10
131569 38 9
133659 41 0
59083 50 4
34303 48 2
106686 48 1
142322 36 4
185759 38 7
180807 50 4
138794 34 4
165652 33 10
99608 36 8
28267 22 0
130085 38 1
96918 35 4
2208 39 7
189835 30 6
204190 27 0
107727 62 5
183357 23 2
154762 27 2
169487 31 1
16681 42 2
54478 65 9
178605 61 10
54236 46 0
105239 60 7
172491 38 8
70547 40 2
72550 46 5
35268 38 4
95141 61 5
7866 70 4
71067 52 7
80882 68 5
11692 66 5
5266 51 9
131918 38 2
199015 39 2
134438 44 8
186641 61 5
180010 42 6
40342 33 1
21799 58 6
195336 53 4
161012 48 1
99675 42 8
126368 53 7
142136 43 7
211045 33 10
6548 55 9
60839 41 3
125883 52 7
62459 60 2
67487 45 6
106260 46 2
96618 55 1
213226 27 2
164003 51 4
67034 45 6
84689 42 2
21778 58 2
61496 40 3
161837 64 3
152167 63 8
178288 42 6
220798 34 6
138211 45 2
209477 36 2
41048 54 7
139683 30 4
115504 25 6
8820 52 5
53210 35 5
72001 32 5
27121 28 10
77946 60 7
205329 38 8
46519 33 6
184646 54 5
102577 65 3
54014 54 9
76324 40 4
151387 39 2
179720 35 6
57680 51 3
110320 36 4
77474 20 0
198289 57 6
60358 57 1
61533 41 0
83779 34 4
162858 52 8
91246 52 8
194467 39 4
134604 64 8
88694 40 6
42679 49 9
205386 57 4
182422 41 2
156910 31 7
182129 30 4
6698 59 4
56173 58 6
78955 65 7
169689 56 4
29237 36 2
218469 54 0
111713 28 2
181305 37 4
74398 37 10
91222 46 6
157179 38 4
199804 64 7
109494 47 8
137263 46 8
219688 40 4
94265 39 8
52232 62 6
72980 24 2
74909 70 1
211411 29 1
176708 45 8
204380 38 4
174488 51 3
195115 43 7
70719 39 1
164645 37 9
7166 44 10
130649 35 4
7072 41 1
44836 42 1
218238 34 2
32920 49 4
18098 34 2
180655 35 4
32692 39 1
174061 29 9
169302 43 6
12944 58 10
109819 46 1
193249 47 6
11204 14 2
182894 29 1
29719 52 4
128054 51 8
127254 46 4
43704 45 2
105022 31 6
59635 29 0
166638 54 2
70315 50 4
187721 43 6
211113 39 1
7778 47 4
219635 40 2
44706 55 1
27407 32 1
61821 31 6
59907 38 6
138232 50 7
132186 53 4
717 52 8
196384 39 7
22622 41 1
130307 46 1
141867 30 0
180528 40 8
41656 23 3
148932 36 2
27044 44 0
53533 58 8
203758 27 0
169746 43 1
220091 37 8
121306 50 5
114437 54 7
72020 39 6
195464 39 1
201900 53 4
196635 50 4
152485 40 6
139457 39 6
56088 61 8
156959 26 1
116833 33 1
164339 55 4
167666 43 4
98107 47 8
19552 46 9
3078 35 10
130465 41 4
89939 28 3
219753 61 4
60373 37 2
67772 66 4
174672 42 1
3418 31 10
138655 52 7
206317 18 2
174013 41 4
189090 32 0
24009 52 7
85606 40 7
23926 44 4
41160 42 2
190498 48 2
178212 39 2
108495 62 2
134079 66 3
8707 40 6
39760 40 2
52084 45 4
201538 67 6
168111 54 6
121628 33 2
58224 36 2
91769 33 6
25861 37 3
94078 45 2
40946 23 5
214799 50 9
169700 50 1
219873 32 1
74364 39 6
98942 39 4
8899 44 5
159939 33 4
29573 50 3
183861 36 2
1429 63 5
207653 43 10
100155 20 6
147420 31 2
46053 65 9
82213 42 9
69300 41 2
52600 29 2
211990 41 4
162851 32 4
184789 48 3
135145 60 1
82758 43 2
54028 38 4
34781 35 6
123885 60 6
40402 45 6
220356 41 2
188397 41 6
157895 68 8
98785 39 4
34533 48 4
39675 45 4
216376 56 6
55943 34 2
143907 44 1
216990 28 0
162008 40 6
40208 50 9
49382 35 4
99654 46 6
54239 61 2
117233 61 0
73707 37 4
174623 53 8
37624 55 6
157968 45 2
77228 66 7
9466 40 6
180565 47 3
105621 25 0
164930 50 8
42739 49 4
75907 24 2
198162 39 2
196018 48 1
128778 32 7
151469 49 2
63628 47 8
180852 60 9
124230 42 10
32953 23 2
155687 55 4
182382 20 0
145413 54 4
67966 66 0
81139 59 9
48895 40 3
26802 58 1
172582 50 6
179936 39 4
60322 50 6
105385 20 3
110604 63 7
170366 58 6
144912 27 1
196219 39 6
207304 45 4
191508 38 1
68028 60 2
44835 40 4
115678 56 6
214797 38 9
104501 38 6
127703 38 7
22131 44 4
168391 33 2
74648 32 2
185833 45 6
135931 35 2
27344 26 0
34479 42 4
84900 52 5
38025 58 5
165719 37 10
132078 56 7
115369 51 8
143867 59 7
160468 39 2
209223 60 3
176297 50 8
62140 60 4
199090 50 2
144395 46 1
101148 35 5
59811 24 9
97629 53 1
180606 36 1
121568 42 2
37767 39 4
31457 27 0
200829 49 1
40564 40 1
11801 54 4
177406 48 6
155991 53 6
123013 34 2
68175 59 1
210345 68 2
124187 42 5
121557 41 7
19189 62 7
28910 66 3
119767 37 1
20210 36 6
138277 42 1
182247 50 6
57218 41 6
112975 48 2
137449 55 9
24833 69 1
13880 42 4
57028 27 10
36881 26 6
155658 25 6
109089 21 4
116642 46 4
195021 44 6
56269 50 3
9820 22 0
117361 35 5
205453 49 4
128902 39 2
106289 30 10
205568 53 1
28924 36 5
122037 45 2
43332 33 1
120916 31 7
7428 27 6
76452 34 4
158506 48 7
55334 60 3
78454 49 7
158475 64 5
145059 56 10
5760 29 2
85756 48 8
205418 26 6
179493 36 4
132310 51 4
19887 50 2
181751 41 6
17935 68 2
137025 45 0
26228 59 0
159825 27 6
98429 34 2
148969 50 4
88107 54 1
31554 31 6
26204 38 1
66232 31 0
216306 33 7
99498 31 2
155293 56 0
11196 30 4
61146 26 4
25643 35 1
26827 35 3
132746 50 1
189787 49 2
53152 35 4
75552 51 2
87061 50 4
175646 31 6
86933 38 7
15317 65 7
112357 31 2
140952 66 9
410 67 4
83112 63 6
100269 29 0
13229 37 2
99980 67 4
22821 53 2
114332 41 10
59062 49 6
152517 38 1
121740 43 4
213894 26 4
25774 65 6
204546 35 2
159337 41 1
213640 41 6
78819 27 2
88814 51 3
165978 35 2
98643 25 7
139555 15 2
27734 47 4
3332 53 4
114946 44 6
139076 53 4
21185 48 3
22387 33 6
14386 51 2
56143 34 4
117306 50 1
139378 63 4
94797 18 0
219221 57 0
37594 47 1
46920 34 2
184470 53 3
10727 68 9
72465 44 5
15972 27 9
42477 61 9
65348 46 2
91146 35 2
88817 45 10
105896 36 0
182893 60 10
36931 37 6
155061 66 6
37858 24 0
4173 24 1
216770 37 6
33383 55 9
189473 27 1
68597 27 6
17154 44 0
25902 21 6
157406 34 1
65660 36 4
117820 31 2
69092 39 4
219832 42 4
42865 63 5
131163 58 8
191127 43 0
108852 34 8
151955 48 4
114348 51 2
213294 37 2
97922 25 6
56714 54 5
23150 45 1
203270 32 6
216790 56 0
151990 42 9
3992 28 10
195078 40 2
205752 53 6
216560 40 0
112140 19 2
161464 63 5
117802 54 5
47894 37 6
27248 72 3
54339 41 0
202924 40 2
157145 33 4
62071 37 6
95740 56 4
7771 17 7
54787 55 4
168048 45 5
142054 39 6
196917 36 4
50149 55 2
50470 40 2
109187 42 2
70797 39 1
100198 42 8
145067 37 1
61229 47 0
146308 44 2
166137 50 4
66180 47 8
65202 59 7
191218 36 4
150155 33 4
147467 31 1
21302 53 4
72197 31 0
117242 30 1
198428 23 7
72970 45 7
189049 27 2
117598 40 6
124888 47 1
121259 49 6
170990 18 2
209728 59 4
127641 58 2
115626 65 6
53086 44 2
134722 56 5
139300 26 6
38517 42 2
11294 65 3
42043 35 6
188589 27 1
144201 31 1
59570 42 0
208664 33 6
217771 43 2
93050 24 4
60306 39 9
115142 16 2
179869 46 10
67184 63 7
99385 38 4
82568 45 6
156913 40 4
36571 54 7
119078 43 2
11130 54 8
183982 63 4
212630 38 7
219984 27 4
177094 49 1
128660 45 2
111543 40 6
162591 20 4
19968 44 5
155194 63 7
124360 33 7
14376 41 6
79752 25 10
208688 54 0
36681 65 4
92534 39 6
10648 24 0
46458 59 1
177972 25 7
72537 35 0
9775 28 2
15494 41 0
204537 44 2
162966 29 2
123392 48 4
84043 34 8
217031 42 8
23200 18 1
111780 26 4
179645 41 6
164722 48 2
173146 62 5
160552 51 4
155077 48 6
150021 26 2
164915 50 4
126682 60 7
130208 48 2
146697 37 2
61478 33 2
184505 37 5
200480 28 0
56272 40 6
119139 23 2
118282 21 8
185809 38 10
158914 39 7
92249 35 6
63311 34 10
145942 32 4
140583 63 9
48255 33 8
197002 61 10
128585 44 4
16539 35 1
158307 56 8
197297 39 0
140599 48 3
87191 42 10
156492 29 7
19537 32 8
143896 35 4
17769 46 8
40551 53 2
104867 47 3
66714 49 10
180085 29 2
194239 31 4
142531 51 8
115625 31 0
158744 25 0
120871 41 4
97951 30 2
185600 48 1
60464 51 4
138034 60 6
65212 41 8
107859 35 2
124487 40 2
7544 49 1
172203 36 4
126550 47 6
185223 26 4
77519 45 2
179503 25 4
29195 21 0
119883 50 4
20054 54 8
142951 23 4
7846 30 4
202544 45 4
106858 61 10
46258 35 4
128647 51 2
110099 32 2
50230 54 8
211637 51 7
213034 25 6
84093 51 1
143687 52 8
117499 66 4
138470 45 2
58946 59 4
121108 30 6
942 37 9
53235 35 5
81037 25 10
54630 41 9
181569 44 7
57129 61 6
169301 50 2
34224 35 10
135677 48 4
205010 23 1
66103 56 4
199340 34 6
220175 50 2
172963 36 7
2206 35 1
46041 63 9
61713 44 8
13753 26 0
131086 25 6
196015 34 4
111847 43 7
23077 52 7
14456 53 1
140198 46 7
193569 55 8
153492 40 1
37402 31 2
124220 54 4
143752 35 7
124743 42 2
1802 50 1
92814 42 2
179375 22 2
202754 48 7
156969 45 4
168050 44 1
27816 28 2
57727 55 10
147555 70 9
204576 53 2
169019 67 3
33326 38 6
176107 66 6
172516 44 4
131831 40 3
141225 55 8
153570 20 10
65059 21 0
60115 30 6
45331 32 4
105290 34 3
68012 58 4
25103 46 1
119473 41 4
217106 64 3
76470 51 4
116348 43 4
123226 37 4
69282 50 1
207008 55 2
74658 67 4
87473 48 10
77997 52 2
21914 59 2
172036 46 2
43553 42 4
90415 46 1
109930 49 1
93918 47 3
220315 23 8
69544 31 4
213162 65 8
130581 33 1
84705 36 4
34209 39 4
68404 62 8
217820 35 4
187677 26 0
80427 32 6
126511 50 7
44260 36 10
139665 39 2
118278 37 4
115515 17 7
61253 43 8
183834 42 10
150813 59 8
85328 56 2
165224 48 8
53043 39 8
220386 64 4
203060 37 8
23114 33 0
190661 30 6
103966 30 10
41253 41 2
65557 54 7
79047 66 9
77523 52 8
107818 35 0
107511 31 1
35864 49 8
176441 51 0
41860 63 4
130184 35 2
186384 46 10
63544 34 2
126239 62 4
23221 31 1
156731 52 8
68107 65 9
76140 51 7
52301 59 4
15099 45 1
99627 57 4
156921 35 7
94295 40 8
27122 42 2
67832 35 2
51309 64 3
21690 64 6
193596 41 2
83233 41 4
103457 33 2
147900 34 4
82986 39 4
81890 43 10
151764 38 2
40766 38 6
119794 45 1
130713 31 0
168706 48 4
86361 37 1
151286 43 1
176753 38 4
14790 36 2
105479 47 10
73663 41 7
138206 57 4
5193 60 0
56880 27 1
128032 66 7
176898 51 8
214899 47 8
183198 29 0
147993 29 7
141161 64 3
111971 41 4
21164 47 4
42937 27 2
117766 35 6
179455 51 7
72334 43 3
80840 62 1
142461 26 0
184801 48 6
163895 31 4
59992 55 6
88499 36 2
113499 33 4
129819 46 4
214293 35 2
187623 33 7
63912 41 6
17207 63 7
202965 56 7
184184 60 8
94669 49 4
81630 44 4
81913 34 10
21997 59 2
136104 55 5
18097 43 6
18998 56 10
45902 65 4
55612 39 4
196520 40 4
86754 25 7
157731 69 6
61151 33 2
115883 45 1
126666 31 9
161025 39 6
174876 62 2
210456 37 3
121222 41 6
219308 25 2
193917 40 6
87935 53 2
132534 29 0
134503 38 6
14249 38 9
83935 54 6
42613 47 9
148033 66 3
34841 48 1
163443 35 6
25028 46 6
189013 35 0
112832 45 6
70060 51 1
147396 43 4
178238 43 2
165352 33 4
55554 53 1
138532 35 6
29358 34 2
149466 60 6
141803 50 7
98842 61 4
114792 54 4
121696 55 2
162872 35 2
72147 30 1
151261 37 2
74739 51 8
108974 33 9
26254 46 7
50054 35 7
184137 36 0
199105 47 2
34007 46 6
90326 37 5
111972 25 0
170754 50 1
176231 60 4
45711 38 3
118321 53 8
134319 60 6
115459 45 3
72553 48 4
27418 53 2
77984 47 4
697 48 1
6692 46 0
14132 32 3
72908 49 9
89573 45 2
98313 41 10
162176 50 1
104337 32 6
88422 25 6
18040 53 5
49584 53 7
96189 35 3
63565 50 4
61279 39 1
93071 20 2
186877 43 2
34793 43 8
151142 27 9
25310 35 7
155424 59 3
96804 44 1
34520 60 1
102233 52 2
27275 36 2
27561 49 4
141213 42 4
171920 19 4
163931 31 4
86451 33 10
189879 39 10
79127 38 4
178019 30 0
120182 25 4
198339 49 6
171278 42 1
25845 21 0
33217 57 1
171552 23 7
32631 45 2
80003 46 6
89124 20 0
47737 15 4
4094 36 4
157846 38 2
146683 21 0
56561 49 8
27599 47 1
116828 63 5
216025 37 6
90629 61 3
109937 50 1
16221 66 5
103396 49 3
21570 29 6
130575 50 0
106370 55 4
14146 29 5
74571 25 2
216931 30 0
41936 55 4
42193 59 4
36647 39 4
211337 43 4
198858 55 6
187571 60 9
196865 65 5
32970 25 6
23590 58 4
92547 56 2
147429 46 8
181762 29 4
58075 71 7
200088 53 4
39845 62 4
30127 52 1
126711 24 10
204873 37 2
141022 51 4
209212 56 2
70045 46 1
76784 40 8
119813 25 0
63747 62 1
59885 37 1
128094 22 2
202297 38 2
208188 57 8
142204 39 4
75145 46 2
34054 40 8
37303 24 10
111841 28 3
140890 58 1
170949 33 1
103990 31 1
158453 49 4
177868 53 1
161583 41 4
8767 40 7
217616 25 3
124337 30 6
217086 66 7
145311 39 1
176835 38 0
92787 48 9
195285 59 9
9423 40 4
56250 37 1
121712 27 4
174753 62 5
2049 52 4
134547 23 2
200868 29 4
66635 64 9
100041 58 0
110416 64 2
21899 52 2
95544 29 2
155881 67 6
206172 52 4
149144 28 9
160216 64 8
192413 45 7
60227 64 7
171995 57 4
125226 29 4
44573 61 6
128069 28 1
140005 43 4
24544 66 8
154900 26 4
198100 25 4
21268 37 8
165354 52 7
109613 65 4
118036 57 5
136454 54 4
208714 51 4
120512 39 2
129849 33 2
96253 55 1
66236 39 4
203013 52 4
21832 38 7
194070 47 4
138452 29 2
84540 41 4
143731 49 6
19043 33 4
158109 56 7
32814 37 9
24227 63 5
215788 58 10
191620 47 7
123318 43 6
161916 35 2
90898 40 4
180864 56 1
86164 56 8
80656 56 4
196505 33 0
9979 67 4
61440 28 6
139935 31 2
16253 47 2
204043 35 4
179087 32 1
188546 29 2
29153 38 0
159336 46 4
18964 65 4
155392 35 2
4169 35 2
71242 40 7
126673 42 5
172131 51 6
7298 26 2
146858 47 10
123059 32 0
42659 43 5
138368 52 7
121714 31 8
60792 50 2
95663 58 8
188277 38 8
190673 60 4
11471 29 6
6700 36 10
115128 64 5
164765 37 10
107236 31 8
188009 57 6
152605 51 5
38179 38 7
105410 56 2
44830 49 2
203461 35 9
36547 32 6
152788 51 7
161437 39 2
8772 35 4
2850 32 1
194199 49 8
96907 21 2
81045 38 0
31857 41 9
167749 49 7
129624 70 9
17602 28 1
22811 50 2
187742 45 4
86227 39 4
196374 47 0
96826 49 1
191637 54 4
127321 57 4
59731 30 1
144244 58 4
172217 46 10
219997 19 2
48988 36 7
45964 28 6
82138 28 2
111062 37 7
41039 56 4
181968 59 4
13408 35 8
161243 50 6
176201 30 1
201892 50 5
170462 44 8
160227 48 6
169738 31 5
179900 29 2
40874 48 2
14515 39 10
165755 70 4
67496 28 2
102298 49 0
31381 27 4
217694 33 4
201521 48 1
213607 45 8
73517 26 1
166472 43 10
106528 42 4
69423 38 6
131896 34 2
73594 43 2
183478 29 6
64942 41 4
14102 57 2
1949 25 0
203273 23 1
199615 49 8
160003 44 6
65010 38 6
52606 28 6
215407 44 2
152612 29 1
153243 47 4
69807 71 7
148206 30 6
213037 68 4
90553 26 6
146623 48 2
90373 34 6
9511 42 6
852 43 1
59492 58 5
143094 37 4
86986 55 7
157497 42 6
201903 34 0
29954 52 9
193528 36 10
62996 30 2
64114 44 2
213854 53 2
98812 46 9
103245 46 3
29100 55 3
155252 31 6
207184 59 7
107003 25 0
218958 49 0
215555 35 0
63777 38 4
217240 33 1
103179 50 4
1916 45 0
216177 44 10
51982 62 1
181922 52 6
33851 49 8
103407 43 6
122192 43 0
52192 51 4
97253 70 4
12297 59 6
181495 41 8
128614 26 4
32314 22 8
100468 35 10
156784 55 1
135575 65 7
195994 15 6
116289 46 7
55885 59 7
216712 39 2
116412 38 3
166531 33 0
154283 44 5
100971 29 9
124343 28 6
99133 28 6
7436 39 2
38509 54 0
668 24 1
122625 50 1
153134 30 3
13036 50 2
62413 51 4
21876 55 2
155225 30 2
125073 26 0
100524 43 2
61271 58 1
15613 37 2
122049 41 2
49652 24 1
115117 38 2
93218 63 1
21574 35 0
71875 46 1
31241 51 6
190457 48 3
185369 59 9
157087 30 1
2194 48 4
85028 17 8
157377 53 2
134129 32 2
57619 69 5
66834 45 4
191635 45 10
218677 16 4
183882 37 6
154089 54 2
76267 31 6
48230 48 8
123026 69 4
139907 52 3
53267 30 2
172382 40 6
162047 35 5
156001 48 2
216466 28 10
80287 52 4
41507 37 1
97611 48 4
74744 40 1
111156 31 10
7571 63 4
71039 22 4
169069 33 7
175911 40 1
6845 63 10
203808 26 4
147530 50 8
14164 34 1
158628 57 6
219824 44 4
